Command line invocation:
    /Applications/Xcode.app/Contents/Developer/usr/bin/xcodebuild -project boazapp.xcodeproj -scheme boazapp -destination "platform=iOS Simulator,id=2DFAFE4E-3C5F-4056-891B-DEA33B097542" -parallel-testing-enabled NO -derivedDataPath /private/tmp/boazapp-acceptance-sim -resultBundlePath /private/tmp/boazapp-acceptance-20260918/ios-combined-final.xcresult CODE_SIGNING_ALLOWED=NO test

Build settings from command line:
    CODE_SIGNING_ALLOWED = NO

Writing result bundle at path:
	/private/tmp/boazapp-acceptance-20260918/ios-combined-final.xcresult

ComputePackagePrebuildTargetDependencyGraph

Prepare packages

CreateBuildRequest

SendProjectDescription

CreateBuildOperation

ComputeTargetDependencyGraph
note: Building targets in dependency order
note: Target dependency graph (2 targets)
    Target 'boazappTests' in project 'boazapp'
        ➜ Explicit dependency on target 'boazapp' in project 'boazapp'
    Target 'boazapp' in project 'boazapp' (no dependencies)

GatherProvisioningInputs

CreateBuildDescription

ExecuteExternalTool /Applications/Xcode.app/Contents/Developer/Toolchains/XcodeDefault.xctoolchain/usr/bin/clang -v -E -dM -isysroot /Applications/Xcode.app/Contents/Developer/Platforms/iPhoneSimulator.platform/Developer/SDKs/iPhoneSimulator27.0.sdk -x c -c /dev/null

ExecuteExternalTool /Applications/Xcode.app/Contents/Developer/Toolchains/XcodeDefault.xctoolchain/usr/bin/swiftc --version

ExecuteExternalTool /Applications/Xcode.app/Contents/Developer/usr/bin/actool --print-asset-tag-combinations --output-format xml1 /Users/beckliu/Documents/0agentproject2026/boazapp/boazapp/Resources/Assets.xcassets

ExecuteExternalTool /Applications/Xcode.app/Contents/Developer/Toolchains/XcodeDefault.xctoolchain/usr/bin/ld -version_details

ExecuteExternalTool /Applications/Xcode.app/Contents/Developer/usr/bin/actool --version --output-format xml1

Build description signature: b4f2f7c32c2f1b62482d15ace819e3a9
Build description path: /tmp/boazapp-acceptance-sim/Build/Intermediates.noindex/XCBuildData/b4f2f7c32c2f1b62482d15ace819e3a9.xcbuilddata
ClangStatCache /Applications/Xcode.app/Contents/Developer/Toolchains/XcodeDefault.xctoolchain/usr/bin/clang-stat-cache /Applications/Xcode.app/Contents/Developer/Platforms/iPhoneSimulator.platform/Developer/SDKs/iPhoneSimulator27.0.sdk /tmp/boazapp-acceptance-sim/SDKStatCaches.noindex/iphonesimulator27.0-24A430-8dc58220667be655e1bcc261a7455254.sdkstatcache
    cd /Users/beckliu/Documents/0agentproject2026/boazapp/boazapp.xcodeproj
    /Applications/Xcode.app/Contents/Developer/Toolchains/XcodeDefault.xctoolchain/usr/bin/clang-stat-cache /Applications/Xcode.app/Contents/Developer/Platforms/iPhoneSimulator.platform/Developer/SDKs/iPhoneSimulator27.0.sdk -o /tmp/boazapp-acceptance-sim/SDKStatCaches.noindex/iphonesimulator27.0-24A430-8dc58220667be655e1bcc261a7455254.sdkstatcache

SwiftDriver boazapp normal x86_64 com.apple.xcode.tools.swift.compiler (in target 'boazapp' from project 'boazapp')
    cd /Users/beckliu/Documents/0agentproject2026/boazapp
    builtin-SwiftDriver -- /Applications/Xcode.app/Contents/Developer/Toolchains/XcodeDefault.xctoolchain/usr/bin/swiftc -module-name boazapp -Onone @/tmp/boazapp-acceptance-sim/Build/Intermediates.noindex/boazapp.build/Debug-iphonesimulator/boazapp.build/Objects-normal/x86_64/boazapp.SwiftFileList -enable-experimental-feature DebugDescriptionMacro -sdk /Applications/Xcode.app/Contents/Developer/Platforms/iPhoneSimulator.platform/Developer/SDKs/iPhoneSimulator27.0.sdk -target x86_64-apple-ios17.0-simulator -g -module-cache-path /tmp/boazapp-acceptance-sim/ModuleCache.noindex -Xfrontend -serialize-debugging-options -enable-testing -index-store-path /tmp/boazapp-acceptance-sim/Index.noindex/DataStore -swift-version 6 -I /tmp/boazapp-acceptance-sim/Build/Products/Debug-iphonesimulator -F /tmp/boazapp-acceptance-sim/Build/Products/Debug-iphonesimulator -emit-localized-strings -emit-localized-strings-path /tmp/boazapp-acceptance-sim/Build/Intermediates.noindex/boazapp.build/Debug-iphonesimulator/boazapp.build/Objects-normal/x86_64 -c -j18 -enable-batch-mode -incremental -Xcc -ivfsstatcache -Xcc /tmp/boazapp-acceptance-sim/SDKStatCaches.noindex/iphonesimulator27.0-24A430-8dc58220667be655e1bcc261a7455254.sdkstatcache -output-file-map /tmp/boazapp-acceptance-sim/Build/Intermediates.noindex/boazapp.build/Debug-iphonesimulator/boazapp.build/Objects-normal/x86_64/boazapp-OutputFileMap.json -save-temps -no-color-diagnostics -explicit-module-build -module-cache-path /tmp/boazapp-acceptance-sim/Build/Intermediates.noindex/SwiftExplicitPrecompiledModules -clang-scanner-module-cache-path /tmp/boazapp-acceptance-sim/ModuleCache.noindex -sdk-module-cache-path /tmp/boazapp-acceptance-sim/SDKExplicitPrecompiledModules -emit-dependencies -emit-module -emit-module-path /tmp/boazapp-acceptance-sim/Build/Intermediates.noindex/boazapp.build/Debug-iphonesimulator/boazapp.build/Objects-normal/x86_64/boazapp.swiftmodule -serialize-diagnostics -dependency-scan-serialize-diagnostics-path /tmp/boazapp-acceptance-sim/Build/Intermediates.noindex/boazapp.build/Debug-iphonesimulator/boazapp.build/Objects-normal/x86_64/boazapp-dependency-scan.dia -validate-clang-modules-once -clang-build-session-file /tmp/boazapp-acceptance-sim/ModuleCache.noindex/Session.modulevalidation -Xcc -fmodules-prune-interval\=86400 -Xcc -fmodules-prune-after\=345600 -emit-const-values -const-gather-protocols-list /tmp/boazapp-acceptance-sim/Build/Intermediates.noindex/boazapp.build/Debug-iphonesimulator/boazapp.build/Objects-normal/x86_64/boazapp_const_extract_protocols.json -Xcc -iquote -Xcc /tmp/boazapp-acceptance-sim/Build/Intermediates.noindex/boazapp.build/Debug-iphonesimulator/boazapp.build/boazapp-generated-files.hmap -Xcc -I/tmp/boazapp-acceptance-sim/Build/Intermediates.noindex/boazapp.build/Debug-iphonesimulator/boazapp.build/boazapp-own-target-headers.hmap -Xcc -I/tmp/boazapp-acceptance-sim/Build/Intermediates.noindex/boazapp.build/Debug-iphonesimulator/boazapp.build/boazapp-all-target-headers.hmap -Xcc -iquote -Xcc /tmp/boazapp-acceptance-sim/Build/Intermediates.noindex/boazapp.build/Debug-iphonesimulator/boazapp.build/boazapp-project-headers.hmap -Xcc -I/tmp/boazapp-acceptance-sim/Build/Products/Debug-iphonesimulator/include -Xcc -I/tmp/boazapp-acceptance-sim/Build/Intermediates.noindex/boazapp.build/Debug-iphonesimulator/boazapp.build/DerivedSources-normal/x86_64 -Xcc -I/tmp/boazapp-acceptance-sim/Build/Intermediates.noindex/boazapp.build/Debug-iphonesimulator/boazapp.build/DerivedSources/x86_64 -Xcc -I/tmp/boazapp-acceptance-sim/Build/Intermediates.noindex/boazapp.build/Debug-iphonesimulator/boazapp.build/DerivedSources -emit-objc-header -emit-objc-header-path /tmp/boazapp-acceptance-sim/Build/Intermediates.noindex/boazapp.build/Debug-iphonesimulator/boazapp.build/Objects-normal/x86_64/boazapp-Swift.h -working-directory /Users/beckliu/Documents/0agentproject2026/boazapp -experimental-emit-module-separately -disable-cmo

SwiftDriver boazapp normal arm64 com.apple.xcode.tools.swift.compiler (in target 'boazapp' from project 'boazapp')
    cd /Users/beckliu/Documents/0agentproject2026/boazapp
    builtin-SwiftDriver -- /Applications/Xcode.app/Contents/Developer/Toolchains/XcodeDefault.xctoolchain/usr/bin/swiftc -module-name boazapp -Onone @/tmp/boazapp-acceptance-sim/Build/Intermediates.noindex/boazapp.build/Debug-iphonesimulator/boazapp.build/Objects-normal/arm64/boazapp.SwiftFileList -enable-experimental-feature DebugDescriptionMacro -sdk /Applications/Xcode.app/Contents/Developer/Platforms/iPhoneSimulator.platform/Developer/SDKs/iPhoneSimulator27.0.sdk -target arm64-apple-ios17.0-simulator -g -module-cache-path /tmp/boazapp-acceptance-sim/ModuleCache.noindex -Xfrontend -serialize-debugging-options -enable-testing -index-store-path /tmp/boazapp-acceptance-sim/Index.noindex/DataStore -swift-version 6 -I /tmp/boazapp-acceptance-sim/Build/Products/Debug-iphonesimulator -F /tmp/boazapp-acceptance-sim/Build/Products/Debug-iphonesimulator -emit-localized-strings -emit-localized-strings-path /tmp/boazapp-acceptance-sim/Build/Intermediates.noindex/boazapp.build/Debug-iphonesimulator/boazapp.build/Objects-normal/arm64 -c -j18 -enable-batch-mode -incremental -Xcc -ivfsstatcache -Xcc /tmp/boazapp-acceptance-sim/SDKStatCaches.noindex/iphonesimulator27.0-24A430-8dc58220667be655e1bcc261a7455254.sdkstatcache -output-file-map /tmp/boazapp-acceptance-sim/Build/Intermediates.noindex/boazapp.build/Debug-iphonesimulator/boazapp.build/Objects-normal/arm64/boazapp-OutputFileMap.json -save-temps -no-color-diagnostics -explicit-module-build -module-cache-path /tmp/boazapp-acceptance-sim/Build/Intermediates.noindex/SwiftExplicitPrecompiledModules -clang-scanner-module-cache-path /tmp/boazapp-acceptance-sim/ModuleCache.noindex -sdk-module-cache-path /tmp/boazapp-acceptance-sim/SDKExplicitPrecompiledModules -emit-dependencies -emit-module -emit-module-path /tmp/boazapp-acceptance-sim/Build/Intermediates.noindex/boazapp.build/Debug-iphonesimulator/boazapp.build/Objects-normal/arm64/boazapp.swiftmodule -serialize-diagnostics -dependency-scan-serialize-diagnostics-path /tmp/boazapp-acceptance-sim/Build/Intermediates.noindex/boazapp.build/Debug-iphonesimulator/boazapp.build/Objects-normal/arm64/boazapp-dependency-scan.dia -validate-clang-modules-once -clang-build-session-file /tmp/boazapp-acceptance-sim/ModuleCache.noindex/Session.modulevalidation -Xcc -fmodules-prune-interval\=86400 -Xcc -fmodules-prune-after\=345600 -emit-const-values -const-gather-protocols-list /tmp/boazapp-acceptance-sim/Build/Intermediates.noindex/boazapp.build/Debug-iphonesimulator/boazapp.build/Objects-normal/arm64/boazapp_const_extract_protocols.json -Xcc -iquote -Xcc /tmp/boazapp-acceptance-sim/Build/Intermediates.noindex/boazapp.build/Debug-iphonesimulator/boazapp.build/boazapp-generated-files.hmap -Xcc -I/tmp/boazapp-acceptance-sim/Build/Intermediates.noindex/boazapp.build/Debug-iphonesimulator/boazapp.build/boazapp-own-target-headers.hmap -Xcc -I/tmp/boazapp-acceptance-sim/Build/Intermediates.noindex/boazapp.build/Debug-iphonesimulator/boazapp.build/boazapp-all-target-headers.hmap -Xcc -iquote -Xcc /tmp/boazapp-acceptance-sim/Build/Intermediates.noindex/boazapp.build/Debug-iphonesimulator/boazapp.build/boazapp-project-headers.hmap -Xcc -I/tmp/boazapp-acceptance-sim/Build/Products/Debug-iphonesimulator/include -Xcc -I/tmp/boazapp-acceptance-sim/Build/Intermediates.noindex/boazapp.build/Debug-iphonesimulator/boazapp.build/DerivedSources-normal/arm64 -Xcc -I/tmp/boazapp-acceptance-sim/Build/Intermediates.noindex/boazapp.build/Debug-iphonesimulator/boazapp.build/DerivedSources/arm64 -Xcc -I/tmp/boazapp-acceptance-sim/Build/Intermediates.noindex/boazapp.build/Debug-iphonesimulator/boazapp.build/DerivedSources -emit-objc-header -emit-objc-header-path /tmp/boazapp-acceptance-sim/Build/Intermediates.noindex/boazapp.build/Debug-iphonesimulator/boazapp.build/Objects-normal/arm64/boazapp-Swift.h -working-directory /Users/beckliu/Documents/0agentproject2026/boazapp -experimental-emit-module-separately -disable-cmo

SwiftEmitModule normal x86_64 Emitting\ module\ for\ boazapp (in target 'boazapp' from project 'boazapp')

SwiftCompile normal x86_64 (in target 'boazapp' from project 'boazapp')
    cd /Users/beckliu/Documents/0agentproject2026/boazapp
    

SwiftCompile normal x86_64 Compiling\ TokyoCloudGateway.swift /Users/beckliu/Documents/0agentproject2026/boazapp/boazapp/Core/Network/TokyoCloudGateway.swift (in target 'boazapp' from project 'boazapp')

SwiftCompile normal x86_64 /Users/beckliu/Documents/0agentproject2026/boazapp/boazapp/Core/Network/TokyoCloudGateway.swift (in target 'boazapp' from project 'boazapp')
    cd /Users/beckliu/Documents/0agentproject2026/boazapp
    builtin-SwiftPerFileCompile TokyoCloudGateway.swift

SwiftCompile normal x86_64 Compiling\ SyncEngine.swift /Users/beckliu/Documents/0agentproject2026/boazapp/boazapp/Core/Network/SyncEngine.swift (in target 'boazapp' from project 'boazapp')

SwiftCompile normal x86_64 /Users/beckliu/Documents/0agentproject2026/boazapp/boazapp/Core/Network/SyncEngine.swift (in target 'boazapp' from project 'boazapp')
    cd /Users/beckliu/Documents/0agentproject2026/boazapp
    builtin-SwiftPerFileCompile SyncEngine.swift

SwiftCompile normal arm64 Compiling\ BoazCoordinator.swift /Users/beckliu/Documents/0agentproject2026/boazapp/boazapp/App/BoazCoordinator.swift (in target 'boazapp' from project 'boazapp')

SwiftCompile normal arm64 /Users/beckliu/Documents/0agentproject2026/boazapp/boazapp/App/BoazCoordinator.swift (in target 'boazapp' from project 'boazapp')
    cd /Users/beckliu/Documents/0agentproject2026/boazapp
    builtin-SwiftPerFileCompile BoazCoordinator.swift

SwiftCompile normal arm64 Compiling\ BoazLocalDatabase.swift /Users/beckliu/Documents/0agentproject2026/boazapp/boazapp/Core/Database/BoazLocalDatabase.swift (in target 'boazapp' from project 'boazapp')

SwiftCompile normal arm64 /Users/beckliu/Documents/0agentproject2026/boazapp/boazapp/Core/Database/BoazLocalDatabase.swift (in target 'boazapp' from project 'boazapp')
    cd /Users/beckliu/Documents/0agentproject2026/boazapp
    builtin-SwiftPerFileCompile BoazLocalDatabase.swift

SwiftCompile normal x86_64 Compiling\ BoazLocalDatabase.swift /Users/beckliu/Documents/0agentproject2026/boazapp/boazapp/Core/Database/BoazLocalDatabase.swift (in target 'boazapp' from project 'boazapp')

SwiftCompile normal x86_64 /Users/beckliu/Documents/0agentproject2026/boazapp/boazapp/Core/Database/BoazLocalDatabase.swift (in target 'boazapp' from project 'boazapp')
    cd /Users/beckliu/Documents/0agentproject2026/boazapp
    builtin-SwiftPerFileCompile BoazLocalDatabase.swift

SwiftCompile normal x86_64 Compiling\ BoazCoordinator.swift /Users/beckliu/Documents/0agentproject2026/boazapp/boazapp/App/BoazCoordinator.swift (in target 'boazapp' from project 'boazapp')

SwiftCompile normal x86_64 /Users/beckliu/Documents/0agentproject2026/boazapp/boazapp/App/BoazCoordinator.swift (in target 'boazapp' from project 'boazapp')
    cd /Users/beckliu/Documents/0agentproject2026/boazapp
    builtin-SwiftPerFileCompile BoazCoordinator.swift

SwiftCompile normal arm64 Compiling\ TokyoCloudGateway.swift /Users/beckliu/Documents/0agentproject2026/boazapp/boazapp/Core/Network/TokyoCloudGateway.swift (in target 'boazapp' from project 'boazapp')

SwiftCompile normal arm64 /Users/beckliu/Documents/0agentproject2026/boazapp/boazapp/Core/Network/TokyoCloudGateway.swift (in target 'boazapp' from project 'boazapp')
    cd /Users/beckliu/Documents/0agentproject2026/boazapp
    builtin-SwiftPerFileCompile TokyoCloudGateway.swift

SwiftCompile normal arm64 Compiling\ SyncEngine.swift /Users/beckliu/Documents/0agentproject2026/boazapp/boazapp/Core/Network/SyncEngine.swift (in target 'boazapp' from project 'boazapp')

SwiftCompile normal arm64 /Users/beckliu/Documents/0agentproject2026/boazapp/boazapp/Core/Network/SyncEngine.swift (in target 'boazapp' from project 'boazapp')
    cd /Users/beckliu/Documents/0agentproject2026/boazapp
    builtin-SwiftPerFileCompile SyncEngine.swift

SwiftCompile normal x86_64 Compiling\ SleepDerivation.swift /Users/beckliu/Documents/0agentproject2026/boazapp/boazapp/Health/SleepDerivation.swift (in target 'boazapp' from project 'boazapp')

SwiftCompile normal x86_64 /Users/beckliu/Documents/0agentproject2026/boazapp/boazapp/Health/SleepDerivation.swift (in target 'boazapp' from project 'boazapp')
    cd /Users/beckliu/Documents/0agentproject2026/boazapp
    builtin-SwiftPerFileCompile SleepDerivation.swift

SwiftEmitModule normal arm64 Emitting\ module\ for\ boazapp (in target 'boazapp' from project 'boazapp')

SwiftCompile normal arm64 (in target 'boazapp' from project 'boazapp')
    cd /Users/beckliu/Documents/0agentproject2026/boazapp
    

SwiftCompile normal arm64 Compiling\ SleepDerivation.swift /Users/beckliu/Documents/0agentproject2026/boazapp/boazapp/Health/SleepDerivation.swift (in target 'boazapp' from project 'boazapp')

SwiftCompile normal arm64 /Users/beckliu/Documents/0agentproject2026/boazapp/boazapp/Health/SleepDerivation.swift (in target 'boazapp' from project 'boazapp')
    cd /Users/beckliu/Documents/0agentproject2026/boazapp
    builtin-SwiftPerFileCompile SleepDerivation.swift

SwiftDriverJobDiscovery normal arm64 Compiling SleepDerivation.swift (in target 'boazapp' from project 'boazapp')

SwiftDriverJobDiscovery normal x86_64 Compiling SleepDerivation.swift (in target 'boazapp' from project 'boazapp')

SwiftDriverJobDiscovery normal arm64 Compiling SyncEngine.swift (in target 'boazapp' from project 'boazapp')

SwiftDriverJobDiscovery normal arm64 Compiling TokyoCloudGateway.swift (in target 'boazapp' from project 'boazapp')

SwiftDriverJobDiscovery normal x86_64 Compiling TokyoCloudGateway.swift (in target 'boazapp' from project 'boazapp')

SwiftCompile normal arm64 Compiling\ BoazApp.swift /Users/beckliu/Documents/0agentproject2026/boazapp/boazapp/App/BoazApp.swift (in target 'boazapp' from project 'boazapp')

SwiftCompile normal arm64 /Users/beckliu/Documents/0agentproject2026/boazapp/boazapp/App/BoazApp.swift (in target 'boazapp' from project 'boazapp')
    cd /Users/beckliu/Documents/0agentproject2026/boazapp
    builtin-SwiftPerFileCompile BoazApp.swift

SwiftCompile normal x86_64 Compiling\ BoazApp.swift /Users/beckliu/Documents/0agentproject2026/boazapp/boazapp/App/BoazApp.swift (in target 'boazapp' from project 'boazapp')

SwiftCompile normal x86_64 /Users/beckliu/Documents/0agentproject2026/boazapp/boazapp/App/BoazApp.swift (in target 'boazapp' from project 'boazapp')
    cd /Users/beckliu/Documents/0agentproject2026/boazapp
    builtin-SwiftPerFileCompile BoazApp.swift

SwiftDriverJobDiscovery normal x86_64 Compiling SyncEngine.swift (in target 'boazapp' from project 'boazapp')

SwiftDriverJobDiscovery normal arm64 Compiling BoazCoordinator.swift (in target 'boazapp' from project 'boazapp')

SwiftDriverJobDiscovery normal x86_64 Compiling BoazCoordinator.swift (in target 'boazapp' from project 'boazapp')

SwiftDriverJobDiscovery normal x86_64 Compiling BoazApp.swift (in target 'boazapp' from project 'boazapp')

SwiftDriverJobDiscovery normal arm64 Compiling BoazApp.swift (in target 'boazapp' from project 'boazapp')

SwiftDriverJobDiscovery normal x86_64 Compiling BoazLocalDatabase.swift (in target 'boazapp' from project 'boazapp')

SwiftDriverJobDiscovery normal arm64 Compiling BoazLocalDatabase.swift (in target 'boazapp' from project 'boazapp')

SwiftCompile normal arm64 Compiling\ WorkoutDetailDispatcher.swift /Users/beckliu/Documents/0agentproject2026/boazapp/boazapp/Health/WorkoutDetailDispatcher.swift (in target 'boazapp' from project 'boazapp')

SwiftCompile normal arm64 /Users/beckliu/Documents/0agentproject2026/boazapp/boazapp/Health/WorkoutDetailDispatcher.swift (in target 'boazapp' from project 'boazapp')
    cd /Users/beckliu/Documents/0agentproject2026/boazapp
    builtin-SwiftPerFileCompile WorkoutDetailDispatcher.swift

SwiftCompile normal x86_64 Compiling\ WorkoutDetailDispatcher.swift /Users/beckliu/Documents/0agentproject2026/boazapp/boazapp/Health/WorkoutDetailDispatcher.swift (in target 'boazapp' from project 'boazapp')

SwiftCompile normal x86_64 /Users/beckliu/Documents/0agentproject2026/boazapp/boazapp/Health/WorkoutDetailDispatcher.swift (in target 'boazapp' from project 'boazapp')
    cd /Users/beckliu/Documents/0agentproject2026/boazapp
    builtin-SwiftPerFileCompile WorkoutDetailDispatcher.swift

SwiftDriverJobDiscovery normal arm64 Compiling WorkoutDetailDispatcher.swift (in target 'boazapp' from project 'boazapp')

SwiftDriverJobDiscovery normal x86_64 Compiling WorkoutDetailDispatcher.swift (in target 'boazapp' from project 'boazapp')

SwiftDriver\ Compilation boazapp normal arm64 com.apple.xcode.tools.swift.compiler (in target 'boazapp' from project 'boazapp')
    cd /Users/beckliu/Documents/0agentproject2026/boazapp
    builtin-Swift-Compilation -- /Applications/Xcode.app/Contents/Developer/Toolchains/XcodeDefault.xctoolchain/usr/bin/swiftc -module-name boazapp -Onone @/tmp/boazapp-acceptance-sim/Build/Intermediates.noindex/boazapp.build/Debug-iphonesimulator/boazapp.build/Objects-normal/arm64/boazapp.SwiftFileList -enable-experimental-feature DebugDescriptionMacro -sdk /Applications/Xcode.app/Contents/Developer/Platforms/iPhoneSimulator.platform/Developer/SDKs/iPhoneSimulator27.0.sdk -target arm64-apple-ios17.0-simulator -g -module-cache-path /tmp/boazapp-acceptance-sim/ModuleCache.noindex -Xfrontend -serialize-debugging-options -enable-testing -index-store-path /tmp/boazapp-acceptance-sim/Index.noindex/DataStore -swift-version 6 -I /tmp/boazapp-acceptance-sim/Build/Products/Debug-iphonesimulator -F /tmp/boazapp-acceptance-sim/Build/Products/Debug-iphonesimulator -emit-localized-strings -emit-localized-strings-path /tmp/boazapp-acceptance-sim/Build/Intermediates.noindex/boazapp.build/Debug-iphonesimulator/boazapp.build/Objects-normal/arm64 -c -j18 -enable-batch-mode -incremental -Xcc -ivfsstatcache -Xcc /tmp/boazapp-acceptance-sim/SDKStatCaches.noindex/iphonesimulator27.0-24A430-8dc58220667be655e1bcc261a7455254.sdkstatcache -output-file-map /tmp/boazapp-acceptance-sim/Build/Intermediates.noindex/boazapp.build/Debug-iphonesimulator/boazapp.build/Objects-normal/arm64/boazapp-OutputFileMap.json -save-temps -no-color-diagnostics -explicit-module-build -module-cache-path /tmp/boazapp-acceptance-sim/Build/Intermediates.noindex/SwiftExplicitPrecompiledModules -clang-scanner-module-cache-path /tmp/boazapp-acceptance-sim/ModuleCache.noindex -sdk-module-cache-path /tmp/boazapp-acceptance-sim/SDKExplicitPrecompiledModules -emit-dependencies -emit-module -emit-module-path /tmp/boazapp-acceptance-sim/Build/Intermediates.noindex/boazapp.build/Debug-iphonesimulator/boazapp.build/Objects-normal/arm64/boazapp.swiftmodule -serialize-diagnostics -dependency-scan-serialize-diagnostics-path /tmp/boazapp-acceptance-sim/Build/Intermediates.noindex/boazapp.build/Debug-iphonesimulator/boazapp.build/Objects-normal/arm64/boazapp-dependency-scan.dia -validate-clang-modules-once -clang-build-session-file /tmp/boazapp-acceptance-sim/ModuleCache.noindex/Session.modulevalidation -Xcc -fmodules-prune-interval\=86400 -Xcc -fmodules-prune-after\=345600 -emit-const-values -const-gather-protocols-list /tmp/boazapp-acceptance-sim/Build/Intermediates.noindex/boazapp.build/Debug-iphonesimulator/boazapp.build/Objects-normal/arm64/boazapp_const_extract_protocols.json -Xcc -iquote -Xcc /tmp/boazapp-acceptance-sim/Build/Intermediates.noindex/boazapp.build/Debug-iphonesimulator/boazapp.build/boazapp-generated-files.hmap -Xcc -I/tmp/boazapp-acceptance-sim/Build/Intermediates.noindex/boazapp.build/Debug-iphonesimulator/boazapp.build/boazapp-own-target-headers.hmap -Xcc -I/tmp/boazapp-acceptance-sim/Build/Intermediates.noindex/boazapp.build/Debug-iphonesimulator/boazapp.build/boazapp-all-target-headers.hmap -Xcc -iquote -Xcc /tmp/boazapp-acceptance-sim/Build/Intermediates.noindex/boazapp.build/Debug-iphonesimulator/boazapp.build/boazapp-project-headers.hmap -Xcc -I/tmp/boazapp-acceptance-sim/Build/Products/Debug-iphonesimulator/include -Xcc -I/tmp/boazapp-acceptance-sim/Build/Intermediates.noindex/boazapp.build/Debug-iphonesimulator/boazapp.build/DerivedSources-normal/arm64 -Xcc -I/tmp/boazapp-acceptance-sim/Build/Intermediates.noindex/boazapp.build/Debug-iphonesimulator/boazapp.build/DerivedSources/arm64 -Xcc -I/tmp/boazapp-acceptance-sim/Build/Intermediates.noindex/boazapp.build/Debug-iphonesimulator/boazapp.build/DerivedSources -emit-objc-header -emit-objc-header-path /tmp/boazapp-acceptance-sim/Build/Intermediates.noindex/boazapp.build/Debug-iphonesimulator/boazapp.build/Objects-normal/arm64/boazapp-Swift.h -working-directory /Users/beckliu/Documents/0agentproject2026/boazapp -experimental-emit-module-separately -disable-cmo

SwiftDriver\ Compilation boazapp normal x86_64 com.apple.xcode.tools.swift.compiler (in target 'boazapp' from project 'boazapp')
    cd /Users/beckliu/Documents/0agentproject2026/boazapp
    builtin-Swift-Compilation -- /Applications/Xcode.app/Contents/Developer/Toolchains/XcodeDefault.xctoolchain/usr/bin/swiftc -module-name boazapp -Onone @/tmp/boazapp-acceptance-sim/Build/Intermediates.noindex/boazapp.build/Debug-iphonesimulator/boazapp.build/Objects-normal/x86_64/boazapp.SwiftFileList -enable-experimental-feature DebugDescriptionMacro -sdk /Applications/Xcode.app/Contents/Developer/Platforms/iPhoneSimulator.platform/Developer/SDKs/iPhoneSimulator27.0.sdk -target x86_64-apple-ios17.0-simulator -g -module-cache-path /tmp/boazapp-acceptance-sim/ModuleCache.noindex -Xfrontend -serialize-debugging-options -enable-testing -index-store-path /tmp/boazapp-acceptance-sim/Index.noindex/DataStore -swift-version 6 -I /tmp/boazapp-acceptance-sim/Build/Products/Debug-iphonesimulator -F /tmp/boazapp-acceptance-sim/Build/Products/Debug-iphonesimulator -emit-localized-strings -emit-localized-strings-path /tmp/boazapp-acceptance-sim/Build/Intermediates.noindex/boazapp.build/Debug-iphonesimulator/boazapp.build/Objects-normal/x86_64 -c -j18 -enable-batch-mode -incremental -Xcc -ivfsstatcache -Xcc /tmp/boazapp-acceptance-sim/SDKStatCaches.noindex/iphonesimulator27.0-24A430-8dc58220667be655e1bcc261a7455254.sdkstatcache -output-file-map /tmp/boazapp-acceptance-sim/Build/Intermediates.noindex/boazapp.build/Debug-iphonesimulator/boazapp.build/Objects-normal/x86_64/boazapp-OutputFileMap.json -save-temps -no-color-diagnostics -explicit-module-build -module-cache-path /tmp/boazapp-acceptance-sim/Build/Intermediates.noindex/SwiftExplicitPrecompiledModules -clang-scanner-module-cache-path /tmp/boazapp-acceptance-sim/ModuleCache.noindex -sdk-module-cache-path /tmp/boazapp-acceptance-sim/SDKExplicitPrecompiledModules -emit-dependencies -emit-module -emit-module-path /tmp/boazapp-acceptance-sim/Build/Intermediates.noindex/boazapp.build/Debug-iphonesimulator/boazapp.build/Objects-normal/x86_64/boazapp.swiftmodule -serialize-diagnostics -dependency-scan-serialize-diagnostics-path /tmp/boazapp-acceptance-sim/Build/Intermediates.noindex/boazapp.build/Debug-iphonesimulator/boazapp.build/Objects-normal/x86_64/boazapp-dependency-scan.dia -validate-clang-modules-once -clang-build-session-file /tmp/boazapp-acceptance-sim/ModuleCache.noindex/Session.modulevalidation -Xcc -fmodules-prune-interval\=86400 -Xcc -fmodules-prune-after\=345600 -emit-const-values -const-gather-protocols-list /tmp/boazapp-acceptance-sim/Build/Intermediates.noindex/boazapp.build/Debug-iphonesimulator/boazapp.build/Objects-normal/x86_64/boazapp_const_extract_protocols.json -Xcc -iquote -Xcc /tmp/boazapp-acceptance-sim/Build/Intermediates.noindex/boazapp.build/Debug-iphonesimulator/boazapp.build/boazapp-generated-files.hmap -Xcc -I/tmp/boazapp-acceptance-sim/Build/Intermediates.noindex/boazapp.build/Debug-iphonesimulator/boazapp.build/boazapp-own-target-headers.hmap -Xcc -I/tmp/boazapp-acceptance-sim/Build/Intermediates.noindex/boazapp.build/Debug-iphonesimulator/boazapp.build/boazapp-all-target-headers.hmap -Xcc -iquote -Xcc /tmp/boazapp-acceptance-sim/Build/Intermediates.noindex/boazapp.build/Debug-iphonesimulator/boazapp.build/boazapp-project-headers.hmap -Xcc -I/tmp/boazapp-acceptance-sim/Build/Products/Debug-iphonesimulator/include -Xcc -I/tmp/boazapp-acceptance-sim/Build/Intermediates.noindex/boazapp.build/Debug-iphonesimulator/boazapp.build/DerivedSources-normal/x86_64 -Xcc -I/tmp/boazapp-acceptance-sim/Build/Intermediates.noindex/boazapp.build/Debug-iphonesimulator/boazapp.build/DerivedSources/x86_64 -Xcc -I/tmp/boazapp-acceptance-sim/Build/Intermediates.noindex/boazapp.build/Debug-iphonesimulator/boazapp.build/DerivedSources -emit-objc-header -emit-objc-header-path /tmp/boazapp-acceptance-sim/Build/Intermediates.noindex/boazapp.build/Debug-iphonesimulator/boazapp.build/Objects-normal/x86_64/boazapp-Swift.h -working-directory /Users/beckliu/Documents/0agentproject2026/boazapp -experimental-emit-module-separately -disable-cmo

SwiftDriverJobDiscovery normal arm64 Emitting module for boazapp (in target 'boazapp' from project 'boazapp')

SwiftDriverJobDiscovery normal x86_64 Emitting module for boazapp (in target 'boazapp' from project 'boazapp')

SwiftDriver\ Compilation\ Requirements boazapp normal x86_64 com.apple.xcode.tools.swift.compiler (in target 'boazapp' from project 'boazapp')
    cd /Users/beckliu/Documents/0agentproject2026/boazapp
    builtin-Swift-Compilation-Requirements -- /Applications/Xcode.app/Contents/Developer/Toolchains/XcodeDefault.xctoolchain/usr/bin/swiftc -module-name boazapp -Onone @/tmp/boazapp-acceptance-sim/Build/Intermediates.noindex/boazapp.build/Debug-iphonesimulator/boazapp.build/Objects-normal/x86_64/boazapp.SwiftFileList -enable-experimental-feature DebugDescriptionMacro -sdk /Applications/Xcode.app/Contents/Developer/Platforms/iPhoneSimulator.platform/Developer/SDKs/iPhoneSimulator27.0.sdk -target x86_64-apple-ios17.0-simulator -g -module-cache-path /tmp/boazapp-acceptance-sim/ModuleCache.noindex -Xfrontend -serialize-debugging-options -enable-testing -index-store-path /tmp/boazapp-acceptance-sim/Index.noindex/DataStore -swift-version 6 -I /tmp/boazapp-acceptance-sim/Build/Products/Debug-iphonesimulator -F /tmp/boazapp-acceptance-sim/Build/Products/Debug-iphonesimulator -emit-localized-strings -emit-localized-strings-path /tmp/boazapp-acceptance-sim/Build/Intermediates.noindex/boazapp.build/Debug-iphonesimulator/boazapp.build/Objects-normal/x86_64 -c -j18 -enable-batch-mode -incremental -Xcc -ivfsstatcache -Xcc /tmp/boazapp-acceptance-sim/SDKStatCaches.noindex/iphonesimulator27.0-24A430-8dc58220667be655e1bcc261a7455254.sdkstatcache -output-file-map /tmp/boazapp-acceptance-sim/Build/Intermediates.noindex/boazapp.build/Debug-iphonesimulator/boazapp.build/Objects-normal/x86_64/boazapp-OutputFileMap.json -save-temps -no-color-diagnostics -explicit-module-build -module-cache-path /tmp/boazapp-acceptance-sim/Build/Intermediates.noindex/SwiftExplicitPrecompiledModules -clang-scanner-module-cache-path /tmp/boazapp-acceptance-sim/ModuleCache.noindex -sdk-module-cache-path /tmp/boazapp-acceptance-sim/SDKExplicitPrecompiledModules -emit-dependencies -emit-module -emit-module-path /tmp/boazapp-acceptance-sim/Build/Intermediates.noindex/boazapp.build/Debug-iphonesimulator/boazapp.build/Objects-normal/x86_64/boazapp.swiftmodule -serialize-diagnostics -dependency-scan-serialize-diagnostics-path /tmp/boazapp-acceptance-sim/Build/Intermediates.noindex/boazapp.build/Debug-iphonesimulator/boazapp.build/Objects-normal/x86_64/boazapp-dependency-scan.dia -validate-clang-modules-once -clang-build-session-file /tmp/boazapp-acceptance-sim/ModuleCache.noindex/Session.modulevalidation -Xcc -fmodules-prune-interval\=86400 -Xcc -fmodules-prune-after\=345600 -emit-const-values -const-gather-protocols-list /tmp/boazapp-acceptance-sim/Build/Intermediates.noindex/boazapp.build/Debug-iphonesimulator/boazapp.build/Objects-normal/x86_64/boazapp_const_extract_protocols.json -Xcc -iquote -Xcc /tmp/boazapp-acceptance-sim/Build/Intermediates.noindex/boazapp.build/Debug-iphonesimulator/boazapp.build/boazapp-generated-files.hmap -Xcc -I/tmp/boazapp-acceptance-sim/Build/Intermediates.noindex/boazapp.build/Debug-iphonesimulator/boazapp.build/boazapp-own-target-headers.hmap -Xcc -I/tmp/boazapp-acceptance-sim/Build/Intermediates.noindex/boazapp.build/Debug-iphonesimulator/boazapp.build/boazapp-all-target-headers.hmap -Xcc -iquote -Xcc /tmp/boazapp-acceptance-sim/Build/Intermediates.noindex/boazapp.build/Debug-iphonesimulator/boazapp.build/boazapp-project-headers.hmap -Xcc -I/tmp/boazapp-acceptance-sim/Build/Products/Debug-iphonesimulator/include -Xcc -I/tmp/boazapp-acceptance-sim/Build/Intermediates.noindex/boazapp.build/Debug-iphonesimulator/boazapp.build/DerivedSources-normal/x86_64 -Xcc -I/tmp/boazapp-acceptance-sim/Build/Intermediates.noindex/boazapp.build/Debug-iphonesimulator/boazapp.build/DerivedSources/x86_64 -Xcc -I/tmp/boazapp-acceptance-sim/Build/Intermediates.noindex/boazapp.build/Debug-iphonesimulator/boazapp.build/DerivedSources -emit-objc-header -emit-objc-header-path /tmp/boazapp-acceptance-sim/Build/Intermediates.noindex/boazapp.build/Debug-iphonesimulator/boazapp.build/Objects-normal/x86_64/boazapp-Swift.h -working-directory /Users/beckliu/Documents/0agentproject2026/boazapp -experimental-emit-module-separately -disable-cmo

SwiftDriver\ Compilation\ Requirements boazapp normal arm64 com.apple.xcode.tools.swift.compiler (in target 'boazapp' from project 'boazapp')
    cd /Users/beckliu/Documents/0agentproject2026/boazapp
    builtin-Swift-Compilation-Requirements -- /Applications/Xcode.app/Contents/Developer/Toolchains/XcodeDefault.xctoolchain/usr/bin/swiftc -module-name boazapp -Onone @/tmp/boazapp-acceptance-sim/Build/Intermediates.noindex/boazapp.build/Debug-iphonesimulator/boazapp.build/Objects-normal/arm64/boazapp.SwiftFileList -enable-experimental-feature DebugDescriptionMacro -sdk /Applications/Xcode.app/Contents/Developer/Platforms/iPhoneSimulator.platform/Developer/SDKs/iPhoneSimulator27.0.sdk -target arm64-apple-ios17.0-simulator -g -module-cache-path /tmp/boazapp-acceptance-sim/ModuleCache.noindex -Xfrontend -serialize-debugging-options -enable-testing -index-store-path /tmp/boazapp-acceptance-sim/Index.noindex/DataStore -swift-version 6 -I /tmp/boazapp-acceptance-sim/Build/Products/Debug-iphonesimulator -F /tmp/boazapp-acceptance-sim/Build/Products/Debug-iphonesimulator -emit-localized-strings -emit-localized-strings-path /tmp/boazapp-acceptance-sim/Build/Intermediates.noindex/boazapp.build/Debug-iphonesimulator/boazapp.build/Objects-normal/arm64 -c -j18 -enable-batch-mode -incremental -Xcc -ivfsstatcache -Xcc /tmp/boazapp-acceptance-sim/SDKStatCaches.noindex/iphonesimulator27.0-24A430-8dc58220667be655e1bcc261a7455254.sdkstatcache -output-file-map /tmp/boazapp-acceptance-sim/Build/Intermediates.noindex/boazapp.build/Debug-iphonesimulator/boazapp.build/Objects-normal/arm64/boazapp-OutputFileMap.json -save-temps -no-color-diagnostics -explicit-module-build -module-cache-path /tmp/boazapp-acceptance-sim/Build/Intermediates.noindex/SwiftExplicitPrecompiledModules -clang-scanner-module-cache-path /tmp/boazapp-acceptance-sim/ModuleCache.noindex -sdk-module-cache-path /tmp/boazapp-acceptance-sim/SDKExplicitPrecompiledModules -emit-dependencies -emit-module -emit-module-path /tmp/boazapp-acceptance-sim/Build/Intermediates.noindex/boazapp.build/Debug-iphonesimulator/boazapp.build/Objects-normal/arm64/boazapp.swiftmodule -serialize-diagnostics -dependency-scan-serialize-diagnostics-path /tmp/boazapp-acceptance-sim/Build/Intermediates.noindex/boazapp.build/Debug-iphonesimulator/boazapp.build/Objects-normal/arm64/boazapp-dependency-scan.dia -validate-clang-modules-once -clang-build-session-file /tmp/boazapp-acceptance-sim/ModuleCache.noindex/Session.modulevalidation -Xcc -fmodules-prune-interval\=86400 -Xcc -fmodules-prune-after\=345600 -emit-const-values -const-gather-protocols-list /tmp/boazapp-acceptance-sim/Build/Intermediates.noindex/boazapp.build/Debug-iphonesimulator/boazapp.build/Objects-normal/arm64/boazapp_const_extract_protocols.json -Xcc -iquote -Xcc /tmp/boazapp-acceptance-sim/Build/Intermediates.noindex/boazapp.build/Debug-iphonesimulator/boazapp.build/boazapp-generated-files.hmap -Xcc -I/tmp/boazapp-acceptance-sim/Build/Intermediates.noindex/boazapp.build/Debug-iphonesimulator/boazapp.build/boazapp-own-target-headers.hmap -Xcc -I/tmp/boazapp-acceptance-sim/Build/Intermediates.noindex/boazapp.build/Debug-iphonesimulator/boazapp.build/boazapp-all-target-headers.hmap -Xcc -iquote -Xcc /tmp/boazapp-acceptance-sim/Build/Intermediates.noindex/boazapp.build/Debug-iphonesimulator/boazapp.build/boazapp-project-headers.hmap -Xcc -I/tmp/boazapp-acceptance-sim/Build/Products/Debug-iphonesimulator/include -Xcc -I/tmp/boazapp-acceptance-sim/Build/Intermediates.noindex/boazapp.build/Debug-iphonesimulator/boazapp.build/DerivedSources-normal/arm64 -Xcc -I/tmp/boazapp-acceptance-sim/Build/Intermediates.noindex/boazapp.build/Debug-iphonesimulator/boazapp.build/DerivedSources/arm64 -Xcc -I/tmp/boazapp-acceptance-sim/Build/Intermediates.noindex/boazapp.build/Debug-iphonesimulator/boazapp.build/DerivedSources -emit-objc-header -emit-objc-header-path /tmp/boazapp-acceptance-sim/Build/Intermediates.noindex/boazapp.build/Debug-iphonesimulator/boazapp.build/Objects-normal/arm64/boazapp-Swift.h -working-directory /Users/beckliu/Documents/0agentproject2026/boazapp -experimental-emit-module-separately -disable-cmo

Copy /tmp/boazapp-acceptance-sim/Build/Products/Debug-iphonesimulator/boazapp.swiftmodule/x86_64-apple-ios-simulator.swiftmodule /tmp/boazapp-acceptance-sim/Build/Intermediates.noindex/boazapp.build/Debug-iphonesimulator/boazapp.build/Objects-normal/x86_64/boazapp.swiftmodule (in target 'boazapp' from project 'boazapp')
    cd /Users/beckliu/Documents/0agentproject2026/boazapp
    builtin-copy -exclude .DS_Store -exclude CVS -exclude .svn -exclude .git -exclude .hg -strip-unsigned-binaries -strip-deterministic -strip-tool /Applications/Xcode.app/Contents/Developer/Toolchains/XcodeDefault.xctoolchain/usr/bin/strip -resolve-src-symlinks -rename /tmp/boazapp-acceptance-sim/Build/Intermediates.noindex/boazapp.build/Debug-iphonesimulator/boazapp.build/Objects-normal/x86_64/boazapp.swiftmodule /tmp/boazapp-acceptance-sim/Build/Products/Debug-iphonesimulator/boazapp.swiftmodule/x86_64-apple-ios-simulator.swiftmodule

Copy /tmp/boazapp-acceptance-sim/Build/Products/Debug-iphonesimulator/boazapp.swiftmodule/x86_64-apple-ios-simulator.swiftdoc /tmp/boazapp-acceptance-sim/Build/Intermediates.noindex/boazapp.build/Debug-iphonesimulator/boazapp.build/Objects-normal/x86_64/boazapp.swiftdoc (in target 'boazapp' from project 'boazapp')
    cd /Users/beckliu/Documents/0agentproject2026/boazapp
    builtin-copy -exclude .DS_Store -exclude CVS -exclude .svn -exclude .git -exclude .hg -strip-unsigned-binaries -strip-deterministic -strip-tool /Applications/Xcode.app/Contents/Developer/Toolchains/XcodeDefault.xctoolchain/usr/bin/strip -resolve-src-symlinks -rename /tmp/boazapp-acceptance-sim/Build/Intermediates.noindex/boazapp.build/Debug-iphonesimulator/boazapp.build/Objects-normal/x86_64/boazapp.swiftdoc /tmp/boazapp-acceptance-sim/Build/Products/Debug-iphonesimulator/boazapp.swiftmodule/x86_64-apple-ios-simulator.swiftdoc

Copy /tmp/boazapp-acceptance-sim/Build/Products/Debug-iphonesimulator/boazapp.swiftmodule/x86_64-apple-ios-simulator.abi.json /tmp/boazapp-acceptance-sim/Build/Intermediates.noindex/boazapp.build/Debug-iphonesimulator/boazapp.build/Objects-normal/x86_64/boazapp.abi.json (in target 'boazapp' from project 'boazapp')
    cd /Users/beckliu/Documents/0agentproject2026/boazapp
    builtin-copy -exclude .DS_Store -exclude CVS -exclude .svn -exclude .git -exclude .hg -strip-unsigned-binaries -strip-deterministic -strip-tool /Applications/Xcode.app/Contents/Developer/Toolchains/XcodeDefault.xctoolchain/usr/bin/strip -resolve-src-symlinks -rename /tmp/boazapp-acceptance-sim/Build/Intermediates.noindex/boazapp.build/Debug-iphonesimulator/boazapp.build/Objects-normal/x86_64/boazapp.abi.json /tmp/boazapp-acceptance-sim/Build/Products/Debug-iphonesimulator/boazapp.swiftmodule/x86_64-apple-ios-simulator.abi.json

Copy /tmp/boazapp-acceptance-sim/Build/Products/Debug-iphonesimulator/boazapp.swiftmodule/Project/x86_64-apple-ios-simulator.swiftsourceinfo /tmp/boazapp-acceptance-sim/Build/Intermediates.noindex/boazapp.build/Debug-iphonesimulator/boazapp.build/Objects-normal/x86_64/boazapp.swiftsourceinfo (in target 'boazapp' from project 'boazapp')
    cd /Users/beckliu/Documents/0agentproject2026/boazapp
    builtin-copy -exclude .DS_Store -exclude CVS -exclude .svn -exclude .git -exclude .hg -strip-unsigned-binaries -strip-deterministic -strip-tool /Applications/Xcode.app/Contents/Developer/Toolchains/XcodeDefault.xctoolchain/usr/bin/strip -resolve-src-symlinks -rename /tmp/boazapp-acceptance-sim/Build/Intermediates.noindex/boazapp.build/Debug-iphonesimulator/boazapp.build/Objects-normal/x86_64/boazapp.swiftsourceinfo /tmp/boazapp-acceptance-sim/Build/Products/Debug-iphonesimulator/boazapp.swiftmodule/Project/x86_64-apple-ios-simulator.swiftsourceinfo

Copy /tmp/boazapp-acceptance-sim/Build/Products/Debug-iphonesimulator/boazapp.swiftmodule/arm64-apple-ios-simulator.swiftmodule /tmp/boazapp-acceptance-sim/Build/Intermediates.noindex/boazapp.build/Debug-iphonesimulator/boazapp.build/Objects-normal/arm64/boazapp.swiftmodule (in target 'boazapp' from project 'boazapp')
    cd /Users/beckliu/Documents/0agentproject2026/boazapp
    builtin-copy -exclude .DS_Store -exclude CVS -exclude .svn -exclude .git -exclude .hg -strip-unsigned-binaries -strip-deterministic -strip-tool /Applications/Xcode.app/Contents/Developer/Toolchains/XcodeDefault.xctoolchain/usr/bin/strip -resolve-src-symlinks -rename /tmp/boazapp-acceptance-sim/Build/Intermediates.noindex/boazapp.build/Debug-iphonesimulator/boazapp.build/Objects-normal/arm64/boazapp.swiftmodule /tmp/boazapp-acceptance-sim/Build/Products/Debug-iphonesimulator/boazapp.swiftmodule/arm64-apple-ios-simulator.swiftmodule

Copy /tmp/boazapp-acceptance-sim/Build/Products/Debug-iphonesimulator/boazapp.swiftmodule/arm64-apple-ios-simulator.swiftdoc /tmp/boazapp-acceptance-sim/Build/Intermediates.noindex/boazapp.build/Debug-iphonesimulator/boazapp.build/Objects-normal/arm64/boazapp.swiftdoc (in target 'boazapp' from project 'boazapp')
    cd /Users/beckliu/Documents/0agentproject2026/boazapp
    builtin-copy -exclude .DS_Store -exclude CVS -exclude .svn -exclude .git -exclude .hg -strip-unsigned-binaries -strip-deterministic -strip-tool /Applications/Xcode.app/Contents/Developer/Toolchains/XcodeDefault.xctoolchain/usr/bin/strip -resolve-src-symlinks -rename /tmp/boazapp-acceptance-sim/Build/Intermediates.noindex/boazapp.build/Debug-iphonesimulator/boazapp.build/Objects-normal/arm64/boazapp.swiftdoc /tmp/boazapp-acceptance-sim/Build/Products/Debug-iphonesimulator/boazapp.swiftmodule/arm64-apple-ios-simulator.swiftdoc

Copy /tmp/boazapp-acceptance-sim/Build/Products/Debug-iphonesimulator/boazapp.swiftmodule/arm64-apple-ios-simulator.abi.json /tmp/boazapp-acceptance-sim/Build/Intermediates.noindex/boazapp.build/Debug-iphonesimulator/boazapp.build/Objects-normal/arm64/boazapp.abi.json (in target 'boazapp' from project 'boazapp')
    cd /Users/beckliu/Documents/0agentproject2026/boazapp
    builtin-copy -exclude .DS_Store -exclude CVS -exclude .svn -exclude .git -exclude .hg -strip-unsigned-binaries -strip-deterministic -strip-tool /Applications/Xcode.app/Contents/Developer/Toolchains/XcodeDefault.xctoolchain/usr/bin/strip -resolve-src-symlinks -rename /tmp/boazapp-acceptance-sim/Build/Intermediates.noindex/boazapp.build/Debug-iphonesimulator/boazapp.build/Objects-normal/arm64/boazapp.abi.json /tmp/boazapp-acceptance-sim/Build/Products/Debug-iphonesimulator/boazapp.swiftmodule/arm64-apple-ios-simulator.abi.json

Ld /tmp/boazapp-acceptance-sim/Build/Intermediates.noindex/boazapp.build/Debug-iphonesimulator/boazapp.build/Objects-normal/x86_64/Binary/boazapp.debug.dylib normal x86_64 (in target 'boazapp' from project 'boazapp')
    cd /Users/beckliu/Documents/0agentproject2026/boazapp
    /Applications/Xcode.app/Contents/Developer/Toolchains/XcodeDefault.xctoolchain/usr/bin/clang -Xlinker -reproducible -target x86_64-apple-ios17.0-simulator -dynamiclib -isysroot /Applications/Xcode.app/Contents/Developer/Platforms/iPhoneSimulator.platform/Developer/SDKs/iPhoneSimulator27.0.sdk -Os -Xlinker -no_warn_duplicate_libraries -L/tmp/boazapp-acceptance-sim/Build/Intermediates.noindex/EagerLinkingTBDs/Debug-iphonesimulator -L/tmp/boazapp-acceptance-sim/Build/Products/Debug-iphonesimulator -F/tmp/boazapp-acceptance-sim/Build/Intermediates.noindex/EagerLinkingTBDs/Debug-iphonesimulator -F/tmp/boazapp-acceptance-sim/Build/Products/Debug-iphonesimulator -filelist /tmp/boazapp-acceptance-sim/Build/Intermediates.noindex/boazapp.build/Debug-iphonesimulator/boazapp.build/Objects-normal/x86_64/boazapp.LinkFileList -install_name @rpath/boazapp.debug.dylib -Xlinker -rpath -Xlinker /usr/lib/swift -Xlinker -dead_strip -Xlinker -object_path_lto -Xlinker /tmp/boazapp-acceptance-sim/Build/Intermediates.noindex/boazapp.build/Debug-iphonesimulator/boazapp.build/Objects-normal/x86_64/boazapp_lto.o -rdynamic -Xlinker -objc_abi_version -Xlinker 2 -Xlinker -dependency_info -Xlinker /tmp/boazapp-acceptance-sim/Build/Intermediates.noindex/boazapp.build/Debug-iphonesimulator/boazapp.build/Objects-normal/x86_64/boazapp_dependency_info.dat -fobjc-link-runtime -L/Applications/Xcode.app/Contents/Developer/Toolchains/XcodeDefault.xctoolchain/usr/lib/swift/iphonesimulator -L/usr/lib/swift -Xlinker -add_ast_path -Xlinker /tmp/boazapp-acceptance-sim/Build/Intermediates.noindex/boazapp.build/Debug-iphonesimulator/boazapp.build/Objects-normal/x86_64/boazapp.swiftmodule -lsqlite3 -Xlinker -alias -Xlinker _main -Xlinker ___debug_main_executable_dylib_entry_point -o /tmp/boazapp-acceptance-sim/Build/Intermediates.noindex/boazapp.build/Debug-iphonesimulator/boazapp.build/Objects-normal/x86_64/Binary/boazapp.debug.dylib

Ld /tmp/boazapp-acceptance-sim/Build/Intermediates.noindex/boazapp.build/Debug-iphonesimulator/boazapp.build/Objects-normal/arm64/Binary/boazapp.debug.dylib normal arm64 (in target 'boazapp' from project 'boazapp')
    cd /Users/beckliu/Documents/0agentproject2026/boazapp
    /Applications/Xcode.app/Contents/Developer/Toolchains/XcodeDefault.xctoolchain/usr/bin/clang -Xlinker -reproducible -target arm64-apple-ios17.0-simulator -dynamiclib -isysroot /Applications/Xcode.app/Contents/Developer/Platforms/iPhoneSimulator.platform/Developer/SDKs/iPhoneSimulator27.0.sdk -Os -Xlinker -no_warn_duplicate_libraries -L/tmp/boazapp-acceptance-sim/Build/Intermediates.noindex/EagerLinkingTBDs/Debug-iphonesimulator -L/tmp/boazapp-acceptance-sim/Build/Products/Debug-iphonesimulator -F/tmp/boazapp-acceptance-sim/Build/Intermediates.noindex/EagerLinkingTBDs/Debug-iphonesimulator -F/tmp/boazapp-acceptance-sim/Build/Products/Debug-iphonesimulator -filelist /tmp/boazapp-acceptance-sim/Build/Intermediates.noindex/boazapp.build/Debug-iphonesimulator/boazapp.build/Objects-normal/arm64/boazapp.LinkFileList -install_name @rpath/boazapp.debug.dylib -Xlinker -rpath -Xlinker /usr/lib/swift -Xlinker -dead_strip -Xlinker -object_path_lto -Xlinker /tmp/boazapp-acceptance-sim/Build/Intermediates.noindex/boazapp.build/Debug-iphonesimulator/boazapp.build/Objects-normal/arm64/boazapp_lto.o -rdynamic -Xlinker -objc_abi_version -Xlinker 2 -Xlinker -dependency_info -Xlinker /tmp/boazapp-acceptance-sim/Build/Intermediates.noindex/boazapp.build/Debug-iphonesimulator/boazapp.build/Objects-normal/arm64/boazapp_dependency_info.dat -fobjc-link-runtime -L/Applications/Xcode.app/Contents/Developer/Toolchains/XcodeDefault.xctoolchain/usr/lib/swift/iphonesimulator -L/usr/lib/swift -Xlinker -add_ast_path -Xlinker /tmp/boazapp-acceptance-sim/Build/Intermediates.noindex/boazapp.build/Debug-iphonesimulator/boazapp.build/Objects-normal/arm64/boazapp.swiftmodule -lsqlite3 -Xlinker -alias -Xlinker _main -Xlinker ___debug_main_executable_dylib_entry_point -o /tmp/boazapp-acceptance-sim/Build/Intermediates.noindex/boazapp.build/Debug-iphonesimulator/boazapp.build/Objects-normal/arm64/Binary/boazapp.debug.dylib

Copy /tmp/boazapp-acceptance-sim/Build/Products/Debug-iphonesimulator/boazapp.swiftmodule/Project/arm64-apple-ios-simulator.swiftsourceinfo /tmp/boazapp-acceptance-sim/Build/Intermediates.noindex/boazapp.build/Debug-iphonesimulator/boazapp.build/Objects-normal/arm64/boazapp.swiftsourceinfo (in target 'boazapp' from project 'boazapp')
    cd /Users/beckliu/Documents/0agentproject2026/boazapp
    builtin-copy -exclude .DS_Store -exclude CVS -exclude .svn -exclude .git -exclude .hg -strip-unsigned-binaries -strip-deterministic -strip-tool /Applications/Xcode.app/Contents/Developer/Toolchains/XcodeDefault.xctoolchain/usr/bin/strip -resolve-src-symlinks -rename /tmp/boazapp-acceptance-sim/Build/Intermediates.noindex/boazapp.build/Debug-iphonesimulator/boazapp.build/Objects-normal/arm64/boazapp.swiftsourceinfo /tmp/boazapp-acceptance-sim/Build/Products/Debug-iphonesimulator/boazapp.swiftmodule/Project/arm64-apple-ios-simulator.swiftsourceinfo

CreateUniversalBinary /tmp/boazapp-acceptance-sim/Build/Products/Debug-iphonesimulator/boazapp.app/boazapp.debug.dylib normal arm64\ x86_64 (in target 'boazapp' from project 'boazapp')
    cd /Users/beckliu/Documents/0agentproject2026/boazapp
    /Applications/Xcode.app/Contents/Developer/Toolchains/XcodeDefault.xctoolchain/usr/bin/lipo -create /tmp/boazapp-acceptance-sim/Build/Intermediates.noindex/boazapp.build/Debug-iphonesimulator/boazapp.build/Objects-normal/arm64/Binary/boazapp.debug.dylib /tmp/boazapp-acceptance-sim/Build/Intermediates.noindex/boazapp.build/Debug-iphonesimulator/boazapp.build/Objects-normal/x86_64/Binary/boazapp.debug.dylib -output /tmp/boazapp-acceptance-sim/Build/Products/Debug-iphonesimulator/boazapp.app/boazapp.debug.dylib

ConstructStubExecutorLinkFileList /tmp/boazapp-acceptance-sim/Build/Intermediates.noindex/boazapp.build/Debug-iphonesimulator/boazapp.build/boazapp-ExecutorLinkFileList-normal-arm64.txt (in target 'boazapp' from project 'boazapp')
    cd /Users/beckliu/Documents/0agentproject2026/boazapp
    construct-stub-executor-link-file-list /tmp/boazapp-acceptance-sim/Build/Intermediates.noindex/boazapp.build/Debug-iphonesimulator/boazapp.build/Objects-normal/arm64/Binary/boazapp.debug.dylib /Applications/Xcode.app/Contents/Developer/Platforms/iPhoneSimulator.platform/Developer/usr/lib/libPreviewsJITStubExecutor_no_swift_entry_point.a /Applications/Xcode.app/Contents/Developer/Platforms/iPhoneSimulator.platform/Developer/usr/lib/libPreviewsJITStubExecutor.a --output /tmp/boazapp-acceptance-sim/Build/Intermediates.noindex/boazapp.build/Debug-iphonesimulator/boazapp.build/boazapp-ExecutorLinkFileList-normal-arm64.txt
note: Using stub executor library with Swift entry point. (in target 'boazapp' from project 'boazapp')

ConstructStubExecutorLinkFileList /tmp/boazapp-acceptance-sim/Build/Intermediates.noindex/boazapp.build/Debug-iphonesimulator/boazapp.build/boazapp-ExecutorLinkFileList-normal-x86_64.txt (in target 'boazapp' from project 'boazapp')
    cd /Users/beckliu/Documents/0agentproject2026/boazapp
    construct-stub-executor-link-file-list /tmp/boazapp-acceptance-sim/Build/Intermediates.noindex/boazapp.build/Debug-iphonesimulator/boazapp.build/Objects-normal/x86_64/Binary/boazapp.debug.dylib /Applications/Xcode.app/Contents/Developer/Platforms/iPhoneSimulator.platform/Developer/usr/lib/libPreviewsJITStubExecutor_no_swift_entry_point.a /Applications/Xcode.app/Contents/Developer/Platforms/iPhoneSimulator.platform/Developer/usr/lib/libPreviewsJITStubExecutor.a --output /tmp/boazapp-acceptance-sim/Build/Intermediates.noindex/boazapp.build/Debug-iphonesimulator/boazapp.build/boazapp-ExecutorLinkFileList-normal-x86_64.txt
note: Using stub executor library with Swift entry point. (in target 'boazapp' from project 'boazapp')

Ld /tmp/boazapp-acceptance-sim/Build/Intermediates.noindex/boazapp.build/Debug-iphonesimulator/boazapp.build/Objects-normal/x86_64/Binary/boazapp normal x86_64 (in target 'boazapp' from project 'boazapp')
    cd /Users/beckliu/Documents/0agentproject2026/boazapp
    /Applications/Xcode.app/Contents/Developer/Toolchains/XcodeDefault.xctoolchain/usr/bin/clang -Xlinker -reproducible -target x86_64-apple-ios17.0-simulator -isysroot /Applications/Xcode.app/Contents/Developer/Platforms/iPhoneSimulator.platform/Developer/SDKs/iPhoneSimulator27.0.sdk -Os -Xlinker -no_warn_duplicate_libraries -L/tmp/boazapp-acceptance-sim/Build/Products/Debug-iphonesimulator -F/tmp/boazapp-acceptance-sim/Build/Products/Debug-iphonesimulator -Xlinker -rpath -Xlinker @executable_path -rdynamic -Xlinker -objc_abi_version -Xlinker 2 -e ___debug_blank_executor_main -Xlinker -sectcreate -Xlinker __TEXT -Xlinker __debug_dylib -Xlinker /tmp/boazapp-acceptance-sim/Build/Intermediates.noindex/boazapp.build/Debug-iphonesimulator/boazapp.build/boazapp-DebugDylibPath-normal-x86_64.txt -Xlinker -sectcreate -Xlinker __TEXT -Xlinker __debug_instlnm -Xlinker /tmp/boazapp-acceptance-sim/Build/Intermediates.noindex/boazapp.build/Debug-iphonesimulator/boazapp.build/boazapp-DebugDylibInstallName-normal-x86_64.txt -Xlinker -filelist -Xlinker /tmp/boazapp-acceptance-sim/Build/Intermediates.noindex/boazapp.build/Debug-iphonesimulator/boazapp.build/boazapp-ExecutorLinkFileList-normal-x86_64.txt /tmp/boazapp-acceptance-sim/Build/Intermediates.noindex/boazapp.build/Debug-iphonesimulator/boazapp.build/Objects-normal/x86_64/Binary/boazapp.debug.dylib -o /tmp/boazapp-acceptance-sim/Build/Intermediates.noindex/boazapp.build/Debug-iphonesimulator/boazapp.build/Objects-normal/x86_64/Binary/boazapp

Ld /tmp/boazapp-acceptance-sim/Build/Intermediates.noindex/boazapp.build/Debug-iphonesimulator/boazapp.build/Objects-normal/arm64/Binary/boazapp normal arm64 (in target 'boazapp' from project 'boazapp')
    cd /Users/beckliu/Documents/0agentproject2026/boazapp
    /Applications/Xcode.app/Contents/Developer/Toolchains/XcodeDefault.xctoolchain/usr/bin/clang -Xlinker -reproducible -target arm64-apple-ios17.0-simulator -isysroot /Applications/Xcode.app/Contents/Developer/Platforms/iPhoneSimulator.platform/Developer/SDKs/iPhoneSimulator27.0.sdk -Os -Xlinker -no_warn_duplicate_libraries -L/tmp/boazapp-acceptance-sim/Build/Products/Debug-iphonesimulator -F/tmp/boazapp-acceptance-sim/Build/Products/Debug-iphonesimulator -Xlinker -rpath -Xlinker @executable_path -rdynamic -Xlinker -objc_abi_version -Xlinker 2 -e ___debug_blank_executor_main -Xlinker -sectcreate -Xlinker __TEXT -Xlinker __debug_dylib -Xlinker /tmp/boazapp-acceptance-sim/Build/Intermediates.noindex/boazapp.build/Debug-iphonesimulator/boazapp.build/boazapp-DebugDylibPath-normal-arm64.txt -Xlinker -sectcreate -Xlinker __TEXT -Xlinker __debug_instlnm -Xlinker /tmp/boazapp-acceptance-sim/Build/Intermediates.noindex/boazapp.build/Debug-iphonesimulator/boazapp.build/boazapp-DebugDylibInstallName-normal-arm64.txt -Xlinker -filelist -Xlinker /tmp/boazapp-acceptance-sim/Build/Intermediates.noindex/boazapp.build/Debug-iphonesimulator/boazapp.build/boazapp-ExecutorLinkFileList-normal-arm64.txt /tmp/boazapp-acceptance-sim/Build/Intermediates.noindex/boazapp.build/Debug-iphonesimulator/boazapp.build/Objects-normal/arm64/Binary/boazapp.debug.dylib -o /tmp/boazapp-acceptance-sim/Build/Intermediates.noindex/boazapp.build/Debug-iphonesimulator/boazapp.build/Objects-normal/arm64/Binary/boazapp

CreateUniversalBinary /tmp/boazapp-acceptance-sim/Build/Products/Debug-iphonesimulator/boazapp.app/boazapp normal arm64\ x86_64 (in target 'boazapp' from project 'boazapp')
    cd /Users/beckliu/Documents/0agentproject2026/boazapp
    /Applications/Xcode.app/Contents/Developer/Toolchains/XcodeDefault.xctoolchain/usr/bin/lipo -create /tmp/boazapp-acceptance-sim/Build/Intermediates.noindex/boazapp.build/Debug-iphonesimulator/boazapp.build/Objects-normal/arm64/Binary/boazapp /tmp/boazapp-acceptance-sim/Build/Intermediates.noindex/boazapp.build/Debug-iphonesimulator/boazapp.build/Objects-normal/x86_64/Binary/boazapp -output /tmp/boazapp-acceptance-sim/Build/Products/Debug-iphonesimulator/boazapp.app/boazapp

ExtractAppIntentsMetadata (in target 'boazapp' from project 'boazapp')
    cd /Users/beckliu/Documents/0agentproject2026/boazapp
    /Applications/Xcode.app/Contents/Developer/Toolchains/XcodeDefault.xctoolchain/usr/bin/appintentsmetadataprocessor --toolchain-dir /Applications/Xcode.app/Contents/Developer/Toolchains/XcodeDefault.xctoolchain --module-name boazapp --sdk-root /Applications/Xcode.app/Contents/Developer/Platforms/iPhoneSimulator.platform/Developer/SDKs/iPhoneSimulator27.0.sdk --xcode-version 27A266a --platform-family iOS --deployment-target 17.0 --bundle-identifier com.beckliu.boazhealth --output /tmp/boazapp-acceptance-sim/Build/Products/Debug-iphonesimulator/boazapp.app --target-triple arm64-apple-ios17.0-simulator --target-triple x86_64-apple-ios17.0-simulator --binary-file /tmp/boazapp-acceptance-sim/Build/Products/Debug-iphonesimulator/boazapp.app/boazapp --dependency-file /tmp/boazapp-acceptance-sim/Build/Intermediates.noindex/boazapp.build/Debug-iphonesimulator/boazapp.build/Objects-normal/arm64/boazapp_dependency_info.dat --dependency-file /tmp/boazapp-acceptance-sim/Build/Intermediates.noindex/boazapp.build/Debug-iphonesimulator/boazapp.build/Objects-normal/x86_64/boazapp_dependency_info.dat --stringsdata-file /tmp/boazapp-acceptance-sim/Build/Intermediates.noindex/boazapp.build/Debug-iphonesimulator/boazapp.build/Objects-normal/arm64/ExtractedAppShortcutsMetadata.stringsdata --stringsdata-file /tmp/boazapp-acceptance-sim/Build/Intermediates.noindex/boazapp.build/Debug-iphonesimulator/boazapp.build/Objects-normal/x86_64/ExtractedAppShortcutsMetadata.stringsdata --source-file-list /tmp/boazapp-acceptance-sim/Build/Intermediates.noindex/boazapp.build/Debug-iphonesimulator/boazapp.build/Objects-normal/arm64/boazapp.SwiftFileList --source-file-list /tmp/boazapp-acceptance-sim/Build/Intermediates.noindex/boazapp.build/Debug-iphonesimulator/boazapp.build/Objects-normal/x86_64/boazapp.SwiftFileList --metadata-file-list /tmp/boazapp-acceptance-sim/Build/Intermediates.noindex/boazapp.build/Debug-iphonesimulator/boazapp.build/boazapp.DependencyMetadataFileList --static-metadata-file-list /tmp/boazapp-acceptance-sim/Build/Intermediates.noindex/boazapp.build/Debug-iphonesimulator/boazapp.build/boazapp.DependencyStaticMetadataFileList --swift-const-vals-list /tmp/boazapp-acceptance-sim/Build/Intermediates.noindex/boazapp.build/Debug-iphonesimulator/boazapp.build/Objects-normal/arm64/boazapp.SwiftConstValuesFileList --swift-const-vals-list /tmp/boazapp-acceptance-sim/Build/Intermediates.noindex/boazapp.build/Debug-iphonesimulator/boazapp.build/Objects-normal/x86_64/boazapp.SwiftConstValuesFileList --compile-time-extraction --deployment-aware-processing --no-app-shortcuts-localization
2026-09-18 16:14:21.359 appintentsmetadataprocessor[66998:10285066] Starting appintentsmetadataprocessor export
2026-09-18 16:14:21.363 appintentsmetadataprocessor[66998:10285066] warning: Metadata extraction skipped, no AppIntents.framework dependency found

GenerateDSYMFile /tmp/boazapp-acceptance-sim/Build/Products/Debug-iphonesimulator/boazapp.app.dSYM /tmp/boazapp-acceptance-sim/Build/Products/Debug-iphonesimulator/boazapp.app/boazapp (in target 'boazapp' from project 'boazapp')
    cd /Users/beckliu/Documents/0agentproject2026/boazapp
    export PATH\=/Applications/Xcode.app/Contents/SharedFrameworks/SwiftBuild.framework/Versions/A/PlugIns/SWBBuildService.bundle/Contents/PlugIns/SWBUniversalPlatformPlugin.bundle/Contents/Frameworks/SWBUniversalPlatform.framework/Resources:/Applications/Xcode.app/Contents/Developer/Toolchains/XcodeDefault.xctoolchain/usr/bin:/Applications/Xcode.app/Contents/Developer/Toolchains/XcodeDefault.xctoolchain/usr/local/bin:/Applications/Xcode.app/Contents/Developer/Toolchains/XcodeDefault.xctoolchain/usr/libexec:/Applications/Xcode.app/Contents/Developer/Platforms/iPhoneSimulator.platform/usr/bin:/Applications/Xcode.app/Contents/Developer/Platforms/iPhoneSimulator.platform/usr/local/bin:/Applications/Xcode.app/Contents/Developer/Platforms/iPhoneSimulator.platform/Developer/usr/bin:/Applications/Xcode.app/Contents/Developer/Platforms/iPhoneSimulator.platform/Developer/usr/local/bin:/Applications/Xcode.app/Contents/Developer/usr/bin:/Applications/Xcode.app/Contents/Developer/usr/local/bin:/Users/beckliu/.local/bin:/Users/beckliu/.antigravity-ide/antigravity-ide/bin:/Users/beckliu/.grok/bin:/Applications/Docker.app/Contents/Resources/bin:/Users/beckliu/Library/Python/3.9/bin:/Users/beckliu/.antigravity/antigravity/bin:/opt/homebrew/bin:/opt/homebrew/sbin:/usr/local/bin:/System/Cryptexes/App/usr/bin:/usr/bin:/bin:/usr/sbin:/sbin:/var/run/com.apple.security.cryptexd/codex.system/bootstrap/usr/local/bin:/var/run/com.apple.security.cryptexd/codex.system/bootstrap/usr/bin:/var/run/com.apple.security.cryptexd/codex.system/bootstrap/usr/appleinternal/bin:/pkg/env/global/bin:/Library/Apple/usr/bin:/Applications/VMware\ Fusion.app/Contents/Public:/usr/local/go/bin:/Users/beckliu/.codex/tmp/arg0/codex-arg0W1Z0wx:/Users/beckliu/.cache/codex-runtimes/codex-primary-runtime/dependencies/bin/override:/Users/beckliu/anaconda3/bin:/Users/beckliu/anaconda3/condabin:/Users/beckliu/.codex/tmp/arg0/codex-arg0UsE13V:/Users/beckliu/.codex/tmp/arg0/codex-arg0GqiPcW:/Users/beckliu/.cargo/bin:/Applications/ChatGPT.app/Contents/Resources:/Users/beckliu/.cache/codex-runtimes/codex-primary-runtime/dependencies/bin/fallback
    /Applications/Xcode.app/Contents/Developer/Toolchains/XcodeDefault.xctoolchain/usr/bin/dsymutil -q /tmp/boazapp-acceptance-sim/Build/Products/Debug-iphonesimulator/boazapp.app/boazapp -o /tmp/boazapp-acceptance-sim/Build/Products/Debug-iphonesimulator/boazapp.app.dSYM

ProcessInfoPlistFile /tmp/boazapp-acceptance-sim/Build/Products/Debug-iphonesimulator/boazapp.app/Info.plist /Users/beckliu/Documents/0agentproject2026/boazapp/boazapp/Resources/Info.plist (in target 'boazapp' from project 'boazapp')
    cd /Users/beckliu/Documents/0agentproject2026/boazapp
    builtin-infoPlistUtility /Users/beckliu/Documents/0agentproject2026/boazapp/boazapp/Resources/Info.plist -producttype com.apple.product-type.application -genpkginfo /tmp/boazapp-acceptance-sim/Build/Products/Debug-iphonesimulator/boazapp.app/PkgInfo -expandbuildsettings -format binary -platform iphonesimulator -additionalcontentfile /tmp/boazapp-acceptance-sim/Build/Intermediates.noindex/boazapp.build/Debug-iphonesimulator/boazapp.build/assetcatalog_generated_info.plist -o /tmp/boazapp-acceptance-sim/Build/Products/Debug-iphonesimulator/boazapp.app/Info.plist

CopySwiftLibs /tmp/boazapp-acceptance-sim/Build/Products/Debug-iphonesimulator/boazapp.app (in target 'boazapp' from project 'boazapp')
    cd /Users/beckliu/Documents/0agentproject2026/boazapp
    builtin-swiftStdLibTool --copy --verbose --scan-executable /tmp/boazapp-acceptance-sim/Build/Products/Debug-iphonesimulator/boazapp.app/boazapp.debug.dylib --scan-folder /tmp/boazapp-acceptance-sim/Build/Products/Debug-iphonesimulator/boazapp.app/Frameworks --scan-folder /tmp/boazapp-acceptance-sim/Build/Products/Debug-iphonesimulator/boazapp.app/PlugIns --scan-folder /tmp/boazapp-acceptance-sim/Build/Products/Debug-iphonesimulator/boazapp.app/SystemExtensions --scan-folder /tmp/boazapp-acceptance-sim/Build/Products/Debug-iphonesimulator/boazapp.app/Extensions --platform iphonesimulator --toolchain /Applications/Xcode.app/Contents/Developer/Toolchains/XcodeDefault.xctoolchain --destination /tmp/boazapp-acceptance-sim/Build/Products/Debug-iphonesimulator/boazapp.app/Frameworks --strip-bitcode --strip-bitcode-tool /Applications/Xcode.app/Contents/Developer/Toolchains/XcodeDefault.xctoolchain/usr/bin/bitcode_strip --emit-dependency-info /tmp/boazapp-acceptance-sim/Build/Intermediates.noindex/boazapp.build/Debug-iphonesimulator/boazapp.build/SwiftStdLibToolInputDependencies.dep --filter-for-swift-os
Ignoring --strip-bitcode because --sign was not passed

WriteAuxiliaryFile /tmp/boazapp-acceptance-sim/Build/Intermediates.noindex/boazapp.build/Debug-iphonesimulator/boazappTests.build/Objects-normal/x86_64/boazappTests.LinkFileList (in target 'boazappTests' from project 'boazapp')
    cd /Users/beckliu/Documents/0agentproject2026/boazapp
    write-file /tmp/boazapp-acceptance-sim/Build/Intermediates.noindex/boazapp.build/Debug-iphonesimulator/boazappTests.build/Objects-normal/x86_64/boazappTests.LinkFileList

WriteAuxiliaryFile /tmp/boazapp-acceptance-sim/Build/Intermediates.noindex/boazapp.build/Debug-iphonesimulator/boazappTests.build/Objects-normal/arm64/boazappTests.LinkFileList (in target 'boazappTests' from project 'boazapp')
    cd /Users/beckliu/Documents/0agentproject2026/boazapp
    write-file /tmp/boazapp-acceptance-sim/Build/Intermediates.noindex/boazapp.build/Debug-iphonesimulator/boazappTests.build/Objects-normal/arm64/boazappTests.LinkFileList

WriteAuxiliaryFile /tmp/boazapp-acceptance-sim/Build/Intermediates.noindex/boazapp.build/Debug-iphonesimulator/boazappTests.build/Objects-normal/arm64/boazappTests.SwiftFileList (in target 'boazappTests' from project 'boazapp')
    cd /Users/beckliu/Documents/0agentproject2026/boazapp
    write-file /tmp/boazapp-acceptance-sim/Build/Intermediates.noindex/boazapp.build/Debug-iphonesimulator/boazappTests.build/Objects-normal/arm64/boazappTests.SwiftFileList

WriteAuxiliaryFile /tmp/boazapp-acceptance-sim/Build/Intermediates.noindex/boazapp.build/Debug-iphonesimulator/boazappTests.build/Objects-normal/x86_64/boazappTests-OutputFileMap.json (in target 'boazappTests' from project 'boazapp')
    cd /Users/beckliu/Documents/0agentproject2026/boazapp
    write-file /tmp/boazapp-acceptance-sim/Build/Intermediates.noindex/boazapp.build/Debug-iphonesimulator/boazappTests.build/Objects-normal/x86_64/boazappTests-OutputFileMap.json

WriteAuxiliaryFile /tmp/boazapp-acceptance-sim/Build/Intermediates.noindex/boazapp.build/Debug-iphonesimulator/boazappTests.build/Objects-normal/arm64/boazappTests.SwiftConstValuesFileList (in target 'boazappTests' from project 'boazapp')
    cd /Users/beckliu/Documents/0agentproject2026/boazapp
    write-file /tmp/boazapp-acceptance-sim/Build/Intermediates.noindex/boazapp.build/Debug-iphonesimulator/boazappTests.build/Objects-normal/arm64/boazappTests.SwiftConstValuesFileList

WriteAuxiliaryFile /tmp/boazapp-acceptance-sim/Build/Intermediates.noindex/boazapp.build/Debug-iphonesimulator/boazappTests.build/Objects-normal/arm64/boazappTests-OutputFileMap.json (in target 'boazappTests' from project 'boazapp')
    cd /Users/beckliu/Documents/0agentproject2026/boazapp
    write-file /tmp/boazapp-acceptance-sim/Build/Intermediates.noindex/boazapp.build/Debug-iphonesimulator/boazappTests.build/Objects-normal/arm64/boazappTests-OutputFileMap.json

WriteAuxiliaryFile /tmp/boazapp-acceptance-sim/Build/Intermediates.noindex/boazapp.build/Debug-iphonesimulator/boazappTests.build/Objects-normal/x86_64/boazappTests.SwiftConstValuesFileList (in target 'boazappTests' from project 'boazapp')
    cd /Users/beckliu/Documents/0agentproject2026/boazapp
    write-file /tmp/boazapp-acceptance-sim/Build/Intermediates.noindex/boazapp.build/Debug-iphonesimulator/boazappTests.build/Objects-normal/x86_64/boazappTests.SwiftConstValuesFileList

WriteAuxiliaryFile /tmp/boazapp-acceptance-sim/Build/Intermediates.noindex/boazapp.build/Debug-iphonesimulator/boazappTests.build/Objects-normal/x86_64/boazappTests.SwiftFileList (in target 'boazappTests' from project 'boazapp')
    cd /Users/beckliu/Documents/0agentproject2026/boazapp
    write-file /tmp/boazapp-acceptance-sim/Build/Intermediates.noindex/boazapp.build/Debug-iphonesimulator/boazappTests.build/Objects-normal/x86_64/boazappTests.SwiftFileList

SwiftDriver boazappTests normal x86_64 com.apple.xcode.tools.swift.compiler (in target 'boazappTests' from project 'boazapp')
    cd /Users/beckliu/Documents/0agentproject2026/boazapp
    builtin-SwiftDriver -- /Applications/Xcode.app/Contents/Developer/Toolchains/XcodeDefault.xctoolchain/usr/bin/swiftc -module-name boazappTests -Onone @/tmp/boazapp-acceptance-sim/Build/Intermediates.noindex/boazapp.build/Debug-iphonesimulator/boazappTests.build/Objects-normal/x86_64/boazappTests.SwiftFileList -plugin-path /Applications/Xcode.app/Contents/Developer/Toolchains/XcodeDefault.xctoolchain/usr/lib/swift/host/plugins/testing -enable-experimental-feature DebugDescriptionMacro -sdk /Applications/Xcode.app/Contents/Developer/Platforms/iPhoneSimulator.platform/Developer/SDKs/iPhoneSimulator27.0.sdk -target x86_64-apple-ios17.0-simulator -g -module-cache-path /tmp/boazapp-acceptance-sim/ModuleCache.noindex -Xfrontend -serialize-debugging-options -index-store-path /tmp/boazapp-acceptance-sim/Index.noindex/DataStore -swift-version 6 -I /tmp/boazapp-acceptance-sim/Build/Products/Debug-iphonesimulator -Isystem /Applications/Xcode.app/Contents/Developer/Platforms/iPhoneSimulator.platform/Developer/usr/lib -F /tmp/boazapp-acceptance-sim/Build/Products/Debug-iphonesimulator -F /Applications/Xcode.app/Contents/Developer/Platforms/iPhoneSimulator.platform/Developer/Library/Frameworks -F /Applications/Xcode.app/Contents/Developer/Platforms/iPhoneSimulator.platform/Developer/SDKs/iPhoneSimulator27.0.sdk/Developer/Library/Frameworks -emit-localized-strings -emit-localized-strings-path /tmp/boazapp-acceptance-sim/Build/Intermediates.noindex/boazapp.build/Debug-iphonesimulator/boazappTests.build/Objects-normal/x86_64 -c -j18 -enable-batch-mode -incremental -Xcc -ivfsstatcache -Xcc /tmp/boazapp-acceptance-sim/SDKStatCaches.noindex/iphonesimulator27.0-24A430-8dc58220667be655e1bcc261a7455254.sdkstatcache -output-file-map /tmp/boazapp-acceptance-sim/Build/Intermediates.noindex/boazapp.build/Debug-iphonesimulator/boazappTests.build/Objects-normal/x86_64/boazappTests-OutputFileMap.json -save-temps -no-color-diagnostics -explicit-module-build -module-cache-path /tmp/boazapp-acceptance-sim/Build/Intermediates.noindex/SwiftExplicitPrecompiledModules -clang-scanner-module-cache-path /tmp/boazapp-acceptance-sim/ModuleCache.noindex -sdk-module-cache-path /tmp/boazapp-acceptance-sim/SDKExplicitPrecompiledModules -emit-dependencies -emit-module -emit-module-path /tmp/boazapp-acceptance-sim/Build/Intermediates.noindex/boazapp.build/Debug-iphonesimulator/boazappTests.build/Objects-normal/x86_64/boazappTests.swiftmodule -serialize-diagnostics -dependency-scan-serialize-diagnostics-path /tmp/boazapp-acceptance-sim/Build/Intermediates.noindex/boazapp.build/Debug-iphonesimulator/boazappTests.build/Objects-normal/x86_64/boazappTests-dependency-scan.dia -validate-clang-modules-once -clang-build-session-file /tmp/boazapp-acceptance-sim/ModuleCache.noindex/Session.modulevalidation -Xcc -fmodules-prune-interval\=86400 -Xcc -fmodules-prune-after\=345600 -emit-const-values -const-gather-protocols-list /tmp/boazapp-acceptance-sim/Build/Intermediates.noindex/boazapp.build/Debug-iphonesimulator/boazappTests.build/Objects-normal/x86_64/boazappTests_const_extract_protocols.json -Xcc -iquote -Xcc /tmp/boazapp-acceptance-sim/Build/Intermediates.noindex/boazapp.build/Debug-iphonesimulator/boazappTests.build/boazappTests-generated-files.hmap -Xcc -I/tmp/boazapp-acceptance-sim/Build/Intermediates.noindex/boazapp.build/Debug-iphonesimulator/boazappTests.build/boazappTests-own-target-headers.hmap -Xcc -I/tmp/boazapp-acceptance-sim/Build/Intermediates.noindex/boazapp.build/Debug-iphonesimulator/boazappTests.build/boazappTests-all-target-headers.hmap -Xcc -iquote -Xcc /tmp/boazapp-acceptance-sim/Build/Intermediates.noindex/boazapp.build/Debug-iphonesimulator/boazappTests.build/boazappTests-project-headers.hmap -Xcc -I/tmp/boazapp-acceptance-sim/Build/Products/Debug-iphonesimulator/include -Xcc -I/tmp/boazapp-acceptance-sim/Build/Intermediates.noindex/boazapp.build/Debug-iphonesimulator/boazappTests.build/DerivedSources-normal/x86_64 -Xcc -I/tmp/boazapp-acceptance-sim/Build/Intermediates.noindex/boazapp.build/Debug-iphonesimulator/boazappTests.build/DerivedSources/x86_64 -Xcc -I/tmp/boazapp-acceptance-sim/Build/Intermediates.noindex/boazapp.build/Debug-iphonesimulator/boazappTests.build/DerivedSources -emit-objc-header -emit-objc-header-path /tmp/boazapp-acceptance-sim/Build/Intermediates.noindex/boazapp.build/Debug-iphonesimulator/boazappTests.build/Objects-normal/x86_64/boazappTests-Swift.h -working-directory /Users/beckliu/Documents/0agentproject2026/boazapp -experimental-emit-module-separately -disable-cmo

SwiftDriver boazappTests normal arm64 com.apple.xcode.tools.swift.compiler (in target 'boazappTests' from project 'boazapp')
    cd /Users/beckliu/Documents/0agentproject2026/boazapp
    builtin-SwiftDriver -- /Applications/Xcode.app/Contents/Developer/Toolchains/XcodeDefault.xctoolchain/usr/bin/swiftc -module-name boazappTests -Onone @/tmp/boazapp-acceptance-sim/Build/Intermediates.noindex/boazapp.build/Debug-iphonesimulator/boazappTests.build/Objects-normal/arm64/boazappTests.SwiftFileList -plugin-path /Applications/Xcode.app/Contents/Developer/Toolchains/XcodeDefault.xctoolchain/usr/lib/swift/host/plugins/testing -enable-experimental-feature DebugDescriptionMacro -sdk /Applications/Xcode.app/Contents/Developer/Platforms/iPhoneSimulator.platform/Developer/SDKs/iPhoneSimulator27.0.sdk -target arm64-apple-ios17.0-simulator -g -module-cache-path /tmp/boazapp-acceptance-sim/ModuleCache.noindex -Xfrontend -serialize-debugging-options -index-store-path /tmp/boazapp-acceptance-sim/Index.noindex/DataStore -swift-version 6 -I /tmp/boazapp-acceptance-sim/Build/Products/Debug-iphonesimulator -Isystem /Applications/Xcode.app/Contents/Developer/Platforms/iPhoneSimulator.platform/Developer/usr/lib -F /tmp/boazapp-acceptance-sim/Build/Products/Debug-iphonesimulator -F /Applications/Xcode.app/Contents/Developer/Platforms/iPhoneSimulator.platform/Developer/Library/Frameworks -F /Applications/Xcode.app/Contents/Developer/Platforms/iPhoneSimulator.platform/Developer/SDKs/iPhoneSimulator27.0.sdk/Developer/Library/Frameworks -emit-localized-strings -emit-localized-strings-path /tmp/boazapp-acceptance-sim/Build/Intermediates.noindex/boazapp.build/Debug-iphonesimulator/boazappTests.build/Objects-normal/arm64 -c -j18 -enable-batch-mode -incremental -Xcc -ivfsstatcache -Xcc /tmp/boazapp-acceptance-sim/SDKStatCaches.noindex/iphonesimulator27.0-24A430-8dc58220667be655e1bcc261a7455254.sdkstatcache -output-file-map /tmp/boazapp-acceptance-sim/Build/Intermediates.noindex/boazapp.build/Debug-iphonesimulator/boazappTests.build/Objects-normal/arm64/boazappTests-OutputFileMap.json -save-temps -no-color-diagnostics -explicit-module-build -module-cache-path /tmp/boazapp-acceptance-sim/Build/Intermediates.noindex/SwiftExplicitPrecompiledModules -clang-scanner-module-cache-path /tmp/boazapp-acceptance-sim/ModuleCache.noindex -sdk-module-cache-path /tmp/boazapp-acceptance-sim/SDKExplicitPrecompiledModules -emit-dependencies -emit-module -emit-module-path /tmp/boazapp-acceptance-sim/Build/Intermediates.noindex/boazapp.build/Debug-iphonesimulator/boazappTests.build/Objects-normal/arm64/boazappTests.swiftmodule -serialize-diagnostics -dependency-scan-serialize-diagnostics-path /tmp/boazapp-acceptance-sim/Build/Intermediates.noindex/boazapp.build/Debug-iphonesimulator/boazappTests.build/Objects-normal/arm64/boazappTests-dependency-scan.dia -validate-clang-modules-once -clang-build-session-file /tmp/boazapp-acceptance-sim/ModuleCache.noindex/Session.modulevalidation -Xcc -fmodules-prune-interval\=86400 -Xcc -fmodules-prune-after\=345600 -emit-const-values -const-gather-protocols-list /tmp/boazapp-acceptance-sim/Build/Intermediates.noindex/boazapp.build/Debug-iphonesimulator/boazappTests.build/Objects-normal/arm64/boazappTests_const_extract_protocols.json -Xcc -iquote -Xcc /tmp/boazapp-acceptance-sim/Build/Intermediates.noindex/boazapp.build/Debug-iphonesimulator/boazappTests.build/boazappTests-generated-files.hmap -Xcc -I/tmp/boazapp-acceptance-sim/Build/Intermediates.noindex/boazapp.build/Debug-iphonesimulator/boazappTests.build/boazappTests-own-target-headers.hmap -Xcc -I/tmp/boazapp-acceptance-sim/Build/Intermediates.noindex/boazapp.build/Debug-iphonesimulator/boazappTests.build/boazappTests-all-target-headers.hmap -Xcc -iquote -Xcc /tmp/boazapp-acceptance-sim/Build/Intermediates.noindex/boazapp.build/Debug-iphonesimulator/boazappTests.build/boazappTests-project-headers.hmap -Xcc -I/tmp/boazapp-acceptance-sim/Build/Products/Debug-iphonesimulator/include -Xcc -I/tmp/boazapp-acceptance-sim/Build/Intermediates.noindex/boazapp.build/Debug-iphonesimulator/boazappTests.build/DerivedSources-normal/arm64 -Xcc -I/tmp/boazapp-acceptance-sim/Build/Intermediates.noindex/boazapp.build/Debug-iphonesimulator/boazappTests.build/DerivedSources/arm64 -Xcc -I/tmp/boazapp-acceptance-sim/Build/Intermediates.noindex/boazapp.build/Debug-iphonesimulator/boazappTests.build/DerivedSources -emit-objc-header -emit-objc-header-path /tmp/boazapp-acceptance-sim/Build/Intermediates.noindex/boazapp.build/Debug-iphonesimulator/boazappTests.build/Objects-normal/arm64/boazappTests-Swift.h -working-directory /Users/beckliu/Documents/0agentproject2026/boazapp -experimental-emit-module-separately -disable-cmo

GenerateDSYMFile /tmp/boazapp-acceptance-sim/Build/Products/Debug-iphonesimulator/boazapp.app.dSYM /tmp/boazapp-acceptance-sim/Build/Products/Debug-iphonesimulator/boazapp.app/boazapp.debug.dylib (in target 'boazapp' from project 'boazapp')
    cd /Users/beckliu/Documents/0agentproject2026/boazapp
    export PATH\=/Applications/Xcode.app/Contents/SharedFrameworks/SwiftBuild.framework/Versions/A/PlugIns/SWBBuildService.bundle/Contents/PlugIns/SWBUniversalPlatformPlugin.bundle/Contents/Frameworks/SWBUniversalPlatform.framework/Resources:/Applications/Xcode.app/Contents/Developer/Toolchains/XcodeDefault.xctoolchain/usr/bin:/Applications/Xcode.app/Contents/Developer/Toolchains/XcodeDefault.xctoolchain/usr/local/bin:/Applications/Xcode.app/Contents/Developer/Toolchains/XcodeDefault.xctoolchain/usr/libexec:/Applications/Xcode.app/Contents/Developer/Platforms/iPhoneSimulator.platform/usr/bin:/Applications/Xcode.app/Contents/Developer/Platforms/iPhoneSimulator.platform/usr/local/bin:/Applications/Xcode.app/Contents/Developer/Platforms/iPhoneSimulator.platform/Developer/usr/bin:/Applications/Xcode.app/Contents/Developer/Platforms/iPhoneSimulator.platform/Developer/usr/local/bin:/Applications/Xcode.app/Contents/Developer/usr/bin:/Applications/Xcode.app/Contents/Developer/usr/local/bin:/Users/beckliu/.local/bin:/Users/beckliu/.antigravity-ide/antigravity-ide/bin:/Users/beckliu/.grok/bin:/Applications/Docker.app/Contents/Resources/bin:/Users/beckliu/Library/Python/3.9/bin:/Users/beckliu/.antigravity/antigravity/bin:/opt/homebrew/bin:/opt/homebrew/sbin:/usr/local/bin:/System/Cryptexes/App/usr/bin:/usr/bin:/bin:/usr/sbin:/sbin:/var/run/com.apple.security.cryptexd/codex.system/bootstrap/usr/local/bin:/var/run/com.apple.security.cryptexd/codex.system/bootstrap/usr/bin:/var/run/com.apple.security.cryptexd/codex.system/bootstrap/usr/appleinternal/bin:/pkg/env/global/bin:/Library/Apple/usr/bin:/Applications/VMware\ Fusion.app/Contents/Public:/usr/local/go/bin:/Users/beckliu/.codex/tmp/arg0/codex-arg0W1Z0wx:/Users/beckliu/.cache/codex-runtimes/codex-primary-runtime/dependencies/bin/override:/Users/beckliu/anaconda3/bin:/Users/beckliu/anaconda3/condabin:/Users/beckliu/.codex/tmp/arg0/codex-arg0UsE13V:/Users/beckliu/.codex/tmp/arg0/codex-arg0GqiPcW:/Users/beckliu/.cargo/bin:/Applications/ChatGPT.app/Contents/Resources:/Users/beckliu/.cache/codex-runtimes/codex-primary-runtime/dependencies/bin/fallback
    /Applications/Xcode.app/Contents/Developer/Toolchains/XcodeDefault.xctoolchain/usr/bin/dsymutil /tmp/boazapp-acceptance-sim/Build/Products/Debug-iphonesimulator/boazapp.app/boazapp.debug.dylib -o /tmp/boazapp-acceptance-sim/Build/Products/Debug-iphonesimulator/boazapp.app.dSYM

ProcessInfoPlistFile /tmp/boazapp-acceptance-sim/Build/Products/Debug-iphonesimulator/boazapp.app/PlugIns/boazappTests.xctest/Info.plist /tmp/boazapp-acceptance-sim/Build/Intermediates.noindex/boazapp.build/Debug-iphonesimulator/boazappTests.build/empty-boazappTests.plist (in target 'boazappTests' from project 'boazapp')
    cd /Users/beckliu/Documents/0agentproject2026/boazapp
    builtin-infoPlistUtility /tmp/boazapp-acceptance-sim/Build/Intermediates.noindex/boazapp.build/Debug-iphonesimulator/boazappTests.build/empty-boazappTests.plist -producttype com.apple.product-type.bundle.unit-test -expandbuildsettings -format binary -platform iphonesimulator -o /tmp/boazapp-acceptance-sim/Build/Products/Debug-iphonesimulator/boazapp.app/PlugIns/boazappTests.xctest/Info.plist

SwiftEmitModule normal x86_64 Emitting\ module\ for\ boazappTests (in target 'boazappTests' from project 'boazapp')

SwiftCompile normal x86_64 (in target 'boazappTests' from project 'boazapp')
    cd /Users/beckliu/Documents/0agentproject2026/boazapp
    

SwiftCompile normal x86_64 Compiling\ WorkoutDetailDispatcherTests.swift /Users/beckliu/Documents/0agentproject2026/boazapp/Tests/WorkoutDetailDispatcherTests.swift (in target 'boazappTests' from project 'boazapp')

SwiftCompile normal x86_64 /Users/beckliu/Documents/0agentproject2026/boazapp/Tests/WorkoutDetailDispatcherTests.swift (in target 'boazappTests' from project 'boazapp')
    cd /Users/beckliu/Documents/0agentproject2026/boazapp
    builtin-SwiftPerFileCompile WorkoutDetailDispatcherTests.swift

SwiftCompile normal x86_64 Compiling\ LocalLedgerTests.swift /Users/beckliu/Documents/0agentproject2026/boazapp/Tests/LocalLedgerTests.swift (in target 'boazappTests' from project 'boazapp')

SwiftCompile normal x86_64 /Users/beckliu/Documents/0agentproject2026/boazapp/Tests/LocalLedgerTests.swift (in target 'boazappTests' from project 'boazapp')
    cd /Users/beckliu/Documents/0agentproject2026/boazapp
    builtin-SwiftPerFileCompile LocalLedgerTests.swift

SwiftCompile normal x86_64 Compiling\ SleepVitalWindowTests.swift /Users/beckliu/Documents/0agentproject2026/boazapp/Tests/SleepVitalWindowTests.swift (in target 'boazappTests' from project 'boazapp')

SwiftCompile normal x86_64 /Users/beckliu/Documents/0agentproject2026/boazapp/Tests/SleepVitalWindowTests.swift (in target 'boazappTests' from project 'boazapp')
    cd /Users/beckliu/Documents/0agentproject2026/boazapp
    builtin-SwiftPerFileCompile SleepVitalWindowTests.swift

SwiftCompile normal arm64 Compiling\ LocalLedgerTests.swift /Users/beckliu/Documents/0agentproject2026/boazapp/Tests/LocalLedgerTests.swift (in target 'boazappTests' from project 'boazapp')

SwiftCompile normal arm64 /Users/beckliu/Documents/0agentproject2026/boazapp/Tests/LocalLedgerTests.swift (in target 'boazappTests' from project 'boazapp')
    cd /Users/beckliu/Documents/0agentproject2026/boazapp
    builtin-SwiftPerFileCompile LocalLedgerTests.swift

SwiftCompile normal arm64 Compiling\ SleepHistoryTests.swift /Users/beckliu/Documents/0agentproject2026/boazapp/Tests/SleepHistoryTests.swift (in target 'boazappTests' from project 'boazapp')

SwiftCompile normal arm64 /Users/beckliu/Documents/0agentproject2026/boazapp/Tests/SleepHistoryTests.swift (in target 'boazappTests' from project 'boazapp')
    cd /Users/beckliu/Documents/0agentproject2026/boazapp
    builtin-SwiftPerFileCompile SleepHistoryTests.swift

SwiftCompile normal arm64 Compiling\ TokyoEndpointTests.swift /Users/beckliu/Documents/0agentproject2026/boazapp/Tests/TokyoEndpointTests.swift (in target 'boazappTests' from project 'boazapp')

SwiftCompile normal arm64 /Users/beckliu/Documents/0agentproject2026/boazapp/Tests/TokyoEndpointTests.swift (in target 'boazappTests' from project 'boazapp')
    cd /Users/beckliu/Documents/0agentproject2026/boazapp
    builtin-SwiftPerFileCompile TokyoEndpointTests.swift

SwiftCompile normal arm64 Compiling\ SleepVitalWindowTests.swift /Users/beckliu/Documents/0agentproject2026/boazapp/Tests/SleepVitalWindowTests.swift (in target 'boazappTests' from project 'boazapp')

SwiftCompile normal arm64 /Users/beckliu/Documents/0agentproject2026/boazapp/Tests/SleepVitalWindowTests.swift (in target 'boazappTests' from project 'boazapp')
    cd /Users/beckliu/Documents/0agentproject2026/boazapp
    builtin-SwiftPerFileCompile SleepVitalWindowTests.swift

SwiftEmitModule normal arm64 Emitting\ module\ for\ boazappTests (in target 'boazappTests' from project 'boazapp')

SwiftCompile normal arm64 (in target 'boazappTests' from project 'boazapp')
    cd /Users/beckliu/Documents/0agentproject2026/boazapp
    

SwiftCompile normal x86_64 Compiling\ SleepHistoryTests.swift /Users/beckliu/Documents/0agentproject2026/boazapp/Tests/SleepHistoryTests.swift (in target 'boazappTests' from project 'boazapp')

SwiftCompile normal x86_64 /Users/beckliu/Documents/0agentproject2026/boazapp/Tests/SleepHistoryTests.swift (in target 'boazappTests' from project 'boazapp')
    cd /Users/beckliu/Documents/0agentproject2026/boazapp
    builtin-SwiftPerFileCompile SleepHistoryTests.swift

SwiftCompile normal x86_64 Compiling\ TokyoEndpointTests.swift /Users/beckliu/Documents/0agentproject2026/boazapp/Tests/TokyoEndpointTests.swift (in target 'boazappTests' from project 'boazapp')

SwiftCompile normal x86_64 /Users/beckliu/Documents/0agentproject2026/boazapp/Tests/TokyoEndpointTests.swift (in target 'boazappTests' from project 'boazapp')
    cd /Users/beckliu/Documents/0agentproject2026/boazapp
    builtin-SwiftPerFileCompile TokyoEndpointTests.swift

SwiftCompile normal arm64 Compiling\ WorkoutDetailDispatcherTests.swift /Users/beckliu/Documents/0agentproject2026/boazapp/Tests/WorkoutDetailDispatcherTests.swift (in target 'boazappTests' from project 'boazapp')

SwiftCompile normal arm64 /Users/beckliu/Documents/0agentproject2026/boazapp/Tests/WorkoutDetailDispatcherTests.swift (in target 'boazappTests' from project 'boazapp')
    cd /Users/beckliu/Documents/0agentproject2026/boazapp
    builtin-SwiftPerFileCompile WorkoutDetailDispatcherTests.swift

SwiftDriverJobDiscovery normal x86_64 Emitting module for boazappTests (in target 'boazappTests' from project 'boazapp')

SwiftDriver\ Compilation\ Requirements boazappTests normal x86_64 com.apple.xcode.tools.swift.compiler (in target 'boazappTests' from project 'boazapp')
    cd /Users/beckliu/Documents/0agentproject2026/boazapp
    builtin-Swift-Compilation-Requirements -- /Applications/Xcode.app/Contents/Developer/Toolchains/XcodeDefault.xctoolchain/usr/bin/swiftc -module-name boazappTests -Onone @/tmp/boazapp-acceptance-sim/Build/Intermediates.noindex/boazapp.build/Debug-iphonesimulator/boazappTests.build/Objects-normal/x86_64/boazappTests.SwiftFileList -plugin-path /Applications/Xcode.app/Contents/Developer/Toolchains/XcodeDefault.xctoolchain/usr/lib/swift/host/plugins/testing -enable-experimental-feature DebugDescriptionMacro -sdk /Applications/Xcode.app/Contents/Developer/Platforms/iPhoneSimulator.platform/Developer/SDKs/iPhoneSimulator27.0.sdk -target x86_64-apple-ios17.0-simulator -g -module-cache-path /tmp/boazapp-acceptance-sim/ModuleCache.noindex -Xfrontend -serialize-debugging-options -index-store-path /tmp/boazapp-acceptance-sim/Index.noindex/DataStore -swift-version 6 -I /tmp/boazapp-acceptance-sim/Build/Products/Debug-iphonesimulator -Isystem /Applications/Xcode.app/Contents/Developer/Platforms/iPhoneSimulator.platform/Developer/usr/lib -F /tmp/boazapp-acceptance-sim/Build/Products/Debug-iphonesimulator -F /Applications/Xcode.app/Contents/Developer/Platforms/iPhoneSimulator.platform/Developer/Library/Frameworks -F /Applications/Xcode.app/Contents/Developer/Platforms/iPhoneSimulator.platform/Developer/SDKs/iPhoneSimulator27.0.sdk/Developer/Library/Frameworks -emit-localized-strings -emit-localized-strings-path /tmp/boazapp-acceptance-sim/Build/Intermediates.noindex/boazapp.build/Debug-iphonesimulator/boazappTests.build/Objects-normal/x86_64 -c -j18 -enable-batch-mode -incremental -Xcc -ivfsstatcache -Xcc /tmp/boazapp-acceptance-sim/SDKStatCaches.noindex/iphonesimulator27.0-24A430-8dc58220667be655e1bcc261a7455254.sdkstatcache -output-file-map /tmp/boazapp-acceptance-sim/Build/Intermediates.noindex/boazapp.build/Debug-iphonesimulator/boazappTests.build/Objects-normal/x86_64/boazappTests-OutputFileMap.json -save-temps -no-color-diagnostics -explicit-module-build -module-cache-path /tmp/boazapp-acceptance-sim/Build/Intermediates.noindex/SwiftExplicitPrecompiledModules -clang-scanner-module-cache-path /tmp/boazapp-acceptance-sim/ModuleCache.noindex -sdk-module-cache-path /tmp/boazapp-acceptance-sim/SDKExplicitPrecompiledModules -emit-dependencies -emit-module -emit-module-path /tmp/boazapp-acceptance-sim/Build/Intermediates.noindex/boazapp.build/Debug-iphonesimulator/boazappTests.build/Objects-normal/x86_64/boazappTests.swiftmodule -serialize-diagnostics -dependency-scan-serialize-diagnostics-path /tmp/boazapp-acceptance-sim/Build/Intermediates.noindex/boazapp.build/Debug-iphonesimulator/boazappTests.build/Objects-normal/x86_64/boazappTests-dependency-scan.dia -validate-clang-modules-once -clang-build-session-file /tmp/boazapp-acceptance-sim/ModuleCache.noindex/Session.modulevalidation -Xcc -fmodules-prune-interval\=86400 -Xcc -fmodules-prune-after\=345600 -emit-const-values -const-gather-protocols-list /tmp/boazapp-acceptance-sim/Build/Intermediates.noindex/boazapp.build/Debug-iphonesimulator/boazappTests.build/Objects-normal/x86_64/boazappTests_const_extract_protocols.json -Xcc -iquote -Xcc /tmp/boazapp-acceptance-sim/Build/Intermediates.noindex/boazapp.build/Debug-iphonesimulator/boazappTests.build/boazappTests-generated-files.hmap -Xcc -I/tmp/boazapp-acceptance-sim/Build/Intermediates.noindex/boazapp.build/Debug-iphonesimulator/boazappTests.build/boazappTests-own-target-headers.hmap -Xcc -I/tmp/boazapp-acceptance-sim/Build/Intermediates.noindex/boazapp.build/Debug-iphonesimulator/boazappTests.build/boazappTests-all-target-headers.hmap -Xcc -iquote -Xcc /tmp/boazapp-acceptance-sim/Build/Intermediates.noindex/boazapp.build/Debug-iphonesimulator/boazappTests.build/boazappTests-project-headers.hmap -Xcc -I/tmp/boazapp-acceptance-sim/Build/Products/Debug-iphonesimulator/include -Xcc -I/tmp/boazapp-acceptance-sim/Build/Intermediates.noindex/boazapp.build/Debug-iphonesimulator/boazappTests.build/DerivedSources-normal/x86_64 -Xcc -I/tmp/boazapp-acceptance-sim/Build/Intermediates.noindex/boazapp.build/Debug-iphonesimulator/boazappTests.build/DerivedSources/x86_64 -Xcc -I/tmp/boazapp-acceptance-sim/Build/Intermediates.noindex/boazapp.build/Debug-iphonesimulator/boazappTests.build/DerivedSources -emit-objc-header -emit-objc-header-path /tmp/boazapp-acceptance-sim/Build/Intermediates.noindex/boazapp.build/Debug-iphonesimulator/boazappTests.build/Objects-normal/x86_64/boazappTests-Swift.h -working-directory /Users/beckliu/Documents/0agentproject2026/boazapp -experimental-emit-module-separately -disable-cmo

SwiftDriverJobDiscovery normal arm64 Emitting module for boazappTests (in target 'boazappTests' from project 'boazapp')

SwiftDriver\ Compilation\ Requirements boazappTests normal arm64 com.apple.xcode.tools.swift.compiler (in target 'boazappTests' from project 'boazapp')
    cd /Users/beckliu/Documents/0agentproject2026/boazapp
    builtin-Swift-Compilation-Requirements -- /Applications/Xcode.app/Contents/Developer/Toolchains/XcodeDefault.xctoolchain/usr/bin/swiftc -module-name boazappTests -Onone @/tmp/boazapp-acceptance-sim/Build/Intermediates.noindex/boazapp.build/Debug-iphonesimulator/boazappTests.build/Objects-normal/arm64/boazappTests.SwiftFileList -plugin-path /Applications/Xcode.app/Contents/Developer/Toolchains/XcodeDefault.xctoolchain/usr/lib/swift/host/plugins/testing -enable-experimental-feature DebugDescriptionMacro -sdk /Applications/Xcode.app/Contents/Developer/Platforms/iPhoneSimulator.platform/Developer/SDKs/iPhoneSimulator27.0.sdk -target arm64-apple-ios17.0-simulator -g -module-cache-path /tmp/boazapp-acceptance-sim/ModuleCache.noindex -Xfrontend -serialize-debugging-options -index-store-path /tmp/boazapp-acceptance-sim/Index.noindex/DataStore -swift-version 6 -I /tmp/boazapp-acceptance-sim/Build/Products/Debug-iphonesimulator -Isystem /Applications/Xcode.app/Contents/Developer/Platforms/iPhoneSimulator.platform/Developer/usr/lib -F /tmp/boazapp-acceptance-sim/Build/Products/Debug-iphonesimulator -F /Applications/Xcode.app/Contents/Developer/Platforms/iPhoneSimulator.platform/Developer/Library/Frameworks -F /Applications/Xcode.app/Contents/Developer/Platforms/iPhoneSimulator.platform/Developer/SDKs/iPhoneSimulator27.0.sdk/Developer/Library/Frameworks -emit-localized-strings -emit-localized-strings-path /tmp/boazapp-acceptance-sim/Build/Intermediates.noindex/boazapp.build/Debug-iphonesimulator/boazappTests.build/Objects-normal/arm64 -c -j18 -enable-batch-mode -incremental -Xcc -ivfsstatcache -Xcc /tmp/boazapp-acceptance-sim/SDKStatCaches.noindex/iphonesimulator27.0-24A430-8dc58220667be655e1bcc261a7455254.sdkstatcache -output-file-map /tmp/boazapp-acceptance-sim/Build/Intermediates.noindex/boazapp.build/Debug-iphonesimulator/boazappTests.build/Objects-normal/arm64/boazappTests-OutputFileMap.json -save-temps -no-color-diagnostics -explicit-module-build -module-cache-path /tmp/boazapp-acceptance-sim/Build/Intermediates.noindex/SwiftExplicitPrecompiledModules -clang-scanner-module-cache-path /tmp/boazapp-acceptance-sim/ModuleCache.noindex -sdk-module-cache-path /tmp/boazapp-acceptance-sim/SDKExplicitPrecompiledModules -emit-dependencies -emit-module -emit-module-path /tmp/boazapp-acceptance-sim/Build/Intermediates.noindex/boazapp.build/Debug-iphonesimulator/boazappTests.build/Objects-normal/arm64/boazappTests.swiftmodule -serialize-diagnostics -dependency-scan-serialize-diagnostics-path /tmp/boazapp-acceptance-sim/Build/Intermediates.noindex/boazapp.build/Debug-iphonesimulator/boazappTests.build/Objects-normal/arm64/boazappTests-dependency-scan.dia -validate-clang-modules-once -clang-build-session-file /tmp/boazapp-acceptance-sim/ModuleCache.noindex/Session.modulevalidation -Xcc -fmodules-prune-interval\=86400 -Xcc -fmodules-prune-after\=345600 -emit-const-values -const-gather-protocols-list /tmp/boazapp-acceptance-sim/Build/Intermediates.noindex/boazapp.build/Debug-iphonesimulator/boazappTests.build/Objects-normal/arm64/boazappTests_const_extract_protocols.json -Xcc -iquote -Xcc /tmp/boazapp-acceptance-sim/Build/Intermediates.noindex/boazapp.build/Debug-iphonesimulator/boazappTests.build/boazappTests-generated-files.hmap -Xcc -I/tmp/boazapp-acceptance-sim/Build/Intermediates.noindex/boazapp.build/Debug-iphonesimulator/boazappTests.build/boazappTests-own-target-headers.hmap -Xcc -I/tmp/boazapp-acceptance-sim/Build/Intermediates.noindex/boazapp.build/Debug-iphonesimulator/boazappTests.build/boazappTests-all-target-headers.hmap -Xcc -iquote -Xcc /tmp/boazapp-acceptance-sim/Build/Intermediates.noindex/boazapp.build/Debug-iphonesimulator/boazappTests.build/boazappTests-project-headers.hmap -Xcc -I/tmp/boazapp-acceptance-sim/Build/Products/Debug-iphonesimulator/include -Xcc -I/tmp/boazapp-acceptance-sim/Build/Intermediates.noindex/boazapp.build/Debug-iphonesimulator/boazappTests.build/DerivedSources-normal/arm64 -Xcc -I/tmp/boazapp-acceptance-sim/Build/Intermediates.noindex/boazapp.build/Debug-iphonesimulator/boazappTests.build/DerivedSources/arm64 -Xcc -I/tmp/boazapp-acceptance-sim/Build/Intermediates.noindex/boazapp.build/Debug-iphonesimulator/boazappTests.build/DerivedSources -emit-objc-header -emit-objc-header-path /tmp/boazapp-acceptance-sim/Build/Intermediates.noindex/boazapp.build/Debug-iphonesimulator/boazappTests.build/Objects-normal/arm64/boazappTests-Swift.h -working-directory /Users/beckliu/Documents/0agentproject2026/boazapp -experimental-emit-module-separately -disable-cmo

Copy /tmp/boazapp-acceptance-sim/Build/Products/Debug-iphonesimulator/boazappTests.swiftmodule/x86_64-apple-ios-simulator.swiftmodule /tmp/boazapp-acceptance-sim/Build/Intermediates.noindex/boazapp.build/Debug-iphonesimulator/boazappTests.build/Objects-normal/x86_64/boazappTests.swiftmodule (in target 'boazappTests' from project 'boazapp')
    cd /Users/beckliu/Documents/0agentproject2026/boazapp
    builtin-copy -exclude .DS_Store -exclude CVS -exclude .svn -exclude .git -exclude .hg -strip-unsigned-binaries -strip-deterministic -strip-tool /Applications/Xcode.app/Contents/Developer/Toolchains/XcodeDefault.xctoolchain/usr/bin/strip -resolve-src-symlinks -rename /tmp/boazapp-acceptance-sim/Build/Intermediates.noindex/boazapp.build/Debug-iphonesimulator/boazappTests.build/Objects-normal/x86_64/boazappTests.swiftmodule /tmp/boazapp-acceptance-sim/Build/Products/Debug-iphonesimulator/boazappTests.swiftmodule/x86_64-apple-ios-simulator.swiftmodule

Copy /tmp/boazapp-acceptance-sim/Build/Products/Debug-iphonesimulator/boazappTests.swiftmodule/Project/x86_64-apple-ios-simulator.swiftsourceinfo /tmp/boazapp-acceptance-sim/Build/Intermediates.noindex/boazapp.build/Debug-iphonesimulator/boazappTests.build/Objects-normal/x86_64/boazappTests.swiftsourceinfo (in target 'boazappTests' from project 'boazapp')
    cd /Users/beckliu/Documents/0agentproject2026/boazapp
    builtin-copy -exclude .DS_Store -exclude CVS -exclude .svn -exclude .git -exclude .hg -strip-unsigned-binaries -strip-deterministic -strip-tool /Applications/Xcode.app/Contents/Developer/Toolchains/XcodeDefault.xctoolchain/usr/bin/strip -resolve-src-symlinks -rename /tmp/boazapp-acceptance-sim/Build/Intermediates.noindex/boazapp.build/Debug-iphonesimulator/boazappTests.build/Objects-normal/x86_64/boazappTests.swiftsourceinfo /tmp/boazapp-acceptance-sim/Build/Products/Debug-iphonesimulator/boazappTests.swiftmodule/Project/x86_64-apple-ios-simulator.swiftsourceinfo

Copy /tmp/boazapp-acceptance-sim/Build/Products/Debug-iphonesimulator/boazappTests.swiftmodule/x86_64-apple-ios-simulator.abi.json /tmp/boazapp-acceptance-sim/Build/Intermediates.noindex/boazapp.build/Debug-iphonesimulator/boazappTests.build/Objects-normal/x86_64/boazappTests.abi.json (in target 'boazappTests' from project 'boazapp')
    cd /Users/beckliu/Documents/0agentproject2026/boazapp
    builtin-copy -exclude .DS_Store -exclude CVS -exclude .svn -exclude .git -exclude .hg -strip-unsigned-binaries -strip-deterministic -strip-tool /Applications/Xcode.app/Contents/Developer/Toolchains/XcodeDefault.xctoolchain/usr/bin/strip -resolve-src-symlinks -rename /tmp/boazapp-acceptance-sim/Build/Intermediates.noindex/boazapp.build/Debug-iphonesimulator/boazappTests.build/Objects-normal/x86_64/boazappTests.abi.json /tmp/boazapp-acceptance-sim/Build/Products/Debug-iphonesimulator/boazappTests.swiftmodule/x86_64-apple-ios-simulator.abi.json

Copy /tmp/boazapp-acceptance-sim/Build/Products/Debug-iphonesimulator/boazappTests.swiftmodule/arm64-apple-ios-simulator.swiftmodule /tmp/boazapp-acceptance-sim/Build/Intermediates.noindex/boazapp.build/Debug-iphonesimulator/boazappTests.build/Objects-normal/arm64/boazappTests.swiftmodule (in target 'boazappTests' from project 'boazapp')
    cd /Users/beckliu/Documents/0agentproject2026/boazapp
    builtin-copy -exclude .DS_Store -exclude CVS -exclude .svn -exclude .git -exclude .hg -strip-unsigned-binaries -strip-deterministic -strip-tool /Applications/Xcode.app/Contents/Developer/Toolchains/XcodeDefault.xctoolchain/usr/bin/strip -resolve-src-symlinks -rename /tmp/boazapp-acceptance-sim/Build/Intermediates.noindex/boazapp.build/Debug-iphonesimulator/boazappTests.build/Objects-normal/arm64/boazappTests.swiftmodule /tmp/boazapp-acceptance-sim/Build/Products/Debug-iphonesimulator/boazappTests.swiftmodule/arm64-apple-ios-simulator.swiftmodule

Copy /tmp/boazapp-acceptance-sim/Build/Products/Debug-iphonesimulator/boazappTests.swiftmodule/arm64-apple-ios-simulator.abi.json /tmp/boazapp-acceptance-sim/Build/Intermediates.noindex/boazapp.build/Debug-iphonesimulator/boazappTests.build/Objects-normal/arm64/boazappTests.abi.json (in target 'boazappTests' from project 'boazapp')
    cd /Users/beckliu/Documents/0agentproject2026/boazapp
    builtin-copy -exclude .DS_Store -exclude CVS -exclude .svn -exclude .git -exclude .hg -strip-unsigned-binaries -strip-deterministic -strip-tool /Applications/Xcode.app/Contents/Developer/Toolchains/XcodeDefault.xctoolchain/usr/bin/strip -resolve-src-symlinks -rename /tmp/boazapp-acceptance-sim/Build/Intermediates.noindex/boazapp.build/Debug-iphonesimulator/boazappTests.build/Objects-normal/arm64/boazappTests.abi.json /tmp/boazapp-acceptance-sim/Build/Products/Debug-iphonesimulator/boazappTests.swiftmodule/arm64-apple-ios-simulator.abi.json

Copy /tmp/boazapp-acceptance-sim/Build/Products/Debug-iphonesimulator/boazappTests.swiftmodule/Project/arm64-apple-ios-simulator.swiftsourceinfo /tmp/boazapp-acceptance-sim/Build/Intermediates.noindex/boazapp.build/Debug-iphonesimulator/boazappTests.build/Objects-normal/arm64/boazappTests.swiftsourceinfo (in target 'boazappTests' from project 'boazapp')
    cd /Users/beckliu/Documents/0agentproject2026/boazapp
    builtin-copy -exclude .DS_Store -exclude CVS -exclude .svn -exclude .git -exclude .hg -strip-unsigned-binaries -strip-deterministic -strip-tool /Applications/Xcode.app/Contents/Developer/Toolchains/XcodeDefault.xctoolchain/usr/bin/strip -resolve-src-symlinks -rename /tmp/boazapp-acceptance-sim/Build/Intermediates.noindex/boazapp.build/Debug-iphonesimulator/boazappTests.build/Objects-normal/arm64/boazappTests.swiftsourceinfo /tmp/boazapp-acceptance-sim/Build/Products/Debug-iphonesimulator/boazappTests.swiftmodule/Project/arm64-apple-ios-simulator.swiftsourceinfo

SwiftDriverJobDiscovery normal x86_64 Compiling SleepVitalWindowTests.swift (in target 'boazappTests' from project 'boazapp')

SwiftDriverJobDiscovery normal arm64 Compiling SleepVitalWindowTests.swift (in target 'boazappTests' from project 'boazapp')

SwiftDriverJobDiscovery normal x86_64 Compiling WorkoutDetailDispatcherTests.swift (in target 'boazappTests' from project 'boazapp')

SwiftDriverJobDiscovery normal arm64 Compiling WorkoutDetailDispatcherTests.swift (in target 'boazappTests' from project 'boazapp')

SwiftDriverJobDiscovery normal arm64 Compiling TokyoEndpointTests.swift (in target 'boazappTests' from project 'boazapp')

SwiftDriverJobDiscovery normal x86_64 Compiling TokyoEndpointTests.swift (in target 'boazappTests' from project 'boazapp')

SwiftDriverJobDiscovery normal arm64 Compiling LocalLedgerTests.swift (in target 'boazappTests' from project 'boazapp')

SwiftDriverJobDiscovery normal x86_64 Compiling LocalLedgerTests.swift (in target 'boazappTests' from project 'boazapp')

SwiftDriverJobDiscovery normal arm64 Compiling SleepHistoryTests.swift (in target 'boazappTests' from project 'boazapp')

SwiftDriver\ Compilation boazappTests normal arm64 com.apple.xcode.tools.swift.compiler (in target 'boazappTests' from project 'boazapp')
    cd /Users/beckliu/Documents/0agentproject2026/boazapp
    builtin-Swift-Compilation -- /Applications/Xcode.app/Contents/Developer/Toolchains/XcodeDefault.xctoolchain/usr/bin/swiftc -module-name boazappTests -Onone @/tmp/boazapp-acceptance-sim/Build/Intermediates.noindex/boazapp.build/Debug-iphonesimulator/boazappTests.build/Objects-normal/arm64/boazappTests.SwiftFileList -plugin-path /Applications/Xcode.app/Contents/Developer/Toolchains/XcodeDefault.xctoolchain/usr/lib/swift/host/plugins/testing -enable-experimental-feature DebugDescriptionMacro -sdk /Applications/Xcode.app/Contents/Developer/Platforms/iPhoneSimulator.platform/Developer/SDKs/iPhoneSimulator27.0.sdk -target arm64-apple-ios17.0-simulator -g -module-cache-path /tmp/boazapp-acceptance-sim/ModuleCache.noindex -Xfrontend -serialize-debugging-options -index-store-path /tmp/boazapp-acceptance-sim/Index.noindex/DataStore -swift-version 6 -I /tmp/boazapp-acceptance-sim/Build/Products/Debug-iphonesimulator -Isystem /Applications/Xcode.app/Contents/Developer/Platforms/iPhoneSimulator.platform/Developer/usr/lib -F /tmp/boazapp-acceptance-sim/Build/Products/Debug-iphonesimulator -F /Applications/Xcode.app/Contents/Developer/Platforms/iPhoneSimulator.platform/Developer/Library/Frameworks -F /Applications/Xcode.app/Contents/Developer/Platforms/iPhoneSimulator.platform/Developer/SDKs/iPhoneSimulator27.0.sdk/Developer/Library/Frameworks -emit-localized-strings -emit-localized-strings-path /tmp/boazapp-acceptance-sim/Build/Intermediates.noindex/boazapp.build/Debug-iphonesimulator/boazappTests.build/Objects-normal/arm64 -c -j18 -enable-batch-mode -incremental -Xcc -ivfsstatcache -Xcc /tmp/boazapp-acceptance-sim/SDKStatCaches.noindex/iphonesimulator27.0-24A430-8dc58220667be655e1bcc261a7455254.sdkstatcache -output-file-map /tmp/boazapp-acceptance-sim/Build/Intermediates.noindex/boazapp.build/Debug-iphonesimulator/boazappTests.build/Objects-normal/arm64/boazappTests-OutputFileMap.json -save-temps -no-color-diagnostics -explicit-module-build -module-cache-path /tmp/boazapp-acceptance-sim/Build/Intermediates.noindex/SwiftExplicitPrecompiledModules -clang-scanner-module-cache-path /tmp/boazapp-acceptance-sim/ModuleCache.noindex -sdk-module-cache-path /tmp/boazapp-acceptance-sim/SDKExplicitPrecompiledModules -emit-dependencies -emit-module -emit-module-path /tmp/boazapp-acceptance-sim/Build/Intermediates.noindex/boazapp.build/Debug-iphonesimulator/boazappTests.build/Objects-normal/arm64/boazappTests.swiftmodule -serialize-diagnostics -dependency-scan-serialize-diagnostics-path /tmp/boazapp-acceptance-sim/Build/Intermediates.noindex/boazapp.build/Debug-iphonesimulator/boazappTests.build/Objects-normal/arm64/boazappTests-dependency-scan.dia -validate-clang-modules-once -clang-build-session-file /tmp/boazapp-acceptance-sim/ModuleCache.noindex/Session.modulevalidation -Xcc -fmodules-prune-interval\=86400 -Xcc -fmodules-prune-after\=345600 -emit-const-values -const-gather-protocols-list /tmp/boazapp-acceptance-sim/Build/Intermediates.noindex/boazapp.build/Debug-iphonesimulator/boazappTests.build/Objects-normal/arm64/boazappTests_const_extract_protocols.json -Xcc -iquote -Xcc /tmp/boazapp-acceptance-sim/Build/Intermediates.noindex/boazapp.build/Debug-iphonesimulator/boazappTests.build/boazappTests-generated-files.hmap -Xcc -I/tmp/boazapp-acceptance-sim/Build/Intermediates.noindex/boazapp.build/Debug-iphonesimulator/boazappTests.build/boazappTests-own-target-headers.hmap -Xcc -I/tmp/boazapp-acceptance-sim/Build/Intermediates.noindex/boazapp.build/Debug-iphonesimulator/boazappTests.build/boazappTests-all-target-headers.hmap -Xcc -iquote -Xcc /tmp/boazapp-acceptance-sim/Build/Intermediates.noindex/boazapp.build/Debug-iphonesimulator/boazappTests.build/boazappTests-project-headers.hmap -Xcc -I/tmp/boazapp-acceptance-sim/Build/Products/Debug-iphonesimulator/include -Xcc -I/tmp/boazapp-acceptance-sim/Build/Intermediates.noindex/boazapp.build/Debug-iphonesimulator/boazappTests.build/DerivedSources-normal/arm64 -Xcc -I/tmp/boazapp-acceptance-sim/Build/Intermediates.noindex/boazapp.build/Debug-iphonesimulator/boazappTests.build/DerivedSources/arm64 -Xcc -I/tmp/boazapp-acceptance-sim/Build/Intermediates.noindex/boazapp.build/Debug-iphonesimulator/boazappTests.build/DerivedSources -emit-objc-header -emit-objc-header-path /tmp/boazapp-acceptance-sim/Build/Intermediates.noindex/boazapp.build/Debug-iphonesimulator/boazappTests.build/Objects-normal/arm64/boazappTests-Swift.h -working-directory /Users/beckliu/Documents/0agentproject2026/boazapp -experimental-emit-module-separately -disable-cmo

Ld /tmp/boazapp-acceptance-sim/Build/Intermediates.noindex/boazapp.build/Debug-iphonesimulator/boazappTests.build/Objects-normal/arm64/Binary/boazappTests normal arm64 (in target 'boazappTests' from project 'boazapp')
    cd /Users/beckliu/Documents/0agentproject2026/boazapp
    /Applications/Xcode.app/Contents/Developer/Toolchains/XcodeDefault.xctoolchain/usr/bin/clang -Xlinker -reproducible -target arm64-apple-ios17.0-simulator -bundle -isysroot /Applications/Xcode.app/Contents/Developer/Platforms/iPhoneSimulator.platform/Developer/SDKs/iPhoneSimulator27.0.sdk -Os -Xlinker -no_warn_duplicate_libraries -L/tmp/boazapp-acceptance-sim/Build/Intermediates.noindex/EagerLinkingTBDs/Debug-iphonesimulator -L/tmp/boazapp-acceptance-sim/Build/Products/Debug-iphonesimulator -L/Applications/Xcode.app/Contents/Developer/Platforms/iPhoneSimulator.platform/Developer/usr/lib -F/tmp/boazapp-acceptance-sim/Build/Intermediates.noindex/EagerLinkingTBDs/Debug-iphonesimulator -F/tmp/boazapp-acceptance-sim/Build/Products/Debug-iphonesimulator -iframework /Applications/Xcode.app/Contents/Developer/Platforms/iPhoneSimulator.platform/Developer/Library/Frameworks -iframework /Applications/Xcode.app/Contents/Developer/Platforms/iPhoneSimulator.platform/Developer/SDKs/iPhoneSimulator27.0.sdk/Developer/Library/Frameworks -filelist /tmp/boazapp-acceptance-sim/Build/Intermediates.noindex/boazapp.build/Debug-iphonesimulator/boazappTests.build/Objects-normal/arm64/boazappTests.LinkFileList -Xlinker -rpath -Xlinker /usr/lib/swift -Xlinker -rpath -Xlinker @loader_path/Frameworks -Xlinker -rpath -Xlinker @executable_path/Frameworks -Xlinker -dead_strip -bundle_loader /tmp/boazapp-acceptance-sim/Build/Products/Debug-iphonesimulator/boazapp.app/boazapp -Xlinker -object_path_lto -Xlinker /tmp/boazapp-acceptance-sim/Build/Intermediates.noindex/boazapp.build/Debug-iphonesimulator/boazappTests.build/Objects-normal/arm64/boazappTests_lto.o -Xlinker -objc_abi_version -Xlinker 2 -Xlinker -dependency_info -Xlinker /tmp/boazapp-acceptance-sim/Build/Intermediates.noindex/boazapp.build/Debug-iphonesimulator/boazappTests.build/Objects-normal/arm64/boazappTests_dependency_info.dat -fobjc-link-runtime -L/Applications/Xcode.app/Contents/Developer/Toolchains/XcodeDefault.xctoolchain/usr/lib/swift/iphonesimulator -L/usr/lib/swift -Xlinker -add_ast_path -Xlinker /tmp/boazapp-acceptance-sim/Build/Intermediates.noindex/boazapp.build/Debug-iphonesimulator/boazappTests.build/Objects-normal/arm64/boazappTests.swiftmodule -Xlinker -needed_framework -Xlinker XCTest -framework XCTest -Xlinker -needed-lXCTestSwiftSupport -lXCTestSwiftSupport /tmp/boazapp-acceptance-sim/Build/Products/Debug-iphonesimulator/boazapp.app/boazapp.debug.dylib -o /tmp/boazapp-acceptance-sim/Build/Intermediates.noindex/boazapp.build/Debug-iphonesimulator/boazappTests.build/Objects-normal/arm64/Binary/boazappTests

SwiftDriverJobDiscovery normal x86_64 Compiling SleepHistoryTests.swift (in target 'boazappTests' from project 'boazapp')

SwiftDriver\ Compilation boazappTests normal x86_64 com.apple.xcode.tools.swift.compiler (in target 'boazappTests' from project 'boazapp')
    cd /Users/beckliu/Documents/0agentproject2026/boazapp
    builtin-Swift-Compilation -- /Applications/Xcode.app/Contents/Developer/Toolchains/XcodeDefault.xctoolchain/usr/bin/swiftc -module-name boazappTests -Onone @/tmp/boazapp-acceptance-sim/Build/Intermediates.noindex/boazapp.build/Debug-iphonesimulator/boazappTests.build/Objects-normal/x86_64/boazappTests.SwiftFileList -plugin-path /Applications/Xcode.app/Contents/Developer/Toolchains/XcodeDefault.xctoolchain/usr/lib/swift/host/plugins/testing -enable-experimental-feature DebugDescriptionMacro -sdk /Applications/Xcode.app/Contents/Developer/Platforms/iPhoneSimulator.platform/Developer/SDKs/iPhoneSimulator27.0.sdk -target x86_64-apple-ios17.0-simulator -g -module-cache-path /tmp/boazapp-acceptance-sim/ModuleCache.noindex -Xfrontend -serialize-debugging-options -index-store-path /tmp/boazapp-acceptance-sim/Index.noindex/DataStore -swift-version 6 -I /tmp/boazapp-acceptance-sim/Build/Products/Debug-iphonesimulator -Isystem /Applications/Xcode.app/Contents/Developer/Platforms/iPhoneSimulator.platform/Developer/usr/lib -F /tmp/boazapp-acceptance-sim/Build/Products/Debug-iphonesimulator -F /Applications/Xcode.app/Contents/Developer/Platforms/iPhoneSimulator.platform/Developer/Library/Frameworks -F /Applications/Xcode.app/Contents/Developer/Platforms/iPhoneSimulator.platform/Developer/SDKs/iPhoneSimulator27.0.sdk/Developer/Library/Frameworks -emit-localized-strings -emit-localized-strings-path /tmp/boazapp-acceptance-sim/Build/Intermediates.noindex/boazapp.build/Debug-iphonesimulator/boazappTests.build/Objects-normal/x86_64 -c -j18 -enable-batch-mode -incremental -Xcc -ivfsstatcache -Xcc /tmp/boazapp-acceptance-sim/SDKStatCaches.noindex/iphonesimulator27.0-24A430-8dc58220667be655e1bcc261a7455254.sdkstatcache -output-file-map /tmp/boazapp-acceptance-sim/Build/Intermediates.noindex/boazapp.build/Debug-iphonesimulator/boazappTests.build/Objects-normal/x86_64/boazappTests-OutputFileMap.json -save-temps -no-color-diagnostics -explicit-module-build -module-cache-path /tmp/boazapp-acceptance-sim/Build/Intermediates.noindex/SwiftExplicitPrecompiledModules -clang-scanner-module-cache-path /tmp/boazapp-acceptance-sim/ModuleCache.noindex -sdk-module-cache-path /tmp/boazapp-acceptance-sim/SDKExplicitPrecompiledModules -emit-dependencies -emit-module -emit-module-path /tmp/boazapp-acceptance-sim/Build/Intermediates.noindex/boazapp.build/Debug-iphonesimulator/boazappTests.build/Objects-normal/x86_64/boazappTests.swiftmodule -serialize-diagnostics -dependency-scan-serialize-diagnostics-path /tmp/boazapp-acceptance-sim/Build/Intermediates.noindex/boazapp.build/Debug-iphonesimulator/boazappTests.build/Objects-normal/x86_64/boazappTests-dependency-scan.dia -validate-clang-modules-once -clang-build-session-file /tmp/boazapp-acceptance-sim/ModuleCache.noindex/Session.modulevalidation -Xcc -fmodules-prune-interval\=86400 -Xcc -fmodules-prune-after\=345600 -emit-const-values -const-gather-protocols-list /tmp/boazapp-acceptance-sim/Build/Intermediates.noindex/boazapp.build/Debug-iphonesimulator/boazappTests.build/Objects-normal/x86_64/boazappTests_const_extract_protocols.json -Xcc -iquote -Xcc /tmp/boazapp-acceptance-sim/Build/Intermediates.noindex/boazapp.build/Debug-iphonesimulator/boazappTests.build/boazappTests-generated-files.hmap -Xcc -I/tmp/boazapp-acceptance-sim/Build/Intermediates.noindex/boazapp.build/Debug-iphonesimulator/boazappTests.build/boazappTests-own-target-headers.hmap -Xcc -I/tmp/boazapp-acceptance-sim/Build/Intermediates.noindex/boazapp.build/Debug-iphonesimulator/boazappTests.build/boazappTests-all-target-headers.hmap -Xcc -iquote -Xcc /tmp/boazapp-acceptance-sim/Build/Intermediates.noindex/boazapp.build/Debug-iphonesimulator/boazappTests.build/boazappTests-project-headers.hmap -Xcc -I/tmp/boazapp-acceptance-sim/Build/Products/Debug-iphonesimulator/include -Xcc -I/tmp/boazapp-acceptance-sim/Build/Intermediates.noindex/boazapp.build/Debug-iphonesimulator/boazappTests.build/DerivedSources-normal/x86_64 -Xcc -I/tmp/boazapp-acceptance-sim/Build/Intermediates.noindex/boazapp.build/Debug-iphonesimulator/boazappTests.build/DerivedSources/x86_64 -Xcc -I/tmp/boazapp-acceptance-sim/Build/Intermediates.noindex/boazapp.build/Debug-iphonesimulator/boazappTests.build/DerivedSources -emit-objc-header -emit-objc-header-path /tmp/boazapp-acceptance-sim/Build/Intermediates.noindex/boazapp.build/Debug-iphonesimulator/boazappTests.build/Objects-normal/x86_64/boazappTests-Swift.h -working-directory /Users/beckliu/Documents/0agentproject2026/boazapp -experimental-emit-module-separately -disable-cmo

Ld /tmp/boazapp-acceptance-sim/Build/Intermediates.noindex/boazapp.build/Debug-iphonesimulator/boazappTests.build/Objects-normal/x86_64/Binary/boazappTests normal x86_64 (in target 'boazappTests' from project 'boazapp')
    cd /Users/beckliu/Documents/0agentproject2026/boazapp
    /Applications/Xcode.app/Contents/Developer/Toolchains/XcodeDefault.xctoolchain/usr/bin/clang -Xlinker -reproducible -target x86_64-apple-ios17.0-simulator -bundle -isysroot /Applications/Xcode.app/Contents/Developer/Platforms/iPhoneSimulator.platform/Developer/SDKs/iPhoneSimulator27.0.sdk -Os -Xlinker -no_warn_duplicate_libraries -L/tmp/boazapp-acceptance-sim/Build/Intermediates.noindex/EagerLinkingTBDs/Debug-iphonesimulator -L/tmp/boazapp-acceptance-sim/Build/Products/Debug-iphonesimulator -L/Applications/Xcode.app/Contents/Developer/Platforms/iPhoneSimulator.platform/Developer/usr/lib -F/tmp/boazapp-acceptance-sim/Build/Intermediates.noindex/EagerLinkingTBDs/Debug-iphonesimulator -F/tmp/boazapp-acceptance-sim/Build/Products/Debug-iphonesimulator -iframework /Applications/Xcode.app/Contents/Developer/Platforms/iPhoneSimulator.platform/Developer/Library/Frameworks -iframework /Applications/Xcode.app/Contents/Developer/Platforms/iPhoneSimulator.platform/Developer/SDKs/iPhoneSimulator27.0.sdk/Developer/Library/Frameworks -filelist /tmp/boazapp-acceptance-sim/Build/Intermediates.noindex/boazapp.build/Debug-iphonesimulator/boazappTests.build/Objects-normal/x86_64/boazappTests.LinkFileList -Xlinker -rpath -Xlinker /usr/lib/swift -Xlinker -rpath -Xlinker @loader_path/Frameworks -Xlinker -rpath -Xlinker @executable_path/Frameworks -Xlinker -dead_strip -bundle_loader /tmp/boazapp-acceptance-sim/Build/Products/Debug-iphonesimulator/boazapp.app/boazapp -Xlinker -object_path_lto -Xlinker /tmp/boazapp-acceptance-sim/Build/Intermediates.noindex/boazapp.build/Debug-iphonesimulator/boazappTests.build/Objects-normal/x86_64/boazappTests_lto.o -Xlinker -objc_abi_version -Xlinker 2 -Xlinker -dependency_info -Xlinker /tmp/boazapp-acceptance-sim/Build/Intermediates.noindex/boazapp.build/Debug-iphonesimulator/boazappTests.build/Objects-normal/x86_64/boazappTests_dependency_info.dat -fobjc-link-runtime -L/Applications/Xcode.app/Contents/Developer/Toolchains/XcodeDefault.xctoolchain/usr/lib/swift/iphonesimulator -L/usr/lib/swift -Xlinker -add_ast_path -Xlinker /tmp/boazapp-acceptance-sim/Build/Intermediates.noindex/boazapp.build/Debug-iphonesimulator/boazappTests.build/Objects-normal/x86_64/boazappTests.swiftmodule -Xlinker -needed_framework -Xlinker XCTest -framework XCTest -Xlinker -needed-lXCTestSwiftSupport -lXCTestSwiftSupport /tmp/boazapp-acceptance-sim/Build/Products/Debug-iphonesimulator/boazapp.app/boazapp.debug.dylib -o /tmp/boazapp-acceptance-sim/Build/Intermediates.noindex/boazapp.build/Debug-iphonesimulator/boazappTests.build/Objects-normal/x86_64/Binary/boazappTests

CreateUniversalBinary /tmp/boazapp-acceptance-sim/Build/Products/Debug-iphonesimulator/boazapp.app/PlugIns/boazappTests.xctest/boazappTests normal arm64\ x86_64 (in target 'boazappTests' from project 'boazapp')
    cd /Users/beckliu/Documents/0agentproject2026/boazapp
    /Applications/Xcode.app/Contents/Developer/Toolchains/XcodeDefault.xctoolchain/usr/bin/lipo -create /tmp/boazapp-acceptance-sim/Build/Intermediates.noindex/boazapp.build/Debug-iphonesimulator/boazappTests.build/Objects-normal/arm64/Binary/boazappTests /tmp/boazapp-acceptance-sim/Build/Intermediates.noindex/boazapp.build/Debug-iphonesimulator/boazappTests.build/Objects-normal/x86_64/Binary/boazappTests -output /tmp/boazapp-acceptance-sim/Build/Products/Debug-iphonesimulator/boazapp.app/PlugIns/boazappTests.xctest/boazappTests

GenerateDSYMFile /tmp/boazapp-acceptance-sim/Build/Products/Debug-iphonesimulator/boazapp.app/PlugIns/boazappTests.xctest.dSYM /tmp/boazapp-acceptance-sim/Build/Products/Debug-iphonesimulator/boazapp.app/PlugIns/boazappTests.xctest/boazappTests (in target 'boazappTests' from project 'boazapp')
    cd /Users/beckliu/Documents/0agentproject2026/boazapp
    export PATH\=/Applications/Xcode.app/Contents/SharedFrameworks/SwiftBuild.framework/Versions/A/PlugIns/SWBBuildService.bundle/Contents/PlugIns/SWBUniversalPlatformPlugin.bundle/Contents/Frameworks/SWBUniversalPlatform.framework/Resources:/Applications/Xcode.app/Contents/Developer/Toolchains/XcodeDefault.xctoolchain/usr/bin:/Applications/Xcode.app/Contents/Developer/Toolchains/XcodeDefault.xctoolchain/usr/local/bin:/Applications/Xcode.app/Contents/Developer/Toolchains/XcodeDefault.xctoolchain/usr/libexec:/Applications/Xcode.app/Contents/Developer/Platforms/iPhoneSimulator.platform/usr/bin:/Applications/Xcode.app/Contents/Developer/Platforms/iPhoneSimulator.platform/usr/local/bin:/Applications/Xcode.app/Contents/Developer/Platforms/iPhoneSimulator.platform/Developer/usr/bin:/Applications/Xcode.app/Contents/Developer/Platforms/iPhoneSimulator.platform/Developer/usr/local/bin:/Applications/Xcode.app/Contents/Developer/usr/bin:/Applications/Xcode.app/Contents/Developer/usr/local/bin:/Users/beckliu/.local/bin:/Users/beckliu/.antigravity-ide/antigravity-ide/bin:/Users/beckliu/.grok/bin:/Applications/Docker.app/Contents/Resources/bin:/Users/beckliu/Library/Python/3.9/bin:/Users/beckliu/.antigravity/antigravity/bin:/opt/homebrew/bin:/opt/homebrew/sbin:/usr/local/bin:/System/Cryptexes/App/usr/bin:/usr/bin:/bin:/usr/sbin:/sbin:/var/run/com.apple.security.cryptexd/codex.system/bootstrap/usr/local/bin:/var/run/com.apple.security.cryptexd/codex.system/bootstrap/usr/bin:/var/run/com.apple.security.cryptexd/codex.system/bootstrap/usr/appleinternal/bin:/pkg/env/global/bin:/Library/Apple/usr/bin:/Applications/VMware\ Fusion.app/Contents/Public:/usr/local/go/bin:/Users/beckliu/.codex/tmp/arg0/codex-arg0W1Z0wx:/Users/beckliu/.cache/codex-runtimes/codex-primary-runtime/dependencies/bin/override:/Users/beckliu/anaconda3/bin:/Users/beckliu/anaconda3/condabin:/Users/beckliu/.codex/tmp/arg0/codex-arg0UsE13V:/Users/beckliu/.codex/tmp/arg0/codex-arg0GqiPcW:/Users/beckliu/.cargo/bin:/Applications/ChatGPT.app/Contents/Resources:/Users/beckliu/.cache/codex-runtimes/codex-primary-runtime/dependencies/bin/fallback
    /Applications/Xcode.app/Contents/Developer/Toolchains/XcodeDefault.xctoolchain/usr/bin/dsymutil /tmp/boazapp-acceptance-sim/Build/Products/Debug-iphonesimulator/boazapp.app/PlugIns/boazappTests.xctest/boazappTests -o /tmp/boazapp-acceptance-sim/Build/Products/Debug-iphonesimulator/boazapp.app/PlugIns/boazappTests.xctest.dSYM

CopySwiftLibs /tmp/boazapp-acceptance-sim/Build/Products/Debug-iphonesimulator/boazapp.app/PlugIns/boazappTests.xctest (in target 'boazappTests' from project 'boazapp')
    cd /Users/beckliu/Documents/0agentproject2026/boazapp
    builtin-swiftStdLibTool --copy --verbose --scan-executable /tmp/boazapp-acceptance-sim/Build/Products/Debug-iphonesimulator/boazapp.app/PlugIns/boazappTests.xctest/boazappTests --scan-folder /tmp/boazapp-acceptance-sim/Build/Products/Debug-iphonesimulator/boazapp.app/PlugIns/boazappTests.xctest/Frameworks --scan-folder /tmp/boazapp-acceptance-sim/Build/Products/Debug-iphonesimulator/boazapp.app/PlugIns/boazappTests.xctest/PlugIns --scan-folder /tmp/boazapp-acceptance-sim/Build/Products/Debug-iphonesimulator/boazapp.app/PlugIns/boazappTests.xctest/SystemExtensions --scan-folder /tmp/boazapp-acceptance-sim/Build/Products/Debug-iphonesimulator/boazapp.app/PlugIns/boazappTests.xctest/Extensions --platform iphonesimulator --toolchain /Applications/Xcode.app/Contents/Developer/Toolchains/XcodeDefault.xctoolchain --destination /tmp/boazapp-acceptance-sim/Build/Products/Debug-iphonesimulator/boazapp.app/PlugIns/boazappTests.xctest/Frameworks --strip-bitcode --scan-executable /Applications/Xcode.app/Contents/Developer/Platforms/iPhoneSimulator.platform/Developer/usr/lib/libXCTestSwiftSupport.dylib --strip-bitcode-tool /Applications/Xcode.app/Contents/Developer/Toolchains/XcodeDefault.xctoolchain/usr/bin/bitcode_strip --emit-dependency-info /tmp/boazapp-acceptance-sim/Build/Intermediates.noindex/boazapp.build/Debug-iphonesimulator/boazappTests.build/SwiftStdLibToolInputDependencies.dep --filter-for-swift-os
Ignoring --strip-bitcode because --sign was not passed

ExtractAppIntentsMetadata (in target 'boazappTests' from project 'boazapp')
    cd /Users/beckliu/Documents/0agentproject2026/boazapp
    /Applications/Xcode.app/Contents/Developer/Toolchains/XcodeDefault.xctoolchain/usr/bin/appintentsmetadataprocessor --toolchain-dir /Applications/Xcode.app/Contents/Developer/Toolchains/XcodeDefault.xctoolchain --module-name boazappTests --sdk-root /Applications/Xcode.app/Contents/Developer/Platforms/iPhoneSimulator.platform/Developer/SDKs/iPhoneSimulator27.0.sdk --xcode-version 27A266a --platform-family iOS --deployment-target 17.0 --bundle-identifier com.beckliu.boazhealth.tests --output /tmp/boazapp-acceptance-sim/Build/Products/Debug-iphonesimulator/boazapp.app/PlugIns/boazappTests.xctest --target-triple arm64-apple-ios17.0-simulator --target-triple x86_64-apple-ios17.0-simulator --binary-file /tmp/boazapp-acceptance-sim/Build/Products/Debug-iphonesimulator/boazapp.app/PlugIns/boazappTests.xctest/boazappTests --dependency-file /tmp/boazapp-acceptance-sim/Build/Intermediates.noindex/boazapp.build/Debug-iphonesimulator/boazappTests.build/Objects-normal/arm64/boazappTests_dependency_info.dat --dependency-file /tmp/boazapp-acceptance-sim/Build/Intermediates.noindex/boazapp.build/Debug-iphonesimulator/boazappTests.build/Objects-normal/x86_64/boazappTests_dependency_info.dat --stringsdata-file /tmp/boazapp-acceptance-sim/Build/Intermediates.noindex/boazapp.build/Debug-iphonesimulator/boazappTests.build/Objects-normal/arm64/ExtractedAppShortcutsMetadata.stringsdata --stringsdata-file /tmp/boazapp-acceptance-sim/Build/Intermediates.noindex/boazapp.build/Debug-iphonesimulator/boazappTests.build/Objects-normal/x86_64/ExtractedAppShortcutsMetadata.stringsdata --source-file-list /tmp/boazapp-acceptance-sim/Build/Intermediates.noindex/boazapp.build/Debug-iphonesimulator/boazappTests.build/Objects-normal/arm64/boazappTests.SwiftFileList --source-file-list /tmp/boazapp-acceptance-sim/Build/Intermediates.noindex/boazapp.build/Debug-iphonesimulator/boazappTests.build/Objects-normal/x86_64/boazappTests.SwiftFileList --metadata-file-list /tmp/boazapp-acceptance-sim/Build/Intermediates.noindex/boazapp.build/Debug-iphonesimulator/boazappTests.build/boazappTests.DependencyMetadataFileList --static-metadata-file-list /tmp/boazapp-acceptance-sim/Build/Intermediates.noindex/boazapp.build/Debug-iphonesimulator/boazappTests.build/boazappTests.DependencyStaticMetadataFileList --swift-const-vals-list /tmp/boazapp-acceptance-sim/Build/Intermediates.noindex/boazapp.build/Debug-iphonesimulator/boazappTests.build/Objects-normal/arm64/boazappTests.SwiftConstValuesFileList --swift-const-vals-list /tmp/boazapp-acceptance-sim/Build/Intermediates.noindex/boazapp.build/Debug-iphonesimulator/boazappTests.build/Objects-normal/x86_64/boazappTests.SwiftConstValuesFileList --compile-time-extraction --deployment-aware-processing --no-app-shortcuts-localization
2026-09-18 16:14:22.239 appintentsmetadataprocessor[67023:10285228] Starting appintentsmetadataprocessor export
2026-09-18 16:14:22.240 appintentsmetadataprocessor[67023:10285228] warning: Metadata extraction skipped, no AppIntents.framework dependency found

Validate /tmp/boazapp-acceptance-sim/Build/Products/Debug-iphonesimulator/boazapp.app (in target 'boazapp' from project 'boazapp')
    cd /Users/beckliu/Documents/0agentproject2026/boazapp
    builtin-validationUtility /tmp/boazapp-acceptance-sim/Build/Products/Debug-iphonesimulator/boazapp.app -shallow-bundle -infoplist-subpath Info.plist

PruneExplicitPrecompiledModules /tmp/boazapp-acceptance-sim/Build/Intermediates.noindex/ExplicitPrecompiledModules

PruneExplicitPrecompiledModules /tmp/boazapp-acceptance-sim/Build/Intermediates.noindex/SwiftExplicitPrecompiledModules

PruneExplicitPrecompiledModules /tmp/boazapp-acceptance-sim/SDKExplicitPrecompiledModules

2026-09-18 16:14:28.628779+0800 boazapp[67063:10286587] [logging] API call with invalid database connection pointer
2026-09-18 16:14:28.628832+0800 boazapp[67063:10286587] [logging] misuse at line 192960 of [f0ca7bba1c]
Test Suite 'All tests' started at 2026-09-18 16:14:28.903.
Test Suite 'boazappTests.xctest' started at 2026-09-18 16:14:28.904.
Test Suite 'HealthUnitTests' started at 2026-09-18 16:14:28.904.
Test Case '-[boazappTests.HealthUnitTests testCountsPressureAndTimeHaveExplicitUnits]' started.
Test Case '-[boazappTests.HealthUnitTests testCountsPressureAndTimeHaveExplicitUnits]' passed (0.002 seconds).
Test Case '-[boazappTests.HealthUnitTests testMassDistanceAndEnergyConversions]' started.
Test Case '-[boazappTests.HealthUnitTests testMassDistanceAndEnergyConversions]' passed (0.001 seconds).
Test Case '-[boazappTests.HealthUnitTests testPercentagesAndHRVConvertOnce]' started.
Test Case '-[boazappTests.HealthUnitTests testPercentagesAndHRVConvertOnce]' passed (0.000 seconds).
Test Case '-[boazappTests.HealthUnitTests testWristTemperatureIsAbsoluteCelsius]' started.
Test Case '-[boazappTests.HealthUnitTests testWristTemperatureIsAbsoluteCelsius]' passed (0.000 seconds).
Test Suite 'HealthUnitTests' passed at 2026-09-18 16:14:28.908.
	 Executed 4 tests, with 0 failures (0 unexpected) in 0.003 (0.004) seconds
Test Suite 'LocalLedgerTests' started at 2026-09-18 16:14:28.908.
Test Case '-[boazappTests.LocalLedgerTests testActivityRevisionAndRetrySurviveDatabaseReopen]' started.
2026-09-18 16:14:28.913255+0800 boazapp[67063:10286722] [logging] API call with invalid database connection pointer
2026-09-18 16:14:28.913320+0800 boazapp[67063:10286722] [logging] misuse at line 192960 of [f0ca7bba1c]
/Users/beckliu/Documents/0agentproject2026/boazapp/Tests/LocalLedgerTests.swift:166: error: -[boazappTests.LocalLedgerTests testActivityRevisionAndRetrySurviveDatabaseReopen] : failed: caught error: "open("File protection was not effective for health.sqlite.")"
Test Case '-[boazappTests.LocalLedgerTests testActivityRevisionAndRetrySurviveDatabaseReopen]' failed (0.169 seconds).
Test Case '-[boazappTests.LocalLedgerTests testBoundedBatchAndStableRetryBody]' started.
2026-09-18 16:14:29.080194+0800 boazapp[67063:10286722] [logging] API call with invalid database connection pointer
2026-09-18 16:14:29.080248+0800 boazapp[67063:10286722] [logging] misuse at line 192960 of [f0ca7bba1c]
/Users/beckliu/Documents/0agentproject2026/boazapp/Tests/LocalLedgerTests.swift:8: error: -[boazappTests.LocalLedgerTests testBoundedBatchAndStableRetryBody] : failed: caught error: "open("File protection was not effective for health.sqlite.")"
Test Case '-[boazappTests.LocalLedgerTests testBoundedBatchAndStableRetryBody]' failed (0.006 seconds).
Test Case '-[boazappTests.LocalLedgerTests testByteBoundAndOversizedEventRetainTheQueue]' started.
2026-09-18 16:14:29.085723+0800 boazapp[67063:10286718] [logging] API call with invalid database connection pointer
2026-09-18 16:14:29.085777+0800 boazapp[67063:10286718] [logging] misuse at line 192960 of [f0ca7bba1c]
/Users/beckliu/Documents/0agentproject2026/boazapp/Tests/LocalLedgerTests.swift:8: error: -[boazappTests.LocalLedgerTests testByteBoundAndOversizedEventRetainTheQueue] : failed: caught error: "open("File protection was not effective for health.sqlite.")"
Test Case '-[boazappTests.LocalLedgerTests testByteBoundAndOversizedEventRetainTheQueue]' failed (0.003 seconds).
Test Case '-[boazappTests.LocalLedgerTests testFailedPageDoesNotAdvanceAnchor]' started.
2026-09-18 16:14:29.089357+0800 boazapp[67063:10286718] [logging] API call with invalid database connection pointer
2026-09-18 16:14:29.089404+0800 boazapp[67063:10286718] [logging] misuse at line 192960 of [f0ca7bba1c]
/Users/beckliu/Documents/0agentproject2026/boazapp/Tests/LocalLedgerTests.swift:25: error: -[boazappTests.LocalLedgerTests testFailedPageDoesNotAdvanceAnchor] : failed: caught error: "open("File protection was not effective for health.sqlite.")"
Test Case '-[boazappTests.LocalLedgerTests testFailedPageDoesNotAdvanceAnchor]' failed (0.003 seconds).
Test Case '-[boazappTests.LocalLedgerTests testHealthDirectoryIsExcludedFromSystemBackups]' started.
2026-09-18 16:14:29.092275+0800 boazapp[67063:10286722] [logging] API call with invalid database connection pointer
2026-09-18 16:14:29.092319+0800 boazapp[67063:10286722] [logging] misuse at line 192960 of [f0ca7bba1c]
/Users/beckliu/Documents/0agentproject2026/boazapp/Tests/LocalLedgerTests.swift:188: error: -[boazappTests.LocalLedgerTests testHealthDirectoryIsExcludedFromSystemBackups] : failed: caught error: "open("File protection was not effective for health.sqlite.")"
Test Case '-[boazappTests.LocalLedgerTests testHealthDirectoryIsExcludedFromSystemBackups]' failed (0.003 seconds).
Test Case '-[boazappTests.LocalLedgerTests testMetricsConfirmationIsBoundToStoredBatch]' started.
2026-09-18 16:14:29.095012+0800 boazapp[67063:10286718] [logging] API call with invalid database connection pointer
2026-09-18 16:14:29.095057+0800 boazapp[67063:10286718] [logging] misuse at line 192960 of [f0ca7bba1c]
/Users/beckliu/Documents/0agentproject2026/boazapp/Tests/LocalLedgerTests.swift:8: error: -[boazappTests.LocalLedgerTests testMetricsConfirmationIsBoundToStoredBatch] : failed: caught error: "open("File protection was not effective for health.sqlite.")"
Test Case '-[boazappTests.LocalLedgerTests testMetricsConfirmationIsBoundToStoredBatch]' failed (0.003 seconds).
Test Case '-[boazappTests.LocalLedgerTests testNewDeletionSurvivesOldBatchReceipt]' started.
2026-09-18 16:14:29.097606+0800 boazapp[67063:10286722] [logging] API call with invalid database connection pointer
2026-09-18 16:14:29.097641+0800 boazapp[67063:10286722] [logging] misuse at line 192960 of [f0ca7bba1c]
/Users/beckliu/Documents/0agentproject2026/boazapp/Tests/LocalLedgerTests.swift:8: error: -[boazappTests.LocalLedgerTests testNewDeletionSurvivesOldBatchReceipt] : failed: caught error: "open("File protection was not effective for health.sqlite.")"
Test Case '-[boazappTests.LocalLedgerTests testNewDeletionSurvivesOldBatchReceipt]' failed (0.002 seconds).
Test Case '-[boazappTests.LocalLedgerTests testRetryBackoffSurvivesReopen]' started.
2026-09-18 16:14:29.100140+0800 boazapp[67063:10286718] [logging] API call with invalid database connection pointer
2026-09-18 16:14:29.100175+0800 boazapp[67063:10286718] [logging] misuse at line 192960 of [f0ca7bba1c]
/Users/beckliu/Documents/0agentproject2026/boazapp/Tests/LocalLedgerTests.swift:225: error: -[boazappTests.LocalLedgerTests testRetryBackoffSurvivesReopen] : failed: caught error: "open("File protection was not effective for health.sqlite.")"
Test Case '-[boazappTests.LocalLedgerTests testRetryBackoffSurvivesReopen]' failed (0.002 seconds).
Test Case '-[boazappTests.LocalLedgerTests testUnboundReceiptsCannotAdvanceLocalState]' started.
2026-09-18 16:14:29.102686+0800 boazapp[67063:10286716] [logging] API call with invalid database connection pointer
2026-09-18 16:14:29.102722+0800 boazapp[67063:10286716] [logging] misuse at line 192960 of [f0ca7bba1c]
/Users/beckliu/Documents/0agentproject2026/boazapp/Tests/LocalLedgerTests.swift:8: error: -[boazappTests.LocalLedgerTests testUnboundReceiptsCannotAdvanceLocalState] : failed: caught error: "open("File protection was not effective for health.sqlite.")"
Test Case '-[boazappTests.LocalLedgerTests testUnboundReceiptsCannotAdvanceLocalState]' failed (0.002 seconds).
Test Case '-[boazappTests.LocalLedgerTests testUploadDoesNotStartWithoutSeparateConsent]' started.
2026-09-18 16:14:29.105905+0800 boazapp[67063:10286587] [logging] API call with invalid database connection pointer
2026-09-18 16:14:29.105949+0800 boazapp[67063:10286587] [logging] misuse at line 192960 of [f0ca7bba1c]
/Users/beckliu/Documents/0agentproject2026/boazapp/Tests/LocalLedgerTests.swift:8: error: -[boazappTests.LocalLedgerTests testUploadDoesNotStartWithoutSeparateConsent] : failed: caught error: "open("File protection was not effective for health.sqlite.")"
Test Case '-[boazappTests.LocalLedgerTests testUploadDoesNotStartWithoutSeparateConsent]' failed (0.003 seconds).
Test Suite 'LocalLedgerTests' failed at 2026-09-18 16:14:29.107.
	 Executed 10 tests, with 10 failures (10 unexpected) in 0.196 (0.199) seconds
Test Suite 'SleepAnalyzerTests' started at 2026-09-18 16:14:29.107.
Test Case '-[boazappTests.SleepAnalyzerTests testAwakePriorityAndPartialInBedIntersection]' started.
Test Case '-[boazappTests.SleepAnalyzerTests testAwakePriorityAndPartialInBedIntersection]' passed (0.001 seconds).
Test Case '-[boazappTests.SleepAnalyzerTests testDeleteAndBadStageAreIgnored]' started.
Test Case '-[boazappTests.SleepAnalyzerTests testDeleteAndBadStageAreIgnored]' passed (0.000 seconds).
Test Case '-[boazappTests.SleepAnalyzerTests testDetailedSourceWinsUnspecifiedOverlap]' started.
Test Case '-[boazappTests.SleepAnalyzerTests testDetailedSourceWinsUnspecifiedOverlap]' passed (0.000 seconds).
Test Case '-[boazappTests.SleepAnalyzerTests testEqualCoverageUsesStableSourceTieBreak]' started.
Test Case '-[boazappTests.SleepAnalyzerTests testEqualCoverageUsesStableSourceTieBreak]' passed (0.000 seconds).
Test Case '-[boazappTests.SleepAnalyzerTests testInvalidDurationsAndExactSessionGap]' started.
Test Case '-[boazappTests.SleepAnalyzerTests testInvalidDurationsAndExactSessionGap]' passed (0.004 seconds).
Test Case '-[boazappTests.SleepAnalyzerTests testLatestCompletedDoesNotUseOpenSession]' started.
Test Case '-[boazappTests.SleepAnalyzerTests testLatestCompletedDoesNotUseOpenSession]' passed (0.000 seconds).
Test Case '-[boazappTests.SleepAnalyzerTests testOverlapsCountEachMinuteOnlyOnce]' started.
Test Case '-[boazappTests.SleepAnalyzerTests testOverlapsCountEachMinuteOnlyOnce]' passed (0.000 seconds).
Test Case '-[boazappTests.SleepAnalyzerTests testTwoNightsAndNapAreSeparate]' started.
Test Case '-[boazappTests.SleepAnalyzerTests testTwoNightsAndNapAreSeparate]' passed (0.000 seconds).
Test Suite 'SleepAnalyzerTests' passed at 2026-09-18 16:14:29.116.
	 Executed 8 tests, with 0 failures (0 unexpected) in 0.008 (0.009) seconds
Test Suite 'SleepHistoryTests' started at 2026-09-18 16:14:29.116.
Test Case '-[boazappTests.SleepHistoryTests testCancellationKeepsPriorDerivedRows]' started.
2026-09-18 16:14:29.118125+0800 boazapp[67063:10286717] [logging] API call with invalid database connection pointer
2026-09-18 16:14:29.118167+0800 boazapp[67063:10286717] [logging] misuse at line 192960 of [f0ca7bba1c]
/Users/beckliu/Documents/0agentproject2026/boazapp/Tests/SleepHistoryTests.swift:279: error: -[boazappTests.SleepHistoryTests testCancellationKeepsPriorDerivedRows] : failed: caught error: "open("File protection was not effective for health.sqlite.")"
Test Case '-[boazappTests.SleepHistoryTests testCancellationKeepsPriorDerivedRows]' failed (0.003 seconds).
Test Case '-[boazappTests.SleepHistoryTests testConcurrentHistoryChangeCannotPrunePriorDerivedRows]' started.
2026-09-18 16:14:29.120795+0800 boazapp[67063:10286717] [logging] API call with invalid database connection pointer
2026-09-18 16:14:29.120832+0800 boazapp[67063:10286717] [logging] misuse at line 192960 of [f0ca7bba1c]
/Users/beckliu/Documents/0agentproject2026/boazapp/Tests/SleepHistoryTests.swift:247: error: -[boazappTests.SleepHistoryTests testConcurrentHistoryChangeCannotPrunePriorDerivedRows] : failed: caught error: "open("File protection was not effective for health.sqlite.")"
Test Case '-[boazappTests.SleepHistoryTests testConcurrentHistoryChangeCannotPrunePriorDerivedRows]' failed (0.002 seconds).
Test Case '-[boazappTests.SleepHistoryTests testHistoryKeysetDoesNotSkipEqualTimestampsOrExactBoundary]' started.
2026-09-18 16:14:29.123402+0800 boazapp[67063:10286717] [logging] API call with invalid database connection pointer
2026-09-18 16:14:29.123444+0800 boazapp[67063:10286717] [logging] misuse at line 192960 of [f0ca7bba1c]
/Users/beckliu/Documents/0agentproject2026/boazapp/Tests/SleepHistoryTests.swift:131: error: -[boazappTests.SleepHistoryTests testHistoryKeysetDoesNotSkipEqualTimestampsOrExactBoundary] : failed: caught error: "open("File protection was not effective for health.sqlite.")"
Test Case '-[boazappTests.SleepHistoryTests testHistoryKeysetDoesNotSkipEqualTimestampsOrExactBoundary]' failed (0.002 seconds).
Test Case '-[boazappTests.SleepHistoryTests testLatePageDecodeFailureKeepsPriorDerivedRows]' started.
2026-09-18 16:14:29.125987+0800 boazapp[67063:10286722] [logging] API call with invalid database connection pointer
2026-09-18 16:14:29.126030+0800 boazapp[67063:10286722] [logging] misuse at line 192960 of [f0ca7bba1c]
/Users/beckliu/Documents/0agentproject2026/boazapp/Tests/SleepHistoryTests.swift:266: error: -[boazappTests.SleepHistoryTests testLatePageDecodeFailureKeepsPriorDerivedRows] : failed: caught error: "open("File protection was not effective for health.sqlite.")"
Test Case '-[boazappTests.SleepHistoryTests testLatePageDecodeFailureKeepsPriorDerivedRows]' failed (0.002 seconds).
Test Case '-[boazappTests.SleepHistoryTests testLatestCompletedDoesNotReturnPartialHistoryOnCancellationOrDecodeFailure]' started.
2026-09-18 16:14:29.128492+0800 boazapp[67063:10286716] [logging] API call with invalid database connection pointer
2026-09-18 16:14:29.128539+0800 boazapp[67063:10286716] [logging] misuse at line 192960 of [f0ca7bba1c]
/Users/beckliu/Documents/0agentproject2026/boazapp/Tests/SleepHistoryTests.swift:204: error: -[boazappTests.SleepHistoryTests testLatestCompletedDoesNotReturnPartialHistoryOnCancellationOrDecodeFailure] : failed: caught error: "open("File protection was not effective for health.sqlite.")"
Test Case '-[boazappTests.SleepHistoryTests testLatestCompletedDoesNotReturnPartialHistoryOnCancellationOrDecodeFailure]' failed (0.002 seconds).
Test Case '-[boazappTests.SleepHistoryTests testLatestCompletedPrefersLastMainSleepOverNapAndRecentUnsettledSession]' started.
2026-09-18 16:14:29.130879+0800 boazapp[67063:10286722] [logging] API call with invalid database connection pointer
2026-09-18 16:14:29.130908+0800 boazapp[67063:10286722] [logging] misuse at line 192960 of [f0ca7bba1c]
/Users/beckliu/Documents/0agentproject2026/boazapp/Tests/SleepHistoryTests.swift:168: error: -[boazappTests.SleepHistoryTests testLatestCompletedPrefersLastMainSleepOverNapAndRecentUnsettledSession] : failed: caught error: "open("File protection was not effective for health.sqlite.")"
Test Case '-[boazappTests.SleepHistoryTests testLatestCompletedPrefersLastMainSleepOverNapAndRecentUnsettledSession]' failed (0.002 seconds).
Test Case '-[boazappTests.SleepHistoryTests testLatestCompletedReadsOlderThanSevenDaysAndMoreThan10000SamplesInOneSession]' started.
2026-09-18 16:14:29.133180+0800 boazapp[67063:10286722] [logging] API call with invalid database connection pointer
2026-09-18 16:14:29.133213+0800 boazapp[67063:10286722] [logging] misuse at line 192960 of [f0ca7bba1c]
/Users/beckliu/Documents/0agentproject2026/boazapp/Tests/SleepHistoryTests.swift:151: error: -[boazappTests.SleepHistoryTests testLatestCompletedReadsOlderThanSevenDaysAndMoreThan10000SamplesInOneSession] : failed: caught error: "open("File protection was not effective for health.sqlite.")"
Test Case '-[boazappTests.SleepHistoryTests testLatestCompletedReadsOlderThanSevenDaysAndMoreThan10000SamplesInOneSession]' failed (0.002 seconds).
Test Case '-[boazappTests.SleepHistoryTests testLatestCompletedUsesMostRecentNapWhenNoMainSleepExists]' started.
2026-09-18 16:14:29.135474+0800 boazapp[67063:10286718] [logging] API call with invalid database connection pointer
2026-09-18 16:14:29.135508+0800 boazapp[67063:10286718] [logging] misuse at line 192960 of [f0ca7bba1c]
/Users/beckliu/Documents/0agentproject2026/boazapp/Tests/SleepHistoryTests.swift:189: error: -[boazappTests.SleepHistoryTests testLatestCompletedUsesMostRecentNapWhenNoMainSleepExists] : failed: caught error: "open("File protection was not effective for health.sqlite.")"
Test Case '-[boazappTests.SleepHistoryTests testLatestCompletedUsesMostRecentNapWhenNoMainSleepExists]' failed (0.002 seconds).
Test Case '-[boazappTests.SleepHistoryTests testMoreThan100000PersistedSamplesDeriveEveryNightAndRemoveOnlyStaleDay]' started.
2026-09-18 16:14:29.138013+0800 boazapp[67063:10286717] [logging] API call with invalid database connection pointer
2026-09-18 16:14:29.138049+0800 boazapp[67063:10286717] [logging] misuse at line 192960 of [f0ca7bba1c]
/Users/beckliu/Documents/0agentproject2026/boazapp/Tests/SleepHistoryTests.swift:83: error: -[boazappTests.SleepHistoryTests testMoreThan100000PersistedSamplesDeriveEveryNightAndRemoveOnlyStaleDay] : failed: caught error: "open("File protection was not effective for health.sqlite.")"
Test Case '-[boazappTests.SleepHistoryTests testMoreThan100000PersistedSamplesDeriveEveryNightAndRemoveOnlyStaleDay]' failed (0.002 seconds).
Test Case '-[boazappTests.SleepHistoryTests testSessionSpanningPagesKeepsOverlapRulesAndExcludesNap]' started.
Test Case '-[boazappTests.SleepHistoryTests testSessionSpanningPagesKeepsOverlapRulesAndExcludesNap]' passed (0.001 seconds).
Test Suite 'SleepHistoryTests' failed at 2026-09-18 16:14:29.139.
	 Executed 10 tests, with 9 failures (9 unexpected) in 0.022 (0.023) seconds
Test Suite 'SleepVitalWindowTests' started at 2026-09-18 16:14:29.140.
Test Case '-[boazappTests.SleepVitalWindowTests testMeasuredZeroIsNotMissingAndWindowIsInclusive]' started.
2026-09-18 16:14:29.141822+0800 boazapp[67063:10286718] [logging] API call with invalid database connection pointer
2026-09-18 16:14:29.141861+0800 boazapp[67063:10286718] [logging] misuse at line 192960 of [f0ca7bba1c]
/Users/beckliu/Documents/0agentproject2026/boazapp/Tests/SleepVitalWindowTests.swift:46: error: -[boazappTests.SleepVitalWindowTests testMeasuredZeroIsNotMissingAndWindowIsInclusive] : failed: caught error: "open("File protection was not effective for health.sqlite.")"
Test Case '-[boazappTests.SleepVitalWindowTests testMeasuredZeroIsNotMissingAndWindowIsInclusive]' failed (0.003 seconds).
Test Case '-[boazappTests.SleepVitalWindowTests testOvernightAverageUsesCompleteIntervalDespiteLaterHistory]' started.
2026-09-18 16:14:29.144386+0800 boazapp[67063:10286718] [logging] API call with invalid database connection pointer
2026-09-18 16:14:29.144423+0800 boazapp[67063:10286718] [logging] misuse at line 192960 of [f0ca7bba1c]
/Users/beckliu/Documents/0agentproject2026/boazapp/Tests/SleepVitalWindowTests.swift:8: error: -[boazappTests.SleepVitalWindowTests testOvernightAverageUsesCompleteIntervalDespiteLaterHistory] : failed: caught error: "open("File protection was not effective for health.sqlite.")"
Test Case '-[boazappTests.SleepVitalWindowTests testOvernightAverageUsesCompleteIntervalDespiteLaterHistory]' failed (0.002 seconds).
Test Suite 'SleepVitalWindowTests' failed at 2026-09-18 16:14:29.145.
	 Executed 2 tests, with 2 failures (2 unexpected) in 0.005 (0.006) seconds
Test Suite 'TokyoEndpointTests' started at 2026-09-18 16:14:29.145.
Test Case '-[boazappTests.TokyoEndpointTests testCredentialsPathQueryFragmentAndOtherPortsAreRejected]' started.
Test Case '-[boazappTests.TokyoEndpointTests testCredentialsPathQueryFragmentAndOtherPortsAreRejected]' passed (0.001 seconds).
Test Case '-[boazappTests.TokyoEndpointTests testEveryRedirectIsRejectedWithoutStartingAnyNetworkTask]' started.
Test Case '-[boazappTests.TokyoEndpointTests testEveryRedirectIsRejectedWithoutStartingAnyNetworkTask]' passed (0.004 seconds).
Test Case '-[boazappTests.TokyoEndpointTests testPrivateHTTPSRootOriginsAreAccepted]' started.
Test Case '-[boazappTests.TokyoEndpointTests testPrivateHTTPSRootOriginsAreAccepted]' passed (0.000 seconds).
Test Case '-[boazappTests.TokyoEndpointTests testPublicLookalikeAndNonHTTPSOriginsAreRejected]' started.
Test Case '-[boazappTests.TokyoEndpointTests testPublicLookalikeAndNonHTTPSOriginsAreRejected]' passed (0.000 seconds).
Test Case '-[boazappTests.TokyoEndpointTests testSyntheticUploadUsesPrivateEndpointExactBytesAndStableRetryIdentity]' started.
2026-09-18 16:14:29.153479+0800 boazapp[67063:10286722] [logging] API call with invalid database connection pointer
2026-09-18 16:14:29.153513+0800 boazapp[67063:10286722] [logging] misuse at line 192960 of [f0ca7bba1c]
/Users/beckliu/Documents/0agentproject2026/boazapp/Tests/TokyoEndpointTests.swift:94: error: -[boazappTests.TokyoEndpointTests testSyntheticUploadUsesPrivateEndpointExactBytesAndStableRetryIdentity] : failed: caught error: "open("File protection was not effective for health.sqlite.")"
Test Case '-[boazappTests.TokyoEndpointTests testSyntheticUploadUsesPrivateEndpointExactBytesAndStableRetryIdentity]' failed (0.003 seconds).
Test Suite 'TokyoEndpointTests' failed at 2026-09-18 16:14:29.154.
	 Executed 5 tests, with 1 failure (1 unexpected) in 0.008 (0.009) seconds
Test Suite 'WorkoutDetailDispatcherTests' started at 2026-09-18 16:14:29.155.
Test Case '-[boazappTests.WorkoutDetailDispatcherTests testPartialChildPageRemainsSavedAndReportedWhenLaterQueryFails]' started.
2026-09-18 16:14:29.156665+0800 boazapp[67063:10286718] [logging] API call with invalid database connection pointer
2026-09-18 16:14:29.156706+0800 boazapp[67063:10286718] [logging] misuse at line 192960 of [f0ca7bba1c]
/Users/beckliu/Documents/0agentproject2026/boazapp/Tests/WorkoutDetailDispatcherTests.swift:92: error: -[boazappTests.WorkoutDetailDispatcherTests testPartialChildPageRemainsSavedAndReportedWhenLaterQueryFails] : failed: caught error: "open("File protection was not effective for health.sqlite.")"
Test Case '-[boazappTests.WorkoutDetailDispatcherTests testPartialChildPageRemainsSavedAndReportedWhenLaterQueryFails]' failed (0.003 seconds).
Test Case '-[boazappTests.WorkoutDetailDispatcherTests testTwoThousandLimitIsPerPassAndRemainingHistoryFinishesNextPass]' started.
2026-09-18 16:14:29.159422+0800 boazapp[67063:10286718] [logging] API call with invalid database connection pointer
2026-09-18 16:14:29.159463+0800 boazapp[67063:10286718] [logging] misuse at line 192960 of [f0ca7bba1c]
/Users/beckliu/Documents/0agentproject2026/boazapp/Tests/WorkoutDetailDispatcherTests.swift:72: error: -[boazappTests.WorkoutDetailDispatcherTests testTwoThousandLimitIsPerPassAndRemainingHistoryFinishesNextPass] : failed: caught error: "open("File protection was not effective for health.sqlite.")"
Test Case '-[boazappTests.WorkoutDetailDispatcherTests testTwoThousandLimitIsPerPassAndRemainingHistoryFinishesNextPass]' failed (0.003 seconds).
Test Case '-[boazappTests.WorkoutDetailDispatcherTests testUnavailableOldestWorkoutDoesNotStarveOthersAndRetriesAfterRestart]' started.
2026-09-18 16:14:29.162375+0800 boazapp[67063:10286716] [logging] API call with invalid database connection pointer
2026-09-18 16:14:29.162410+0800 boazapp[67063:10286716] [logging] misuse at line 192960 of [f0ca7bba1c]
/Users/beckliu/Documents/0agentproject2026/boazapp/Tests/WorkoutDetailDispatcherTests.swift:35: error: -[boazappTests.WorkoutDetailDispatcherTests testUnavailableOldestWorkoutDoesNotStarveOthersAndRetriesAfterRestart] : failed: caught error: "open("File protection was not effective for health.sqlite.")"
Test Case '-[boazappTests.WorkoutDetailDispatcherTests testUnavailableOldestWorkoutDoesNotStarveOthersAndRetriesAfterRestart]' failed (0.003 seconds).
Test Case '-[boazappTests.WorkoutDetailDispatcherTests testWorkoutRevisionResetsRetryAndStartsFreshDetailScan]' started.
2026-09-18 16:14:29.164827+0800 boazapp[67063:10286717] [logging] API call with invalid database connection pointer
2026-09-18 16:14:29.164854+0800 boazapp[67063:10286717] [logging] misuse at line 192960 of [f0ca7bba1c]
/Users/beckliu/Documents/0agentproject2026/boazapp/Tests/WorkoutDetailDispatcherTests.swift:122: error: -[boazappTests.WorkoutDetailDispatcherTests testWorkoutRevisionResetsRetryAndStartsFreshDetailScan] : failed: caught error: "open("File protection was not effective for health.sqlite.")"
Test Case '-[boazappTests.WorkoutDetailDispatcherTests testWorkoutRevisionResetsRetryAndStartsFreshDetailScan]' failed (0.002 seconds).
Test Suite 'WorkoutDetailDispatcherTests' failed at 2026-09-18 16:14:29.166.
	 Executed 4 tests, with 4 failures (4 unexpected) in 0.010 (0.011) seconds
Test Suite 'boazappTests.xctest' failed at 2026-09-18 16:14:29.166.
	 Executed 43 tests, with 26 failures (26 unexpected) in 0.252 (0.262) seconds
Test Suite 'All tests' failed at 2026-09-18 16:14:29.166.
	 Executed 43 tests, with 26 failures (26 unexpected) in 0.252 (0.262) seconds
2026-09-18 16:14:39.135 xcodebuild[66945:10284273] [MT] IDETestOperationsObserverDebug: 16.818 elapsed -- Testing started completed.
2026-09-18 16:14:39.136 xcodebuild[66945:10284273] [MT] IDETestOperationsObserverDebug: 0.000 sec, +0.000 sec -- start
2026-09-18 16:14:39.136 xcodebuild[66945:10284273] [MT] IDETestOperationsObserverDebug: 16.818 sec, +16.818 sec -- end

Test session results, code coverage, and logs:
	/tmp/boazapp-acceptance-20260918/ios-combined-final.xcresult

Failing tests:
	LocalLedgerTests.testActivityRevisionAndRetrySurviveDatabaseReopen()
	LocalLedgerTests.testBoundedBatchAndStableRetryBody()
	LocalLedgerTests.testByteBoundAndOversizedEventRetainTheQueue()
	LocalLedgerTests.testFailedPageDoesNotAdvanceAnchor()
	LocalLedgerTests.testHealthDirectoryIsExcludedFromSystemBackups()
	LocalLedgerTests.testMetricsConfirmationIsBoundToStoredBatch()
	LocalLedgerTests.testNewDeletionSurvivesOldBatchReceipt()
	LocalLedgerTests.testRetryBackoffSurvivesReopen()
	LocalLedgerTests.testUnboundReceiptsCannotAdvanceLocalState()
	LocalLedgerTests.testUploadDoesNotStartWithoutSeparateConsent()
	SleepHistoryTests.testCancellationKeepsPriorDerivedRows()
	SleepHistoryTests.testConcurrentHistoryChangeCannotPrunePriorDerivedRows()
	SleepHistoryTests.testHistoryKeysetDoesNotSkipEqualTimestampsOrExactBoundary()
	SleepHistoryTests.testLatePageDecodeFailureKeepsPriorDerivedRows()
	SleepHistoryTests.testLatestCompletedDoesNotReturnPartialHistoryOnCancellationOrDecodeFailure()
	SleepHistoryTests.testLatestCompletedPrefersLastMainSleepOverNapAndRecentUnsettledSession()
	SleepHistoryTests.testLatestCompletedReadsOlderThanSevenDaysAndMoreThan10000SamplesInOneSession()
	SleepHistoryTests.testLatestCompletedUsesMostRecentNapWhenNoMainSleepExists()
	SleepHistoryTests.testMoreThan100000PersistedSamplesDeriveEveryNightAndRemoveOnlyStaleDay()
	SleepVitalWindowTests.testMeasuredZeroIsNotMissingAndWindowIsInclusive()
	SleepVitalWindowTests.testOvernightAverageUsesCompleteIntervalDespiteLaterHistory()
	TokyoEndpointTests.testSyntheticUploadUsesPrivateEndpointExactBytesAndStableRetryIdentity()
	WorkoutDetailDispatcherTests.testPartialChildPageRemainsSavedAndReportedWhenLaterQueryFails()
	WorkoutDetailDispatcherTests.testTwoThousandLimitIsPerPassAndRemainingHistoryFinishesNextPass()
	WorkoutDetailDispatcherTests.testUnavailableOldestWorkoutDoesNotStarveOthersAndRetriesAfterRestart()
	WorkoutDetailDispatcherTests.testWorkoutRevisionResetsRetryAndStartsFreshDetailScan()

** TEST FAILED **

Testing started
