Command line invocation:
    /Applications/Xcode.app/Contents/Developer/usr/bin/xcodebuild -project boazapp.xcodeproj -scheme boazapp -destination "platform=iOS Simulator,id=84EB8BA7-1EDD-43D4-9FEE-C0FB736E5D2A" -parallel-testing-enabled NO -derivedDataPath /private/tmp/boazapp-acceptance-snapshot-sim -resultBundlePath /private/tmp/boazapp-acceptance-20260918/ios-frozen-source.xcresult CODE_SIGNING_ALLOWED=NO test

Build settings from command line:
    CODE_SIGNING_ALLOWED = NO

Writing result bundle at path:
	/private/tmp/boazapp-acceptance-20260918/ios-frozen-source.xcresult

ComputePackagePrebuildTargetDependencyGraph

Prepare packages

CreateBuildRequest

SendProjectDescription

CreateBuildOperation

ComputeTargetDependencyGraph
note: Building targets in dependency order
note: Target dependency graph (2 targets)
    Target 'boazappTests' in project 'boazapp'
        ➜ Explicit dependency on target 'boazapp' in project 'boazapp'
    Target 'boazapp' in project 'boazapp' (no dependencies)

GatherProvisioningInputs

CreateBuildDescription

ExecuteExternalTool /Applications/Xcode.app/Contents/Developer/Toolchains/XcodeDefault.xctoolchain/usr/bin/clang -v -E -dM -isysroot /Applications/Xcode.app/Contents/Developer/Platforms/iPhoneSimulator.platform/Developer/SDKs/iPhoneSimulator27.0.sdk -x c -c /dev/null

ExecuteExternalTool /Applications/Xcode.app/Contents/Developer/Toolchains/XcodeDefault.xctoolchain/usr/bin/swiftc --version

ExecuteExternalTool /Applications/Xcode.app/Contents/Developer/usr/bin/actool --print-asset-tag-combinations --output-format xml1 /tmp/boazapp-acceptance-source/boazapp/Resources/Assets.xcassets

ExecuteExternalTool /Applications/Xcode.app/Contents/Developer/Toolchains/XcodeDefault.xctoolchain/usr/bin/ld -version_details

ExecuteExternalTool /Applications/Xcode.app/Contents/Developer/usr/bin/actool --version --output-format xml1

Build description signature: 26103c9d00905abe3c52974fade5cbbf
Build description path: /tmp/boazapp-acceptance-snapshot-sim/Build/Intermediates.noindex/XCBuildData/26103c9d00905abe3c52974fade5cbbf.xcbuilddata
CreateBuildDirectory /tmp/boazapp-acceptance-snapshot-sim/SDKExplicitPrecompiledModules
    cd /tmp/boazapp-acceptance-source/boazapp.xcodeproj
    builtin-create-build-directory /tmp/boazapp-acceptance-snapshot-sim/SDKExplicitPrecompiledModules

CreateBuildDirectory /tmp/boazapp-acceptance-snapshot-sim/CompilationCache.noindex
    cd /tmp/boazapp-acceptance-source/boazapp.xcodeproj
    builtin-create-build-directory /tmp/boazapp-acceptance-snapshot-sim/CompilationCache.noindex

CreateBuildDirectory /tmp/boazapp-acceptance-snapshot-sim/ModuleCache.noindex
    cd /tmp/boazapp-acceptance-source/boazapp.xcodeproj
    builtin-create-build-directory /tmp/boazapp-acceptance-snapshot-sim/ModuleCache.noindex

ClangStatCache /Applications/Xcode.app/Contents/Developer/Toolchains/XcodeDefault.xctoolchain/usr/bin/clang-stat-cache /Applications/Xcode.app/Contents/Developer/Platforms/iPhoneSimulator.platform/Developer/SDKs/iPhoneSimulator27.0.sdk /tmp/boazapp-acceptance-snapshot-sim/SDKStatCaches.noindex/iphonesimulator27.0-24A430-8dc58220667be655e1bcc261a7455254.sdkstatcache
    cd /tmp/boazapp-acceptance-source/boazapp.xcodeproj
    /Applications/Xcode.app/Contents/Developer/Toolchains/XcodeDefault.xctoolchain/usr/bin/clang-stat-cache /Applications/Xcode.app/Contents/Developer/Platforms/iPhoneSimulator.platform/Developer/SDKs/iPhoneSimulator27.0.sdk -o /tmp/boazapp-acceptance-snapshot-sim/SDKStatCaches.noindex/iphonesimulator27.0-24A430-8dc58220667be655e1bcc261a7455254.sdkstatcache

CreateBuildDirectory /tmp/boazapp-acceptance-snapshot-sim/Build/Products
    cd /tmp/boazapp-acceptance-source/boazapp.xcodeproj
    builtin-create-build-directory /tmp/boazapp-acceptance-snapshot-sim/Build/Products

CreateBuildDirectory /tmp/boazapp-acceptance-snapshot-sim/Build/Intermediates.noindex
    cd /tmp/boazapp-acceptance-source/boazapp.xcodeproj
    builtin-create-build-directory /tmp/boazapp-acceptance-snapshot-sim/Build/Intermediates.noindex

CreateBuildDirectory /tmp/boazapp-acceptance-snapshot-sim/Build/Intermediates.noindex/SwiftExplicitPrecompiledModules
    cd /tmp/boazapp-acceptance-source/boazapp.xcodeproj
    builtin-create-build-directory /tmp/boazapp-acceptance-snapshot-sim/Build/Intermediates.noindex/SwiftExplicitPrecompiledModules

CreateBuildDirectory /tmp/boazapp-acceptance-snapshot-sim/Build/Products/Debug-iphonesimulator
    cd /tmp/boazapp-acceptance-source/boazapp.xcodeproj
    builtin-create-build-directory /tmp/boazapp-acceptance-snapshot-sim/Build/Products/Debug-iphonesimulator

CreateBuildDirectory /tmp/boazapp-acceptance-snapshot-sim/Build/Intermediates.noindex/ExplicitPrecompiledModules
    cd /tmp/boazapp-acceptance-source/boazapp.xcodeproj
    builtin-create-build-directory /tmp/boazapp-acceptance-snapshot-sim/Build/Intermediates.noindex/ExplicitPrecompiledModules

CreateBuildDirectory /tmp/boazapp-acceptance-snapshot-sim/Build/Intermediates.noindex/PrecompiledHeaders
    cd /tmp/boazapp-acceptance-source/boazapp.xcodeproj
    builtin-create-build-directory /tmp/boazapp-acceptance-snapshot-sim/Build/Intermediates.noindex/PrecompiledHeaders

CreateBuildDirectory /tmp/boazapp-acceptance-snapshot-sim/Build/Intermediates.noindex/EagerLinkingTBDs/Debug-iphonesimulator
    cd /tmp/boazapp-acceptance-source/boazapp.xcodeproj
    builtin-create-build-directory /tmp/boazapp-acceptance-snapshot-sim/Build/Intermediates.noindex/EagerLinkingTBDs/Debug-iphonesimulator

WriteAuxiliaryFile /tmp/boazapp-acceptance-snapshot-sim/Build/Intermediates.noindex/boazapp.build/Debug-iphonesimulator/boazapp-6d608ea7f7bd480d5f264c68969ab4e7-VFS-iphonesimulator/all-product-headers.yaml
    cd /tmp/boazapp-acceptance-source/boazapp.xcodeproj
    write-file /tmp/boazapp-acceptance-snapshot-sim/Build/Intermediates.noindex/boazapp.build/Debug-iphonesimulator/boazapp-6d608ea7f7bd480d5f264c68969ab4e7-VFS-iphonesimulator/all-product-headers.yaml

WriteAuxiliaryFile /tmp/boazapp-acceptance-snapshot-sim/Build/Intermediates.noindex/boazapp.build/Debug-iphonesimulator/boazappTests.build/boazappTests-all-target-headers.hmap (in target 'boazappTests' from project 'boazapp')
    cd /tmp/boazapp-acceptance-source
    write-file /tmp/boazapp-acceptance-snapshot-sim/Build/Intermediates.noindex/boazapp.build/Debug-iphonesimulator/boazappTests.build/boazappTests-all-target-headers.hmap

WriteAuxiliaryFile /tmp/boazapp-acceptance-snapshot-sim/Build/Intermediates.noindex/boazapp.build/Debug-iphonesimulator/boazappTests.build/boazappTests-project-headers.hmap (in target 'boazappTests' from project 'boazapp')
    cd /tmp/boazapp-acceptance-source
    write-file /tmp/boazapp-acceptance-snapshot-sim/Build/Intermediates.noindex/boazapp.build/Debug-iphonesimulator/boazappTests.build/boazappTests-project-headers.hmap

WriteAuxiliaryFile /tmp/boazapp-acceptance-snapshot-sim/Build/Intermediates.noindex/boazapp.build/Debug-iphonesimulator/boazappTests.build/boazappTests-generated-files.hmap (in target 'boazappTests' from project 'boazapp')
    cd /tmp/boazapp-acceptance-source
    write-file /tmp/boazapp-acceptance-snapshot-sim/Build/Intermediates.noindex/boazapp.build/Debug-iphonesimulator/boazappTests.build/boazappTests-generated-files.hmap

WriteAuxiliaryFile /tmp/boazapp-acceptance-snapshot-sim/Build/Intermediates.noindex/boazapp.build/Debug-iphonesimulator/boazappTests.build/boazappTests-own-target-headers.hmap (in target 'boazappTests' from project 'boazapp')
    cd /tmp/boazapp-acceptance-source
    write-file /tmp/boazapp-acceptance-snapshot-sim/Build/Intermediates.noindex/boazapp.build/Debug-iphonesimulator/boazappTests.build/boazappTests-own-target-headers.hmap

WriteAuxiliaryFile /tmp/boazapp-acceptance-snapshot-sim/Build/Intermediates.noindex/boazapp.build/Debug-iphonesimulator/boazappTests.build/boazappTests.hmap (in target 'boazappTests' from project 'boazapp')
    cd /tmp/boazapp-acceptance-source
    write-file /tmp/boazapp-acceptance-snapshot-sim/Build/Intermediates.noindex/boazapp.build/Debug-iphonesimulator/boazappTests.build/boazappTests.hmap

WriteAuxiliaryFile /tmp/boazapp-acceptance-snapshot-sim/Build/Intermediates.noindex/boazapp.build/Debug-iphonesimulator/boazappTests.build/boazappTests-all-non-framework-target-headers.hmap (in target 'boazappTests' from project 'boazapp')
    cd /tmp/boazapp-acceptance-source
    write-file /tmp/boazapp-acceptance-snapshot-sim/Build/Intermediates.noindex/boazapp.build/Debug-iphonesimulator/boazappTests.build/boazappTests-all-non-framework-target-headers.hmap

WriteAuxiliaryFile /tmp/boazapp-acceptance-snapshot-sim/Build/Intermediates.noindex/boazapp.build/Debug-iphonesimulator/boazappTests.build/empty-boazappTests.plist (in target 'boazappTests' from project 'boazapp')
    cd /tmp/boazapp-acceptance-source
    write-file /tmp/boazapp-acceptance-snapshot-sim/Build/Intermediates.noindex/boazapp.build/Debug-iphonesimulator/boazappTests.build/empty-boazappTests.plist

WriteAuxiliaryFile /tmp/boazapp-acceptance-snapshot-sim/Build/Intermediates.noindex/boazapp.build/Debug-iphonesimulator/boazappTests.build/boazappTests.DependencyStaticMetadataFileList (in target 'boazappTests' from project 'boazapp')
    cd /tmp/boazapp-acceptance-source
    write-file /tmp/boazapp-acceptance-snapshot-sim/Build/Intermediates.noindex/boazapp.build/Debug-iphonesimulator/boazappTests.build/boazappTests.DependencyStaticMetadataFileList

WriteAuxiliaryFile /tmp/boazapp-acceptance-snapshot-sim/Build/Intermediates.noindex/boazapp.build/Debug-iphonesimulator/boazappTests.build/boazappTests.DependencyMetadataFileList (in target 'boazappTests' from project 'boazapp')
    cd /tmp/boazapp-acceptance-source
    write-file /tmp/boazapp-acceptance-snapshot-sim/Build/Intermediates.noindex/boazapp.build/Debug-iphonesimulator/boazappTests.build/boazappTests.DependencyMetadataFileList

WriteAuxiliaryFile /tmp/boazapp-acceptance-snapshot-sim/Build/Intermediates.noindex/boazapp.build/Debug-iphonesimulator/boazappTests.build/Objects-normal/x86_64/boazappTests.SwiftFileList (in target 'boazappTests' from project 'boazapp')
    cd /tmp/boazapp-acceptance-source
    write-file /tmp/boazapp-acceptance-snapshot-sim/Build/Intermediates.noindex/boazapp.build/Debug-iphonesimulator/boazappTests.build/Objects-normal/x86_64/boazappTests.SwiftFileList

WriteAuxiliaryFile /tmp/boazapp-acceptance-snapshot-sim/Build/Intermediates.noindex/boazapp.build/Debug-iphonesimulator/boazappTests.build/Objects-normal/x86_64/boazappTests-OutputFileMap.json (in target 'boazappTests' from project 'boazapp')
    cd /tmp/boazapp-acceptance-source
    write-file /tmp/boazapp-acceptance-snapshot-sim/Build/Intermediates.noindex/boazapp.build/Debug-iphonesimulator/boazappTests.build/Objects-normal/x86_64/boazappTests-OutputFileMap.json

WriteAuxiliaryFile /tmp/boazapp-acceptance-snapshot-sim/Build/Intermediates.noindex/boazapp.build/Debug-iphonesimulator/boazappTests.build/Objects-normal/x86_64/boazappTests_const_extract_protocols.json (in target 'boazappTests' from project 'boazapp')
    cd /tmp/boazapp-acceptance-source
    write-file /tmp/boazapp-acceptance-snapshot-sim/Build/Intermediates.noindex/boazapp.build/Debug-iphonesimulator/boazappTests.build/Objects-normal/x86_64/boazappTests_const_extract_protocols.json

WriteAuxiliaryFile /tmp/boazapp-acceptance-snapshot-sim/Build/Intermediates.noindex/boazapp.build/Debug-iphonesimulator/boazappTests.build/Objects-normal/x86_64/boazappTests.SwiftConstValuesFileList (in target 'boazappTests' from project 'boazapp')
    cd /tmp/boazapp-acceptance-source
    write-file /tmp/boazapp-acceptance-snapshot-sim/Build/Intermediates.noindex/boazapp.build/Debug-iphonesimulator/boazappTests.build/Objects-normal/x86_64/boazappTests.SwiftConstValuesFileList

WriteAuxiliaryFile /tmp/boazapp-acceptance-snapshot-sim/Build/Intermediates.noindex/boazapp.build/Debug-iphonesimulator/boazappTests.build/Objects-normal/x86_64/boazappTests.LinkFileList (in target 'boazappTests' from project 'boazapp')
    cd /tmp/boazapp-acceptance-source
    write-file /tmp/boazapp-acceptance-snapshot-sim/Build/Intermediates.noindex/boazapp.build/Debug-iphonesimulator/boazappTests.build/Objects-normal/x86_64/boazappTests.LinkFileList

WriteAuxiliaryFile /tmp/boazapp-acceptance-snapshot-sim/Build/Intermediates.noindex/boazapp.build/Debug-iphonesimulator/boazappTests.build/Objects-normal/arm64/boazappTests_const_extract_protocols.json (in target 'boazappTests' from project 'boazapp')
    cd /tmp/boazapp-acceptance-source
    write-file /tmp/boazapp-acceptance-snapshot-sim/Build/Intermediates.noindex/boazapp.build/Debug-iphonesimulator/boazappTests.build/Objects-normal/arm64/boazappTests_const_extract_protocols.json

WriteAuxiliaryFile /tmp/boazapp-acceptance-snapshot-sim/Build/Intermediates.noindex/boazapp.build/Debug-iphonesimulator/boazappTests.build/Objects-normal/arm64/boazappTests.SwiftFileList (in target 'boazappTests' from project 'boazapp')
    cd /tmp/boazapp-acceptance-source
    write-file /tmp/boazapp-acceptance-snapshot-sim/Build/Intermediates.noindex/boazapp.build/Debug-iphonesimulator/boazappTests.build/Objects-normal/arm64/boazappTests.SwiftFileList

WriteAuxiliaryFile /tmp/boazapp-acceptance-snapshot-sim/Build/Intermediates.noindex/boazapp.build/Debug-iphonesimulator/boazappTests.build/Objects-normal/arm64/boazappTests.SwiftConstValuesFileList (in target 'boazappTests' from project 'boazapp')
    cd /tmp/boazapp-acceptance-source
    write-file /tmp/boazapp-acceptance-snapshot-sim/Build/Intermediates.noindex/boazapp.build/Debug-iphonesimulator/boazappTests.build/Objects-normal/arm64/boazappTests.SwiftConstValuesFileList

WriteAuxiliaryFile /tmp/boazapp-acceptance-snapshot-sim/Build/Intermediates.noindex/boazapp.build/Debug-iphonesimulator/boazappTests.build/Objects-normal/arm64/boazappTests.LinkFileList (in target 'boazappTests' from project 'boazapp')
    cd /tmp/boazapp-acceptance-source
    write-file /tmp/boazapp-acceptance-snapshot-sim/Build/Intermediates.noindex/boazapp.build/Debug-iphonesimulator/boazappTests.build/Objects-normal/arm64/boazappTests.LinkFileList

WriteAuxiliaryFile /tmp/boazapp-acceptance-snapshot-sim/Build/Intermediates.noindex/boazapp.build/Debug-iphonesimulator/boazappTests.build/Objects-normal/arm64/boazappTests-OutputFileMap.json (in target 'boazappTests' from project 'boazapp')
    cd /tmp/boazapp-acceptance-source
    write-file /tmp/boazapp-acceptance-snapshot-sim/Build/Intermediates.noindex/boazapp.build/Debug-iphonesimulator/boazappTests.build/Objects-normal/arm64/boazappTests-OutputFileMap.json

WriteAuxiliaryFile /tmp/boazapp-acceptance-snapshot-sim/Build/Intermediates.noindex/boazapp.build/Debug-iphonesimulator/boazapp.build/boazapp.DependencyStaticMetadataFileList (in target 'boazapp' from project 'boazapp')
    cd /tmp/boazapp-acceptance-source
    write-file /tmp/boazapp-acceptance-snapshot-sim/Build/Intermediates.noindex/boazapp.build/Debug-iphonesimulator/boazapp.build/boazapp.DependencyStaticMetadataFileList

WriteAuxiliaryFile /tmp/boazapp-acceptance-snapshot-sim/Build/Intermediates.noindex/boazapp.build/Debug-iphonesimulator/boazapp.build/boazapp-project-headers.hmap (in target 'boazapp' from project 'boazapp')
    cd /tmp/boazapp-acceptance-source
    write-file /tmp/boazapp-acceptance-snapshot-sim/Build/Intermediates.noindex/boazapp.build/Debug-iphonesimulator/boazapp.build/boazapp-project-headers.hmap

WriteAuxiliaryFile /tmp/boazapp-acceptance-snapshot-sim/Build/Intermediates.noindex/boazapp.build/Debug-iphonesimulator/boazapp.build/boazapp.hmap (in target 'boazapp' from project 'boazapp')
    cd /tmp/boazapp-acceptance-source
    write-file /tmp/boazapp-acceptance-snapshot-sim/Build/Intermediates.noindex/boazapp.build/Debug-iphonesimulator/boazapp.build/boazapp.hmap

WriteAuxiliaryFile /tmp/boazapp-acceptance-snapshot-sim/Build/Intermediates.noindex/boazapp.build/Debug-iphonesimulator/boazapp.build/boazapp-own-target-headers.hmap (in target 'boazapp' from project 'boazapp')
    cd /tmp/boazapp-acceptance-source
    write-file /tmp/boazapp-acceptance-snapshot-sim/Build/Intermediates.noindex/boazapp.build/Debug-iphonesimulator/boazapp.build/boazapp-own-target-headers.hmap

WriteAuxiliaryFile /tmp/boazapp-acceptance-snapshot-sim/Build/Intermediates.noindex/boazapp.build/Debug-iphonesimulator/boazapp.build/boazapp.DependencyMetadataFileList (in target 'boazapp' from project 'boazapp')
    cd /tmp/boazapp-acceptance-source
    write-file /tmp/boazapp-acceptance-snapshot-sim/Build/Intermediates.noindex/boazapp.build/Debug-iphonesimulator/boazapp.build/boazapp.DependencyMetadataFileList

WriteAuxiliaryFile /tmp/boazapp-acceptance-snapshot-sim/Build/Intermediates.noindex/boazapp.build/Debug-iphonesimulator/boazapp.build/boazapp-generated-files.hmap (in target 'boazapp' from project 'boazapp')
    cd /tmp/boazapp-acceptance-source
    write-file /tmp/boazapp-acceptance-snapshot-sim/Build/Intermediates.noindex/boazapp.build/Debug-iphonesimulator/boazapp.build/boazapp-generated-files.hmap

WriteAuxiliaryFile /tmp/boazapp-acceptance-snapshot-sim/Build/Intermediates.noindex/boazapp.build/Debug-iphonesimulator/boazapp.build/boazapp-all-target-headers.hmap (in target 'boazapp' from project 'boazapp')
    cd /tmp/boazapp-acceptance-source
    write-file /tmp/boazapp-acceptance-snapshot-sim/Build/Intermediates.noindex/boazapp.build/Debug-iphonesimulator/boazapp.build/boazapp-all-target-headers.hmap

WriteAuxiliaryFile /tmp/boazapp-acceptance-snapshot-sim/Build/Intermediates.noindex/boazapp.build/Debug-iphonesimulator/boazapp.build/boazapp-all-non-framework-target-headers.hmap (in target 'boazapp' from project 'boazapp')
    cd /tmp/boazapp-acceptance-source
    write-file /tmp/boazapp-acceptance-snapshot-sim/Build/Intermediates.noindex/boazapp.build/Debug-iphonesimulator/boazapp.build/boazapp-all-non-framework-target-headers.hmap

WriteAuxiliaryFile /tmp/boazapp-acceptance-snapshot-sim/Build/Intermediates.noindex/boazapp.build/Debug-iphonesimulator/boazapp.build/boazapp-DebugDylibPath-normal-x86_64.txt (in target 'boazapp' from project 'boazapp')
    cd /tmp/boazapp-acceptance-source
    write-file /tmp/boazapp-acceptance-snapshot-sim/Build/Intermediates.noindex/boazapp.build/Debug-iphonesimulator/boazapp.build/boazapp-DebugDylibPath-normal-x86_64.txt

WriteAuxiliaryFile /tmp/boazapp-acceptance-snapshot-sim/Build/Intermediates.noindex/boazapp.build/Debug-iphonesimulator/boazapp.build/boazapp-DebugDylibPath-normal-arm64.txt (in target 'boazapp' from project 'boazapp')
    cd /tmp/boazapp-acceptance-source
    write-file /tmp/boazapp-acceptance-snapshot-sim/Build/Intermediates.noindex/boazapp.build/Debug-iphonesimulator/boazapp.build/boazapp-DebugDylibPath-normal-arm64.txt

WriteAuxiliaryFile /tmp/boazapp-acceptance-snapshot-sim/Build/Intermediates.noindex/boazapp.build/Debug-iphonesimulator/boazapp.build/boazapp-DebugDylibInstallName-normal-x86_64.txt (in target 'boazapp' from project 'boazapp')
    cd /tmp/boazapp-acceptance-source
    write-file /tmp/boazapp-acceptance-snapshot-sim/Build/Intermediates.noindex/boazapp.build/Debug-iphonesimulator/boazapp.build/boazapp-DebugDylibInstallName-normal-x86_64.txt

WriteAuxiliaryFile /tmp/boazapp-acceptance-snapshot-sim/Build/Intermediates.noindex/boazapp.build/Debug-iphonesimulator/boazapp.build/boazapp-DebugDylibInstallName-normal-arm64.txt (in target 'boazapp' from project 'boazapp')
    cd /tmp/boazapp-acceptance-source
    write-file /tmp/boazapp-acceptance-snapshot-sim/Build/Intermediates.noindex/boazapp.build/Debug-iphonesimulator/boazapp.build/boazapp-DebugDylibInstallName-normal-arm64.txt

WriteAuxiliaryFile /tmp/boazapp-acceptance-snapshot-sim/Build/Intermediates.noindex/boazapp.build/Debug-iphonesimulator/boazapp.build/Objects-normal/x86_64/boazapp_const_extract_protocols.json (in target 'boazapp' from project 'boazapp')
    cd /tmp/boazapp-acceptance-source
    write-file /tmp/boazapp-acceptance-snapshot-sim/Build/Intermediates.noindex/boazapp.build/Debug-iphonesimulator/boazapp.build/Objects-normal/x86_64/boazapp_const_extract_protocols.json

WriteAuxiliaryFile /tmp/boazapp-acceptance-snapshot-sim/Build/Intermediates.noindex/boazapp.build/Debug-iphonesimulator/boazapp.build/Objects-normal/x86_64/boazapp.SwiftConstValuesFileList (in target 'boazapp' from project 'boazapp')
    cd /tmp/boazapp-acceptance-source
    write-file /tmp/boazapp-acceptance-snapshot-sim/Build/Intermediates.noindex/boazapp.build/Debug-iphonesimulator/boazapp.build/Objects-normal/x86_64/boazapp.SwiftConstValuesFileList

WriteAuxiliaryFile /tmp/boazapp-acceptance-snapshot-sim/Build/Intermediates.noindex/boazapp.build/Debug-iphonesimulator/boazapp.build/Objects-normal/x86_64/boazapp.LinkFileList (in target 'boazapp' from project 'boazapp')
    cd /tmp/boazapp-acceptance-source
    write-file /tmp/boazapp-acceptance-snapshot-sim/Build/Intermediates.noindex/boazapp.build/Debug-iphonesimulator/boazapp.build/Objects-normal/x86_64/boazapp.LinkFileList

WriteAuxiliaryFile /tmp/boazapp-acceptance-snapshot-sim/Build/Intermediates.noindex/boazapp.build/Debug-iphonesimulator/boazapp.build/Objects-normal/x86_64/boazapp-OutputFileMap.json (in target 'boazapp' from project 'boazapp')
    cd /tmp/boazapp-acceptance-source
    write-file /tmp/boazapp-acceptance-snapshot-sim/Build/Intermediates.noindex/boazapp.build/Debug-iphonesimulator/boazapp.build/Objects-normal/x86_64/boazapp-OutputFileMap.json

WriteAuxiliaryFile /tmp/boazapp-acceptance-snapshot-sim/Build/Intermediates.noindex/boazapp.build/Debug-iphonesimulator/boazapp.build/Objects-normal/x86_64/boazapp.SwiftFileList (in target 'boazapp' from project 'boazapp')
    cd /tmp/boazapp-acceptance-source
    write-file /tmp/boazapp-acceptance-snapshot-sim/Build/Intermediates.noindex/boazapp.build/Debug-iphonesimulator/boazapp.build/Objects-normal/x86_64/boazapp.SwiftFileList

WriteAuxiliaryFile /tmp/boazapp-acceptance-snapshot-sim/Build/Intermediates.noindex/boazapp.build/Debug-iphonesimulator/boazapp.build/Objects-normal/arm64/boazapp.LinkFileList (in target 'boazapp' from project 'boazapp')
    cd /tmp/boazapp-acceptance-source
    write-file /tmp/boazapp-acceptance-snapshot-sim/Build/Intermediates.noindex/boazapp.build/Debug-iphonesimulator/boazapp.build/Objects-normal/arm64/boazapp.LinkFileList

WriteAuxiliaryFile /tmp/boazapp-acceptance-snapshot-sim/Build/Intermediates.noindex/boazapp.build/Debug-iphonesimulator/boazapp.build/Objects-normal/arm64/boazapp_const_extract_protocols.json (in target 'boazapp' from project 'boazapp')
    cd /tmp/boazapp-acceptance-source
    write-file /tmp/boazapp-acceptance-snapshot-sim/Build/Intermediates.noindex/boazapp.build/Debug-iphonesimulator/boazapp.build/Objects-normal/arm64/boazapp_const_extract_protocols.json

WriteAuxiliaryFile /tmp/boazapp-acceptance-snapshot-sim/Build/Intermediates.noindex/boazapp.build/Debug-iphonesimulator/boazapp.build/Objects-normal/arm64/boazapp.SwiftConstValuesFileList (in target 'boazapp' from project 'boazapp')
    cd /tmp/boazapp-acceptance-source
    write-file /tmp/boazapp-acceptance-snapshot-sim/Build/Intermediates.noindex/boazapp.build/Debug-iphonesimulator/boazapp.build/Objects-normal/arm64/boazapp.SwiftConstValuesFileList

WriteAuxiliaryFile /tmp/boazapp-acceptance-snapshot-sim/Build/Intermediates.noindex/boazapp.build/Debug-iphonesimulator/boazapp.build/Objects-normal/arm64/boazapp.SwiftFileList (in target 'boazapp' from project 'boazapp')
    cd /tmp/boazapp-acceptance-source
    write-file /tmp/boazapp-acceptance-snapshot-sim/Build/Intermediates.noindex/boazapp.build/Debug-iphonesimulator/boazapp.build/Objects-normal/arm64/boazapp.SwiftFileList

WriteAuxiliaryFile /tmp/boazapp-acceptance-snapshot-sim/Build/Intermediates.noindex/boazapp.build/Debug-iphonesimulator/boazapp.build/Objects-normal/arm64/boazapp-OutputFileMap.json (in target 'boazapp' from project 'boazapp')
    cd /tmp/boazapp-acceptance-source
    write-file /tmp/boazapp-acceptance-snapshot-sim/Build/Intermediates.noindex/boazapp.build/Debug-iphonesimulator/boazapp.build/Objects-normal/arm64/boazapp-OutputFileMap.json

MkDir /tmp/boazapp-acceptance-snapshot-sim/Build/Products/Debug-iphonesimulator/boazapp.app/PlugIns/boazappTests.xctest (in target 'boazappTests' from project 'boazapp')
    cd /tmp/boazapp-acceptance-source
    /bin/mkdir -p /tmp/boazapp-acceptance-snapshot-sim/Build/Products/Debug-iphonesimulator/boazapp.app/PlugIns/boazappTests.xctest

MkDir /tmp/boazapp-acceptance-snapshot-sim/Build/Products/Debug-iphonesimulator/boazapp.app/PlugIns (in target 'boazapp' from project 'boazapp')
    cd /tmp/boazapp-acceptance-source
    /bin/mkdir -p /tmp/boazapp-acceptance-snapshot-sim/Build/Products/Debug-iphonesimulator/boazapp.app/PlugIns

MkDir /tmp/boazapp-acceptance-snapshot-sim/Build/Products/Debug-iphonesimulator/boazapp.app (in target 'boazapp' from project 'boazapp')
    cd /tmp/boazapp-acceptance-source
    /bin/mkdir -p /tmp/boazapp-acceptance-snapshot-sim/Build/Products/Debug-iphonesimulator/boazapp.app

CpResource /tmp/boazapp-acceptance-snapshot-sim/Build/Products/Debug-iphonesimulator/boazapp.app/Schema.sql /tmp/boazapp-acceptance-source/boazapp/Core/Database/Schema.sql (in target 'boazapp' from project 'boazapp')
    cd /tmp/boazapp-acceptance-source
    builtin-copy -exclude .DS_Store -exclude CVS -exclude .svn -exclude .git -exclude .hg -strip-unsigned-binaries -strip-deterministic -strip-tool /Applications/Xcode.app/Contents/Developer/Toolchains/XcodeDefault.xctoolchain/usr/bin/strip -resolve-src-symlinks /tmp/boazapp-acceptance-source/boazapp/Core/Database/Schema.sql /tmp/boazapp-acceptance-snapshot-sim/Build/Products/Debug-iphonesimulator/boazapp.app

MkDir /tmp/boazapp-acceptance-snapshot-sim/Build/Intermediates.noindex/boazapp.build/Debug-iphonesimulator/boazapp.build/assetcatalog_output/unthinned (in target 'boazapp' from project 'boazapp')
    cd /tmp/boazapp-acceptance-source
    /bin/mkdir -p /tmp/boazapp-acceptance-snapshot-sim/Build/Intermediates.noindex/boazapp.build/Debug-iphonesimulator/boazapp.build/assetcatalog_output/unthinned

Ld /tmp/boazapp-acceptance-snapshot-sim/Build/Intermediates.noindex/boazapp.build/Debug-iphonesimulator/boazapp.build/Objects-normal/x86_64/Binary/__preview.dylib normal x86_64 (in target 'boazapp' from project 'boazapp')
    cd /tmp/boazapp-acceptance-source
    /Applications/Xcode.app/Contents/Developer/Toolchains/XcodeDefault.xctoolchain/usr/bin/clang -Xlinker -reproducible -target x86_64-apple-ios17.0-simulator -dynamiclib -isysroot /Applications/Xcode.app/Contents/Developer/Platforms/iPhoneSimulator.platform/Developer/SDKs/iPhoneSimulator27.0.sdk -Os -Xlinker -no_warn_duplicate_libraries -L/tmp/boazapp-acceptance-snapshot-sim/Build/Products/Debug-iphonesimulator -F/tmp/boazapp-acceptance-snapshot-sim/Build/Products/Debug-iphonesimulator -install_name @rpath/boazapp.debug.dylib -Xlinker -dead_strip -rdynamic -Xlinker -objc_abi_version -Xlinker 2 -Xlinker -dependency_info -Xlinker /tmp/boazapp-acceptance-snapshot-sim/Build/Intermediates.noindex/boazapp.build/Debug-iphonesimulator/boazapp.build/Objects-normal/x86_64/boazapp_dependency_info.dat -o /tmp/boazapp-acceptance-snapshot-sim/Build/Intermediates.noindex/boazapp.build/Debug-iphonesimulator/boazapp.build/Objects-normal/x86_64/Binary/__preview.dylib

MkDir /tmp/boazapp-acceptance-snapshot-sim/Build/Intermediates.noindex/boazapp.build/Debug-iphonesimulator/boazapp.build/assetcatalog_output/thinned (in target 'boazapp' from project 'boazapp')
    cd /tmp/boazapp-acceptance-source
    /bin/mkdir -p /tmp/boazapp-acceptance-snapshot-sim/Build/Intermediates.noindex/boazapp.build/Debug-iphonesimulator/boazapp.build/assetcatalog_output/thinned

Ld /tmp/boazapp-acceptance-snapshot-sim/Build/Intermediates.noindex/boazapp.build/Debug-iphonesimulator/boazapp.build/Objects-normal/arm64/Binary/__preview.dylib normal arm64 (in target 'boazapp' from project 'boazapp')
    cd /tmp/boazapp-acceptance-source
    /Applications/Xcode.app/Contents/Developer/Toolchains/XcodeDefault.xctoolchain/usr/bin/clang -Xlinker -reproducible -target arm64-apple-ios17.0-simulator -dynamiclib -isysroot /Applications/Xcode.app/Contents/Developer/Platforms/iPhoneSimulator.platform/Developer/SDKs/iPhoneSimulator27.0.sdk -Os -Xlinker -no_warn_duplicate_libraries -L/tmp/boazapp-acceptance-snapshot-sim/Build/Products/Debug-iphonesimulator -F/tmp/boazapp-acceptance-snapshot-sim/Build/Products/Debug-iphonesimulator -install_name @rpath/boazapp.debug.dylib -Xlinker -dead_strip -rdynamic -Xlinker -objc_abi_version -Xlinker 2 -Xlinker -dependency_info -Xlinker /tmp/boazapp-acceptance-snapshot-sim/Build/Intermediates.noindex/boazapp.build/Debug-iphonesimulator/boazapp.build/Objects-normal/arm64/boazapp_dependency_info.dat -o /tmp/boazapp-acceptance-snapshot-sim/Build/Intermediates.noindex/boazapp.build/Debug-iphonesimulator/boazapp.build/Objects-normal/arm64/Binary/__preview.dylib

GenerateAssetSymbols /tmp/boazapp-acceptance-source/boazapp/Resources/Assets.xcassets (in target 'boazapp' from project 'boazapp')
    cd /tmp/boazapp-acceptance-source
    /Applications/Xcode.app/Contents/Developer/usr/bin/actool /tmp/boazapp-acceptance-source/boazapp/Resources/Assets.xcassets --compile /tmp/boazapp-acceptance-snapshot-sim/Build/Products/Debug-iphonesimulator/boazapp.app --output-format human-readable-text --notices --warnings --export-dependency-info /tmp/boazapp-acceptance-snapshot-sim/Build/Intermediates.noindex/boazapp.build/Debug-iphonesimulator/boazapp.build/assetcatalog_dependencies --output-partial-info-plist /tmp/boazapp-acceptance-snapshot-sim/Build/Intermediates.noindex/boazapp.build/Debug-iphonesimulator/boazapp.build/assetcatalog_generated_info.plist --app-icon AppIcon --compress-pngs --enable-on-demand-resources YES --development-region en --target-device iphone --minimum-deployment-target 17.0 --platform iphonesimulator --bundle-identifier com.beckliu.boazhealth --generate-swift-asset-symbol-extensions NO --generate-swift-asset-symbols /tmp/boazapp-acceptance-snapshot-sim/Build/Intermediates.noindex/boazapp.build/Debug-iphonesimulator/boazapp.build/DerivedSources/GeneratedAssetSymbols.swift --generate-objc-asset-symbols /tmp/boazapp-acceptance-snapshot-sim/Build/Intermediates.noindex/boazapp.build/Debug-iphonesimulator/boazapp.build/DerivedSources/GeneratedAssetSymbols.h --generate-asset-symbol-index /tmp/boazapp-acceptance-snapshot-sim/Build/Intermediates.noindex/boazapp.build/Debug-iphonesimulator/boazapp.build/DerivedSources/GeneratedAssetSymbols-Index.plist
/* com.apple.actool.compilation-results */
/tmp/boazapp-acceptance-snapshot-sim/Build/Intermediates.noindex/boazapp.build/Debug-iphonesimulator/boazapp.build/DerivedSources/GeneratedAssetSymbols-Index.plist
/tmp/boazapp-acceptance-snapshot-sim/Build/Intermediates.noindex/boazapp.build/Debug-iphonesimulator/boazapp.build/DerivedSources/GeneratedAssetSymbols.h
/tmp/boazapp-acceptance-snapshot-sim/Build/Intermediates.noindex/boazapp.build/Debug-iphonesimulator/boazapp.build/DerivedSources/GeneratedAssetSymbols.swift


CompileAssetCatalogVariant thinned /tmp/boazapp-acceptance-snapshot-sim/Build/Products/Debug-iphonesimulator/boazapp.app /tmp/boazapp-acceptance-source/boazapp/Resources/Assets.xcassets (in target 'boazapp' from project 'boazapp')
    cd /tmp/boazapp-acceptance-source
    /Applications/Xcode.app/Contents/Developer/usr/bin/actool /tmp/boazapp-acceptance-source/boazapp/Resources/Assets.xcassets --compile /tmp/boazapp-acceptance-snapshot-sim/Build/Intermediates.noindex/boazapp.build/Debug-iphonesimulator/boazapp.build/assetcatalog_output/thinned --output-format human-readable-text --notices --warnings --export-dependency-info /tmp/boazapp-acceptance-snapshot-sim/Build/Intermediates.noindex/boazapp.build/Debug-iphonesimulator/boazapp.build/assetcatalog_dependencies_thinned --output-partial-info-plist /tmp/boazapp-acceptance-snapshot-sim/Build/Intermediates.noindex/boazapp.build/Debug-iphonesimulator/boazapp.build/assetcatalog_generated_info.plist_thinned --app-icon AppIcon --compress-pngs --enable-on-demand-resources YES --filter-for-thinning-device-configuration iPhone17,1 --filter-for-device-os-version 26.5 --development-region en --target-device iphone --minimum-deployment-target 17.0 --platform iphonesimulator
/* com.apple.actool.compilation-results */
/tmp/boazapp-acceptance-snapshot-sim/Build/Intermediates.noindex/boazapp.build/Debug-iphonesimulator/boazapp.build/assetcatalog_generated_info.plist_thinned
/tmp/boazapp-acceptance-snapshot-sim/Build/Intermediates.noindex/boazapp.build/Debug-iphonesimulator/boazapp.build/assetcatalog_output/thinned/AppIcon60x60@2x.png
/tmp/boazapp-acceptance-snapshot-sim/Build/Intermediates.noindex/boazapp.build/Debug-iphonesimulator/boazapp.build/assetcatalog_output/thinned/AppIcon76x76@2x~ipad.png
/tmp/boazapp-acceptance-snapshot-sim/Build/Intermediates.noindex/boazapp.build/Debug-iphonesimulator/boazapp.build/assetcatalog_output/thinned/Assets.car


CreateUniversalBinary /tmp/boazapp-acceptance-snapshot-sim/Build/Products/Debug-iphonesimulator/boazapp.app/__preview.dylib normal arm64\ x86_64 (in target 'boazapp' from project 'boazapp')
    cd /tmp/boazapp-acceptance-source
    /Applications/Xcode.app/Contents/Developer/Toolchains/XcodeDefault.xctoolchain/usr/bin/lipo -create /tmp/boazapp-acceptance-snapshot-sim/Build/Intermediates.noindex/boazapp.build/Debug-iphonesimulator/boazapp.build/Objects-normal/arm64/Binary/__preview.dylib /tmp/boazapp-acceptance-snapshot-sim/Build/Intermediates.noindex/boazapp.build/Debug-iphonesimulator/boazapp.build/Objects-normal/x86_64/Binary/__preview.dylib -output /tmp/boazapp-acceptance-snapshot-sim/Build/Products/Debug-iphonesimulator/boazapp.app/__preview.dylib

SwiftDriver boazapp normal arm64 com.apple.xcode.tools.swift.compiler (in target 'boazapp' from project 'boazapp')
    cd /tmp/boazapp-acceptance-source
    builtin-SwiftDriver -- /Applications/Xcode.app/Contents/Developer/Toolchains/XcodeDefault.xctoolchain/usr/bin/swiftc -module-name boazapp -Onone @/tmp/boazapp-acceptance-snapshot-sim/Build/Intermediates.noindex/boazapp.build/Debug-iphonesimulator/boazapp.build/Objects-normal/arm64/boazapp.SwiftFileList -enable-experimental-feature DebugDescriptionMacro -sdk /Applications/Xcode.app/Contents/Developer/Platforms/iPhoneSimulator.platform/Developer/SDKs/iPhoneSimulator27.0.sdk -target arm64-apple-ios17.0-simulator -g -module-cache-path /tmp/boazapp-acceptance-snapshot-sim/ModuleCache.noindex -Xfrontend -serialize-debugging-options -enable-testing -index-store-path /tmp/boazapp-acceptance-snapshot-sim/Index.noindex/DataStore -swift-version 6 -I /tmp/boazapp-acceptance-snapshot-sim/Build/Products/Debug-iphonesimulator -F /tmp/boazapp-acceptance-snapshot-sim/Build/Products/Debug-iphonesimulator -emit-localized-strings -emit-localized-strings-path /tmp/boazapp-acceptance-snapshot-sim/Build/Intermediates.noindex/boazapp.build/Debug-iphonesimulator/boazapp.build/Objects-normal/arm64 -c -j18 -enable-batch-mode -incremental -Xcc -ivfsstatcache -Xcc /tmp/boazapp-acceptance-snapshot-sim/SDKStatCaches.noindex/iphonesimulator27.0-24A430-8dc58220667be655e1bcc261a7455254.sdkstatcache -output-file-map /tmp/boazapp-acceptance-snapshot-sim/Build/Intermediates.noindex/boazapp.build/Debug-iphonesimulator/boazapp.build/Objects-normal/arm64/boazapp-OutputFileMap.json -save-temps -no-color-diagnostics -explicit-module-build -module-cache-path /tmp/boazapp-acceptance-snapshot-sim/Build/Intermediates.noindex/SwiftExplicitPrecompiledModules -clang-scanner-module-cache-path /tmp/boazapp-acceptance-snapshot-sim/ModuleCache.noindex -sdk-module-cache-path /tmp/boazapp-acceptance-snapshot-sim/SDKExplicitPrecompiledModules -emit-dependencies -emit-module -emit-module-path /tmp/boazapp-acceptance-snapshot-sim/Build/Intermediates.noindex/boazapp.build/Debug-iphonesimulator/boazapp.build/Objects-normal/arm64/boazapp.swiftmodule -serialize-diagnostics -dependency-scan-serialize-diagnostics-path /tmp/boazapp-acceptance-snapshot-sim/Build/Intermediates.noindex/boazapp.build/Debug-iphonesimulator/boazapp.build/Objects-normal/arm64/boazapp-dependency-scan.dia -validate-clang-modules-once -clang-build-session-file /tmp/boazapp-acceptance-snapshot-sim/ModuleCache.noindex/Session.modulevalidation -Xcc -fmodules-prune-interval\=86400 -Xcc -fmodules-prune-after\=345600 -emit-const-values -const-gather-protocols-list /tmp/boazapp-acceptance-snapshot-sim/Build/Intermediates.noindex/boazapp.build/Debug-iphonesimulator/boazapp.build/Objects-normal/arm64/boazapp_const_extract_protocols.json -Xcc -iquote -Xcc /tmp/boazapp-acceptance-snapshot-sim/Build/Intermediates.noindex/boazapp.build/Debug-iphonesimulator/boazapp.build/boazapp-generated-files.hmap -Xcc -I/tmp/boazapp-acceptance-snapshot-sim/Build/Intermediates.noindex/boazapp.build/Debug-iphonesimulator/boazapp.build/boazapp-own-target-headers.hmap -Xcc -I/tmp/boazapp-acceptance-snapshot-sim/Build/Intermediates.noindex/boazapp.build/Debug-iphonesimulator/boazapp.build/boazapp-all-target-headers.hmap -Xcc -iquote -Xcc /tmp/boazapp-acceptance-snapshot-sim/Build/Intermediates.noindex/boazapp.build/Debug-iphonesimulator/boazapp.build/boazapp-project-headers.hmap -Xcc -I/tmp/boazapp-acceptance-snapshot-sim/Build/Products/Debug-iphonesimulator/include -Xcc -I/tmp/boazapp-acceptance-snapshot-sim/Build/Intermediates.noindex/boazapp.build/Debug-iphonesimulator/boazapp.build/DerivedSources-normal/arm64 -Xcc -I/tmp/boazapp-acceptance-snapshot-sim/Build/Intermediates.noindex/boazapp.build/Debug-iphonesimulator/boazapp.build/DerivedSources/arm64 -Xcc -I/tmp/boazapp-acceptance-snapshot-sim/Build/Intermediates.noindex/boazapp.build/Debug-iphonesimulator/boazapp.build/DerivedSources -emit-objc-header -emit-objc-header-path /tmp/boazapp-acceptance-snapshot-sim/Build/Intermediates.noindex/boazapp.build/Debug-iphonesimulator/boazapp.build/Objects-normal/arm64/boazapp-Swift.h -working-directory /tmp/boazapp-acceptance-source -experimental-emit-module-separately -disable-cmo

SwiftDriver boazapp normal x86_64 com.apple.xcode.tools.swift.compiler (in target 'boazapp' from project 'boazapp')
    cd /tmp/boazapp-acceptance-source
    builtin-SwiftDriver -- /Applications/Xcode.app/Contents/Developer/Toolchains/XcodeDefault.xctoolchain/usr/bin/swiftc -module-name boazapp -Onone @/tmp/boazapp-acceptance-snapshot-sim/Build/Intermediates.noindex/boazapp.build/Debug-iphonesimulator/boazapp.build/Objects-normal/x86_64/boazapp.SwiftFileList -enable-experimental-feature DebugDescriptionMacro -sdk /Applications/Xcode.app/Contents/Developer/Platforms/iPhoneSimulator.platform/Developer/SDKs/iPhoneSimulator27.0.sdk -target x86_64-apple-ios17.0-simulator -g -module-cache-path /tmp/boazapp-acceptance-snapshot-sim/ModuleCache.noindex -Xfrontend -serialize-debugging-options -enable-testing -index-store-path /tmp/boazapp-acceptance-snapshot-sim/Index.noindex/DataStore -swift-version 6 -I /tmp/boazapp-acceptance-snapshot-sim/Build/Products/Debug-iphonesimulator -F /tmp/boazapp-acceptance-snapshot-sim/Build/Products/Debug-iphonesimulator -emit-localized-strings -emit-localized-strings-path /tmp/boazapp-acceptance-snapshot-sim/Build/Intermediates.noindex/boazapp.build/Debug-iphonesimulator/boazapp.build/Objects-normal/x86_64 -c -j18 -enable-batch-mode -incremental -Xcc -ivfsstatcache -Xcc /tmp/boazapp-acceptance-snapshot-sim/SDKStatCaches.noindex/iphonesimulator27.0-24A430-8dc58220667be655e1bcc261a7455254.sdkstatcache -output-file-map /tmp/boazapp-acceptance-snapshot-sim/Build/Intermediates.noindex/boazapp.build/Debug-iphonesimulator/boazapp.build/Objects-normal/x86_64/boazapp-OutputFileMap.json -save-temps -no-color-diagnostics -explicit-module-build -module-cache-path /tmp/boazapp-acceptance-snapshot-sim/Build/Intermediates.noindex/SwiftExplicitPrecompiledModules -clang-scanner-module-cache-path /tmp/boazapp-acceptance-snapshot-sim/ModuleCache.noindex -sdk-module-cache-path /tmp/boazapp-acceptance-snapshot-sim/SDKExplicitPrecompiledModules -emit-dependencies -emit-module -emit-module-path /tmp/boazapp-acceptance-snapshot-sim/Build/Intermediates.noindex/boazapp.build/Debug-iphonesimulator/boazapp.build/Objects-normal/x86_64/boazapp.swiftmodule -serialize-diagnostics -dependency-scan-serialize-diagnostics-path /tmp/boazapp-acceptance-snapshot-sim/Build/Intermediates.noindex/boazapp.build/Debug-iphonesimulator/boazapp.build/Objects-normal/x86_64/boazapp-dependency-scan.dia -validate-clang-modules-once -clang-build-session-file /tmp/boazapp-acceptance-snapshot-sim/ModuleCache.noindex/Session.modulevalidation -Xcc -fmodules-prune-interval\=86400 -Xcc -fmodules-prune-after\=345600 -emit-const-values -const-gather-protocols-list /tmp/boazapp-acceptance-snapshot-sim/Build/Intermediates.noindex/boazapp.build/Debug-iphonesimulator/boazapp.build/Objects-normal/x86_64/boazapp_const_extract_protocols.json -Xcc -iquote -Xcc /tmp/boazapp-acceptance-snapshot-sim/Build/Intermediates.noindex/boazapp.build/Debug-iphonesimulator/boazapp.build/boazapp-generated-files.hmap -Xcc -I/tmp/boazapp-acceptance-snapshot-sim/Build/Intermediates.noindex/boazapp.build/Debug-iphonesimulator/boazapp.build/boazapp-own-target-headers.hmap -Xcc -I/tmp/boazapp-acceptance-snapshot-sim/Build/Intermediates.noindex/boazapp.build/Debug-iphonesimulator/boazapp.build/boazapp-all-target-headers.hmap -Xcc -iquote -Xcc /tmp/boazapp-acceptance-snapshot-sim/Build/Intermediates.noindex/boazapp.build/Debug-iphonesimulator/boazapp.build/boazapp-project-headers.hmap -Xcc -I/tmp/boazapp-acceptance-snapshot-sim/Build/Products/Debug-iphonesimulator/include -Xcc -I/tmp/boazapp-acceptance-snapshot-sim/Build/Intermediates.noindex/boazapp.build/Debug-iphonesimulator/boazapp.build/DerivedSources-normal/x86_64 -Xcc -I/tmp/boazapp-acceptance-snapshot-sim/Build/Intermediates.noindex/boazapp.build/Debug-iphonesimulator/boazapp.build/DerivedSources/x86_64 -Xcc -I/tmp/boazapp-acceptance-snapshot-sim/Build/Intermediates.noindex/boazapp.build/Debug-iphonesimulator/boazapp.build/DerivedSources -emit-objc-header -emit-objc-header-path /tmp/boazapp-acceptance-snapshot-sim/Build/Intermediates.noindex/boazapp.build/Debug-iphonesimulator/boazapp.build/Objects-normal/x86_64/boazapp-Swift.h -working-directory /tmp/boazapp-acceptance-source -experimental-emit-module-separately -disable-cmo

LinkAssetCatalog /tmp/boazapp-acceptance-source/boazapp/Resources/Assets.xcassets (in target 'boazapp' from project 'boazapp')
    cd /tmp/boazapp-acceptance-source
    builtin-linkAssetCatalog --thinned /tmp/boazapp-acceptance-snapshot-sim/Build/Intermediates.noindex/boazapp.build/Debug-iphonesimulator/boazapp.build/assetcatalog_output/thinned --thinned-dependencies /tmp/boazapp-acceptance-snapshot-sim/Build/Intermediates.noindex/boazapp.build/Debug-iphonesimulator/boazapp.build/assetcatalog_dependencies_thinned --thinned-info-plist-content /tmp/boazapp-acceptance-snapshot-sim/Build/Intermediates.noindex/boazapp.build/Debug-iphonesimulator/boazapp.build/assetcatalog_generated_info.plist_thinned --unthinned /tmp/boazapp-acceptance-snapshot-sim/Build/Intermediates.noindex/boazapp.build/Debug-iphonesimulator/boazapp.build/assetcatalog_output/unthinned --unthinned-dependencies /tmp/boazapp-acceptance-snapshot-sim/Build/Intermediates.noindex/boazapp.build/Debug-iphonesimulator/boazapp.build/assetcatalog_dependencies_unthinned --unthinned-info-plist-content /tmp/boazapp-acceptance-snapshot-sim/Build/Intermediates.noindex/boazapp.build/Debug-iphonesimulator/boazapp.build/assetcatalog_generated_info.plist_unthinned --output /tmp/boazapp-acceptance-snapshot-sim/Build/Products/Debug-iphonesimulator/boazapp.app --plist-output /tmp/boazapp-acceptance-snapshot-sim/Build/Intermediates.noindex/boazapp.build/Debug-iphonesimulator/boazapp.build/assetcatalog_generated_info.plist
note: Emplaced /tmp/boazapp-acceptance-snapshot-sim/Build/Products/Debug-iphonesimulator/boazapp.app/AppIcon76x76@2x~ipad.png (in target 'boazapp' from project 'boazapp')
note: Emplaced /tmp/boazapp-acceptance-snapshot-sim/Build/Products/Debug-iphonesimulator/boazapp.app/Assets.car (in target 'boazapp' from project 'boazapp')
note: Emplaced /tmp/boazapp-acceptance-snapshot-sim/Build/Products/Debug-iphonesimulator/boazapp.app/AppIcon60x60@2x.png (in target 'boazapp' from project 'boazapp')

ProcessInfoPlistFile /tmp/boazapp-acceptance-snapshot-sim/Build/Products/Debug-iphonesimulator/boazapp.app/Info.plist /tmp/boazapp-acceptance-source/boazapp/Resources/Info.plist (in target 'boazapp' from project 'boazapp')
    cd /tmp/boazapp-acceptance-source
    builtin-infoPlistUtility /tmp/boazapp-acceptance-source/boazapp/Resources/Info.plist -producttype com.apple.product-type.application -genpkginfo /tmp/boazapp-acceptance-snapshot-sim/Build/Products/Debug-iphonesimulator/boazapp.app/PkgInfo -expandbuildsettings -format binary -platform iphonesimulator -additionalcontentfile /tmp/boazapp-acceptance-snapshot-sim/Build/Intermediates.noindex/boazapp.build/Debug-iphonesimulator/boazapp.build/assetcatalog_generated_info.plist -o /tmp/boazapp-acceptance-snapshot-sim/Build/Products/Debug-iphonesimulator/boazapp.app/Info.plist

SwiftExplicitDependencyGeneratePcm arm64 /tmp/boazapp-acceptance-snapshot-sim/SDKExplicitPrecompiledModules/_Builtin_stdbool-2GPLCK6GMG5EYE83MIJH0DFTZ.pcm

SwiftExplicitDependencyGeneratePcm arm64 /tmp/boazapp-acceptance-snapshot-sim/SDKExplicitPrecompiledModules/SwiftShims-1JFUB2HGT0WTO9T9XR6IYVQ83.pcm

SwiftExplicitDependencyGeneratePcm arm64 /tmp/boazapp-acceptance-snapshot-sim/SDKExplicitPrecompiledModules/_Builtin_float-A3PXO9OJPGQYMNOCLAMR6FOP6.pcm

SwiftExplicitDependencyGeneratePcm arm64 /tmp/boazapp-acceptance-snapshot-sim/SDKExplicitPrecompiledModules/DeveloperToolsSupport-2BKMCI0WOZF1D4SHOTYT4QYZM.pcm

SwiftExplicitDependencyGeneratePcm arm64 /tmp/boazapp-acceptance-snapshot-sim/SDKExplicitPrecompiledModules/_Builtin_stdarg-4R2W7R39C82NT8P78V8RCW774.pcm

SwiftExplicitDependencyGeneratePcm arm64 /tmp/boazapp-acceptance-snapshot-sim/SDKExplicitPrecompiledModules/_SwiftConcurrencyShims-BWUH7A0B64UPTT1HQ929APWWE.pcm

SwiftExplicitDependencyGeneratePcm x86_64 /tmp/boazapp-acceptance-snapshot-sim/SDKExplicitPrecompiledModules/ptrcheck-81G7HPR203TTPT3I3LH4JHQ6H.pcm

SwiftExplicitDependencyGeneratePcm arm64 /tmp/boazapp-acceptance-snapshot-sim/SDKExplicitPrecompiledModules/_AvailabilityInternal-4QADFZS4TOX5R208ZTA719UOO.pcm

SwiftExplicitDependencyGeneratePcm arm64 /tmp/boazapp-acceptance-snapshot-sim/SDKExplicitPrecompiledModules/ptrauth-QXTUUBA2WAG238RJ6MV114JO.pcm

SwiftExplicitDependencyGeneratePcm x86_64 /tmp/boazapp-acceptance-snapshot-sim/SDKExplicitPrecompiledModules/_Builtin_float-53PS9UN5S2PL7WHZZAPGSSMEA.pcm

SwiftExplicitDependencyGeneratePcm x86_64 /tmp/boazapp-acceptance-snapshot-sim/SDKExplicitPrecompiledModules/_Builtin_stdbool-8JSMSDC0KW2LXBJZXU5GDFGDG.pcm

SwiftExplicitDependencyGeneratePcm x86_64 /tmp/boazapp-acceptance-snapshot-sim/SDKExplicitPrecompiledModules/_AvailabilityInternal-8QFPVG2D6DJYN4U9V2DABHL37.pcm

SwiftExplicitDependencyGeneratePcm x86_64 /tmp/boazapp-acceptance-snapshot-sim/SDKExplicitPrecompiledModules/_SwiftConcurrencyShims-8E55GQNTI2UFHY3H208GW94SB.pcm

SwiftExplicitDependencyGeneratePcm x86_64 /tmp/boazapp-acceptance-snapshot-sim/SDKExplicitPrecompiledModules/DeveloperToolsSupport-9D421XOXDR4ZEYFL8J3RCAEL5.pcm

SwiftExplicitDependencyGeneratePcm x86_64 /tmp/boazapp-acceptance-snapshot-sim/SDKExplicitPrecompiledModules/_Builtin_stdarg-7ZBGKNGAX3WDBQLIYF7NA0JJ9.pcm

SwiftExplicitDependencyGeneratePcm x86_64 /tmp/boazapp-acceptance-snapshot-sim/SDKExplicitPrecompiledModules/ptrauth-1CDBNFWECTPNKZO6C873KFW3B.pcm

SwiftExplicitDependencyGeneratePcm x86_64 /tmp/boazapp-acceptance-snapshot-sim/SDKExplicitPrecompiledModules/SwiftShims-4J8XLUQCUWMGU5EILMSHJ6NEG.pcm

SwiftExplicitDependencyGeneratePcm x86_64 /tmp/boazapp-acceptance-snapshot-sim/SDKExplicitPrecompiledModules/_Builtin_stddef-97N8565DOAIJS0WL8DGM2MVKB.pcm

SwiftExplicitDependencyGeneratePcm arm64 /tmp/boazapp-acceptance-snapshot-sim/SDKExplicitPrecompiledModules/ptrcheck-392HY919DQM92WKXXYDNXWXQC.pcm

SwiftExplicitDependencyGeneratePcm arm64 /tmp/boazapp-acceptance-snapshot-sim/SDKExplicitPrecompiledModules/_Builtin_stddef-6LNI93LWORLH0N7TGVAZ4V6UB.pcm

SwiftExplicitDependencyGeneratePcm x86_64 /tmp/boazapp-acceptance-snapshot-sim/SDKExplicitPrecompiledModules/_DarwinFoundation1-4C4J9OQE140R6MWSTSSKLUH6T.pcm

SwiftExplicitDependencyGeneratePcm arm64 /tmp/boazapp-acceptance-snapshot-sim/SDKExplicitPrecompiledModules/_DarwinFoundation1-ERIJ59M0I95RJ3EL1CSXJMKZ0.pcm

SwiftExplicitDependencyGeneratePcm x86_64 /tmp/boazapp-acceptance-snapshot-sim/SDKExplicitPrecompiledModules/SQLite3-6SVD0P7CUC9KWUZX7646KO67I.pcm

SwiftExplicitDependencyGeneratePcm x86_64 /tmp/boazapp-acceptance-snapshot-sim/SDKExplicitPrecompiledModules/_DarwinFoundation2-898M820OHGN1KXGBFQ41JUIU8.pcm

SwiftExplicitDependencyGeneratePcm x86_64 /tmp/boazapp-acceptance-snapshot-sim/SDKExplicitPrecompiledModules/_Builtin_limits-APKMUXNXUAF8ZK5ICBS078MC2.pcm

SwiftExplicitDependencyGeneratePcm arm64 /tmp/boazapp-acceptance-snapshot-sim/SDKExplicitPrecompiledModules/SQLite3-PMLKNJXJZ5T05OIH6DRC9T2B.pcm

SwiftExplicitDependencyGeneratePcm arm64 /tmp/boazapp-acceptance-snapshot-sim/SDKExplicitPrecompiledModules/_Builtin_limits-5LLIF35YBKM8UX5RJ9KFP8AM6.pcm

SwiftExplicitDependencyGeneratePcm arm64 /tmp/boazapp-acceptance-snapshot-sim/SDKExplicitPrecompiledModules/_DarwinFoundation2-32PXAD8O4IIS6J6TKLNE96THZ.pcm

SwiftExplicitDependencyGeneratePcm x86_64 /tmp/boazapp-acceptance-snapshot-sim/SDKExplicitPrecompiledModules/string_h-ESUKI1J2CGDHMHQV3W20GJEEK.pcm

SwiftExplicitDependencyGeneratePcm x86_64 /tmp/boazapp-acceptance-snapshot-sim/SDKExplicitPrecompiledModules/sys_types-DUCYU6I0SUM8CVEKTGC663A3J.pcm

SwiftExplicitDependencyGeneratePcm x86_64 /tmp/boazapp-acceptance-snapshot-sim/SDKExplicitPrecompiledModules/_Builtin_stdint-44ZICWVZC3XLGAKWZOUJATDZD.pcm

SwiftExplicitDependencyGeneratePcm x86_64 /tmp/boazapp-acceptance-snapshot-sim/SDKExplicitPrecompiledModules/_Builtin_tgmath-BJWB5EEZ0XVXQWQ80JU4O6JEE.pcm

SwiftExplicitDependencyGeneratePcm x86_64 /tmp/boazapp-acceptance-snapshot-sim/SDKExplicitPrecompiledModules/_Builtin_stdatomic-A6SG5LSCV344SI1Y9NINKM3BY.pcm

SwiftExplicitDependencyGeneratePcm x86_64 /tmp/boazapp-acceptance-snapshot-sim/SDKExplicitPrecompiledModules/_DarwinFoundation3-95NEBR7CL31GKUHL0DIG9UKLN.pcm

SwiftExplicitDependencyGeneratePcm arm64 /tmp/boazapp-acceptance-snapshot-sim/SDKExplicitPrecompiledModules/string_h-AGI28CFYJXJGKU917SFW1KWHW.pcm

SwiftExplicitDependencyGeneratePcm arm64 /tmp/boazapp-acceptance-snapshot-sim/SDKExplicitPrecompiledModules/sys_types-9R300X1JNP20IE26VIE6K96ZP.pcm

SwiftExplicitDependencyGeneratePcm arm64 /tmp/boazapp-acceptance-snapshot-sim/SDKExplicitPrecompiledModules/_Builtin_stdint-C3U5W868HRCWNC6XXCXO918GJ.pcm

SwiftExplicitDependencyGeneratePcm arm64 /tmp/boazapp-acceptance-snapshot-sim/SDKExplicitPrecompiledModules/_Builtin_tgmath-6R06VFLS2RN2Z0NPPLRDK7VM6.pcm

SwiftExplicitDependencyGeneratePcm arm64 /tmp/boazapp-acceptance-snapshot-sim/SDKExplicitPrecompiledModules/_Builtin_intrinsics-DD4MFRJ2XOSF0O6W2SCM3FRQG.pcm

SwiftExplicitDependencyGeneratePcm arm64 /tmp/boazapp-acceptance-snapshot-sim/SDKExplicitPrecompiledModules/_Builtin_stdatomic-EJZ0N3H9VKV37CI5NL4HT9VL8.pcm

SwiftExplicitDependencyGeneratePcm arm64 /tmp/boazapp-acceptance-snapshot-sim/SDKExplicitPrecompiledModules/_DarwinFoundation3-32U10WYD698NI0JHXW6PYMB6Y.pcm

SwiftExplicitDependencyGeneratePcm x86_64 /tmp/boazapp-acceptance-snapshot-sim/SDKExplicitPrecompiledModules/_Builtin_intrinsics-ARLMW7S411WD34T4DLPTYPJIC.pcm

SwiftExplicitDependencyGeneratePcm x86_64 /tmp/boazapp-acceptance-snapshot-sim/SDKExplicitPrecompiledModules/_Builtin_inttypes-DDOK2PUXUEVO40TGNAYILW4UC.pcm

SwiftExplicitDependencyGeneratePcm x86_64 /tmp/boazapp-acceptance-snapshot-sim/SDKExplicitPrecompiledModules/Darwin-541CUT4DGGK7930ITB30906SY.pcm

SwiftExplicitDependencyGeneratePcm arm64 /tmp/boazapp-acceptance-snapshot-sim/SDKExplicitPrecompiledModules/_Builtin_inttypes-4I5MAMPEXQMNK5UOPEEZKZUCH.pcm

SwiftExplicitDependencyGeneratePcm arm64 /tmp/boazapp-acceptance-snapshot-sim/SDKExplicitPrecompiledModules/Darwin-8GWA6DLWR2A4PGEGV2QVPR3ZM.pcm

SwiftExplicitDependencyGeneratePcm arm64 /tmp/boazapp-acceptance-snapshot-sim/SDKExplicitPrecompiledModules/simd-5NS5T4AN3UPNN1E80KKHWARBE.pcm

SwiftExplicitDependencyGeneratePcm x86_64 /tmp/boazapp-acceptance-snapshot-sim/SDKExplicitPrecompiledModules/MachO-EF1WPRCJ03T3UZLKPQ0V7SMB4.pcm

SwiftExplicitDependencyGeneratePcm x86_64 /tmp/boazapp-acceptance-snapshot-sim/SDKExplicitPrecompiledModules/ObjectiveC-4IV3IO235T4UJCN6KZXK1ZNUP.pcm

SwiftExplicitDependencyGeneratePcm x86_64 /tmp/boazapp-acceptance-snapshot-sim/SDKExplicitPrecompiledModules/simd-CSTRZ03YZDUTOIZSC4ONX5KWR.pcm

SwiftExplicitDependencyGeneratePcm x86_64 /tmp/boazapp-acceptance-snapshot-sim/SDKExplicitPrecompiledModules/os_object-QZ4G52597GRWYHYLEDKOSPYM.pcm

SwiftExplicitDependencyGeneratePcm arm64 /tmp/boazapp-acceptance-snapshot-sim/SDKExplicitPrecompiledModules/MachO-25NPBBQJU7C9V6Z89ZMGL5NV0.pcm

SwiftExplicitDependencyGeneratePcm arm64 /tmp/boazapp-acceptance-snapshot-sim/SDKExplicitPrecompiledModules/ObjectiveC-1ZIBDL1AMVH6EZIGVCKFGHP1N.pcm

SwiftExplicitDependencyGeneratePcm x86_64 /tmp/boazapp-acceptance-snapshot-sim/SDKExplicitPrecompiledModules/os_workgroup-A1NH5WMCE0M5TBV2ISY1SPRQ8.pcm

SwiftExplicitDependencyGeneratePcm arm64 /tmp/boazapp-acceptance-snapshot-sim/SDKExplicitPrecompiledModules/os_object-82AKU4SVNJOMYY2VYXHFFYE4B.pcm

SwiftExplicitDependencyGeneratePcm x86_64 /tmp/boazapp-acceptance-snapshot-sim/SDKExplicitPrecompiledModules/Dispatch-8HDV0KUCGADYHF37RFCH8PQES.pcm

SwiftExplicitDependencyGeneratePcm arm64 /tmp/boazapp-acceptance-snapshot-sim/SDKExplicitPrecompiledModules/os_workgroup-4FYGHJY88HCM3743CXE8VQLRG.pcm

SwiftExplicitDependencyGeneratePcm arm64 /tmp/boazapp-acceptance-snapshot-sim/SDKExplicitPrecompiledModules/Spatial-E03X9LK3NBV99T04X0L3024VA.pcm

SwiftExplicitDependencyGeneratePcm x86_64 /tmp/boazapp-acceptance-snapshot-sim/SDKExplicitPrecompiledModules/CoreFoundation-4FHXA0MFNO710BTVOJ7O66ZWO.pcm

SwiftExplicitDependencyGeneratePcm x86_64 /tmp/boazapp-acceptance-snapshot-sim/SDKExplicitPrecompiledModules/XPC-DW04XIKYRKXX8AD2URFTHNVDJ.pcm

SwiftExplicitDependencyGeneratePcm arm64 /tmp/boazapp-acceptance-snapshot-sim/SDKExplicitPrecompiledModules/Dispatch-3BDO0HJ7C8IXS1JLT6WJPNF17.pcm

SwiftExplicitDependencyGeneratePcm x86_64 /tmp/boazapp-acceptance-snapshot-sim/SDKExplicitPrecompiledModules/os-8DEQHL63OS1B13CNO9EJQ3SEG.pcm

SwiftExplicitDependencyGeneratePcm arm64 /tmp/boazapp-acceptance-snapshot-sim/SDKExplicitPrecompiledModules/XPC-D6OD5UO3BZOZDBZ5E6I610LZ5.pcm

SwiftExplicitDependencyGeneratePcm arm64 /tmp/boazapp-acceptance-snapshot-sim/SDKExplicitPrecompiledModules/CoreFoundation-DRACGIK6IRR4CDQSLKNXRJK0R.pcm

SwiftExplicitDependencyGeneratePcm x86_64 /tmp/boazapp-acceptance-snapshot-sim/SDKExplicitPrecompiledModules/Spatial-1B0I9VB4EIU3QY8Q8TE8HMZBQ.pcm

SwiftExplicitDependencyGeneratePcm x86_64 /tmp/boazapp-acceptance-snapshot-sim/SDKExplicitPrecompiledModules/CoreGraphics-9UQRXDWHLQ8IDFN03UMHGU3YD.pcm

SwiftExplicitDependencyGeneratePcm x86_64 /tmp/boazapp-acceptance-snapshot-sim/SDKExplicitPrecompiledModules/CFNetwork-EFH0W8TR8BMINBTQXRJI2QHG5.pcm

SwiftExplicitDependencyGeneratePcm x86_64 /tmp/boazapp-acceptance-snapshot-sim/SDKExplicitPrecompiledModules/CoreAudioTypes-605GD2C82NJYHMW69GBLHZ94S.pcm

SwiftExplicitDependencyGeneratePcm x86_64 /tmp/boazapp-acceptance-snapshot-sim/SDKExplicitPrecompiledModules/Security-72QBGRW69W2TDMCYCBMG3RH1O.pcm

SwiftExplicitDependencyGeneratePcm x86_64 /tmp/boazapp-acceptance-snapshot-sim/SDKExplicitPrecompiledModules/CoreAudio-2D4BYJK935QFA6VDET3OWHDV8.pcm

SwiftExplicitDependencyGeneratePcm arm64 /tmp/boazapp-acceptance-snapshot-sim/SDKExplicitPrecompiledModules/os-2420Q0A63YUBMRYXZAOFHLU5O.pcm

SwiftExplicitDependencyGeneratePcm x86_64 /tmp/boazapp-acceptance-snapshot-sim/SDKExplicitPrecompiledModules/Foundation-321ZRF8QPMW816AN1CKGXOQKQ.pcm

SwiftExplicitDependencyGeneratePcm x86_64 /tmp/boazapp-acceptance-snapshot-sim/SDKExplicitPrecompiledModules/ImageIO-CSSWQX5971K2H6JPVAROQIZSR.pcm

SwiftExplicitDependencyGeneratePcm x86_64 /tmp/boazapp-acceptance-snapshot-sim/SDKExplicitPrecompiledModules/CoreText-2B0ZMD70UJAAWSCLXU094MULA.pcm

SwiftExplicitDependencyGeneratePcm arm64 /tmp/boazapp-acceptance-snapshot-sim/SDKExplicitPrecompiledModules/CoreAudioTypes-9V2C26J6T77DD0IQ4Q7BTEKYB.pcm

SwiftExplicitDependencyGeneratePcm arm64 /tmp/boazapp-acceptance-snapshot-sim/SDKExplicitPrecompiledModules/CFNetwork-DLYXHMJ53GN9H3IDG1F77SFWH.pcm

SwiftExplicitDependencyGeneratePcm arm64 /tmp/boazapp-acceptance-snapshot-sim/SDKExplicitPrecompiledModules/CoreGraphics-7YUPFGLKNW2I9PLPKVSTU2K0W.pcm

SwiftExplicitDependencyGeneratePcm arm64 /tmp/boazapp-acceptance-snapshot-sim/SDKExplicitPrecompiledModules/Security-88D7Y1JPNCFO59OYTU7EVFCNW.pcm

SwiftExplicitDependencyGeneratePcm arm64 /tmp/boazapp-acceptance-snapshot-sim/SDKExplicitPrecompiledModules/CoreAudio-B0CIHRVQO5S9GKXGR778OPL7U.pcm

SwiftExplicitDependencyGeneratePcm arm64 /tmp/boazapp-acceptance-snapshot-sim/SDKExplicitPrecompiledModules/Foundation-DZ2LGX9QWRO7JOFOPUB7IZVG8.pcm

SwiftExplicitDependencyGeneratePcm arm64 /tmp/boazapp-acceptance-snapshot-sim/SDKExplicitPrecompiledModules/ImageIO-7Y9RV8B8PRECXOLE24DW80B7P.pcm

SwiftExplicitDependencyGeneratePcm arm64 /tmp/boazapp-acceptance-snapshot-sim/SDKExplicitPrecompiledModules/CoreText-34PB3Q0G4Y5BYSD9X2XJFUMLZ.pcm

SwiftExplicitDependencyGeneratePcm x86_64 /tmp/boazapp-acceptance-snapshot-sim/SDKExplicitPrecompiledModules/UserNotifications-E1TBSKU94ER6R7X6BK9GJ76BN.pcm

SwiftExplicitDependencyGeneratePcm x86_64 /tmp/boazapp-acceptance-snapshot-sim/SDKExplicitPrecompiledModules/OpenGLES-TGYGS0MGHZKAXFA3W5O0PECU.pcm

SwiftExplicitDependencyGeneratePcm x86_64 /tmp/boazapp-acceptance-snapshot-sim/SDKExplicitPrecompiledModules/OSLog-C965DM7CO6I931PBMWFSI2UVL.pcm

SwiftExplicitDependencyGeneratePcm x86_64 /tmp/boazapp-acceptance-snapshot-sim/SDKExplicitPrecompiledModules/FileProvider-2QGVKU8XETUSVPUV6LV5ESYFU.pcm

SwiftExplicitDependencyGeneratePcm x86_64 /tmp/boazapp-acceptance-snapshot-sim/SDKExplicitPrecompiledModules/UIUtilities-CBK5XA0DWNTC06B70ZU9VU0KT.pcm

SwiftExplicitDependencyGeneratePcm x86_64 /tmp/boazapp-acceptance-snapshot-sim/SDKExplicitPrecompiledModules/Accessibility-EPR7XKZDCT6KO6W1AC22DV1GN.pcm

SwiftExplicitDependencyGeneratePcm x86_64 /tmp/boazapp-acceptance-snapshot-sim/SDKExplicitPrecompiledModules/CoreData-CWQW2XKSOOEBDBP66FFC9Z3JV.pcm

SwiftExplicitDependencyGeneratePcm x86_64 /tmp/boazapp-acceptance-snapshot-sim/SDKExplicitPrecompiledModules/Symbols-D1ESCRJQKWDTUH0NXIEMCTJOF.pcm

SwiftExplicitDependencyGeneratePcm x86_64 /tmp/boazapp-acceptance-snapshot-sim/SDKExplicitPrecompiledModules/CoreTransferable-AE21WKT96VE3V7JL2D538RHA7.pcm

SwiftExplicitDependencyGeneratePcm x86_64 /tmp/boazapp-acceptance-snapshot-sim/SDKExplicitPrecompiledModules/UniformTypeIdentifiers-3Y5WXL9B3XTEQF77CAT9B1VAB.pcm

SwiftExplicitDependencyGeneratePcm x86_64 /tmp/boazapp-acceptance-snapshot-sim/SDKExplicitPrecompiledModules/_LocationEssentials-AK7Q0P03HRSCUCD7JXQM6J0J3.pcm

SwiftExplicitDependencyGeneratePcm x86_64 /tmp/boazapp-acceptance-snapshot-sim/SDKExplicitPrecompiledModules/DataDetection-A0FEH2PAEVDXME24TAXXU2PWG.pcm

SwiftExplicitDependencyGeneratePcm x86_64 /tmp/boazapp-acceptance-snapshot-sim/SDKExplicitPrecompiledModules/LocalAuthentication-1FPO8IWC653ZJ4861WA3H5SJA.pcm

SwiftExplicitDependencyGeneratePcm x86_64 /tmp/boazapp-acceptance-snapshot-sim/SDKExplicitPrecompiledModules/IOSurface-C7YYG47RBDYPPX7GV4T4GUYO2.pcm

SwiftExplicitDependencyGeneratePcm x86_64 /tmp/boazapp-acceptance-snapshot-sim/SDKExplicitPrecompiledModules/CoreLocation-1BA9PI0FM0MH5S7GAEN4UAUDT.pcm

SwiftExplicitDependencyGeneratePcm x86_64 /tmp/boazapp-acceptance-snapshot-sim/SDKExplicitPrecompiledModules/HealthKit-C26YAQJPEQCBYK1BI6CJ99G2G.pcm

SwiftExplicitDependencyGeneratePcm x86_64 /tmp/boazapp-acceptance-snapshot-sim/SDKExplicitPrecompiledModules/Metal-EY9U6QDYOYFXGZUXGIH444913.pcm

SwiftExplicitDependencyGeneratePcm arm64 /tmp/boazapp-acceptance-snapshot-sim/SDKExplicitPrecompiledModules/FileProvider-6SCNE8HC42VAGT150Y4MLA7IK.pcm

SwiftExplicitDependencyGeneratePcm arm64 /tmp/boazapp-acceptance-snapshot-sim/SDKExplicitPrecompiledModules/IOSurface-505GL57R8H3ZOGHGLZAFGQ8EI.pcm

SwiftExplicitDependencyGeneratePcm arm64 /tmp/boazapp-acceptance-snapshot-sim/SDKExplicitPrecompiledModules/UserNotifications-5V0Z57A27W9KE0W3395AEZBIS.pcm

SwiftExplicitDependencyGeneratePcm arm64 /tmp/boazapp-acceptance-snapshot-sim/SDKExplicitPrecompiledModules/DataDetection-EA1ZIM0MX2GYBP9FIPDZAFLJR.pcm

SwiftExplicitDependencyGeneratePcm arm64 /tmp/boazapp-acceptance-snapshot-sim/SDKExplicitPrecompiledModules/Symbols-5XRBQQRGEKOTDUV07K0FL77I2.pcm

SwiftExplicitDependencyGeneratePcm arm64 /tmp/boazapp-acceptance-snapshot-sim/SDKExplicitPrecompiledModules/UniformTypeIdentifiers-30HAO3GQX73C12DN96W51UV2Y.pcm

SwiftExplicitDependencyGeneratePcm arm64 /tmp/boazapp-acceptance-snapshot-sim/SDKExplicitPrecompiledModules/LocalAuthentication-9HDG9DM6J5SFE05T0R56YECGU.pcm

SwiftExplicitDependencyGeneratePcm arm64 /tmp/boazapp-acceptance-snapshot-sim/SDKExplicitPrecompiledModules/Accessibility-7Y9L0VR7OPM6RGZ3L68CD2G04.pcm

SwiftExplicitDependencyGeneratePcm arm64 /tmp/boazapp-acceptance-snapshot-sim/SDKExplicitPrecompiledModules/_LocationEssentials-6UHPHG9B9KQ768ADZ47CCIFU6.pcm

SwiftExplicitDependencyGeneratePcm arm64 /tmp/boazapp-acceptance-snapshot-sim/SDKExplicitPrecompiledModules/OSLog-4NK75WH0JR11QB497239HCDPV.pcm

SwiftExplicitDependencyGeneratePcm arm64 /tmp/boazapp-acceptance-snapshot-sim/SDKExplicitPrecompiledModules/UIUtilities-EQRF9NZUW3QOUBDIQDAQX8MDW.pcm

SwiftExplicitDependencyGeneratePcm arm64 /tmp/boazapp-acceptance-snapshot-sim/SDKExplicitPrecompiledModules/CoreTransferable-BD9AVGJM7GBHQ82TAB5OQ83N7.pcm

SwiftExplicitDependencyGeneratePcm arm64 /tmp/boazapp-acceptance-snapshot-sim/SDKExplicitPrecompiledModules/CoreData-D67EAGELGRN3Y4N3R1BKG35W1.pcm

SwiftExplicitDependencyGeneratePcm arm64 /tmp/boazapp-acceptance-snapshot-sim/SDKExplicitPrecompiledModules/OpenGLES-6MN76KHBECJK9T8IUU25ONNQN.pcm

SwiftExplicitDependencyGeneratePcm x86_64 /tmp/boazapp-acceptance-snapshot-sim/SDKExplicitPrecompiledModules/CoreMotion-EI3NPHNOUZHJP16MH7M6DELI9.pcm

SwiftExplicitDependencyGeneratePcm arm64 /tmp/boazapp-acceptance-snapshot-sim/SDKExplicitPrecompiledModules/CoreLocation-84XIGUGJW604CIZKKUM1CK9YP.pcm

SwiftExplicitDependencyGeneratePcm arm64 /tmp/boazapp-acceptance-snapshot-sim/SDKExplicitPrecompiledModules/Metal-5N65UC1X8TFMTXRKMBHQZIQZX.pcm

SwiftExplicitDependencyGeneratePcm arm64 /tmp/boazapp-acceptance-snapshot-sim/SDKExplicitPrecompiledModules/HealthKit-DORFWEL60VFMMM3QB92YB3SKH.pcm

SwiftExplicitDependencyGeneratePcm x86_64 /tmp/boazapp-acceptance-snapshot-sim/SDKExplicitPrecompiledModules/CoreVideo-F227QPL18V6EE81VR978BSGXF.pcm

SwiftExplicitDependencyGeneratePcm arm64 /tmp/boazapp-acceptance-snapshot-sim/SDKExplicitPrecompiledModules/CoreMotion-3Q943LOT2PS8K97YAZ307PCQ1.pcm

SwiftExplicitDependencyGeneratePcm x86_64 /tmp/boazapp-acceptance-snapshot-sim/SDKExplicitPrecompiledModules/CoreImage-ANIT5Z8ZX88AI3CUAFJI7GNCB.pcm

SwiftExplicitDependencyGeneratePcm x86_64 /tmp/boazapp-acceptance-snapshot-sim/SDKExplicitPrecompiledModules/CoreMedia-SNGAQ6THGKQ5EWJIO58XLE93.pcm

SwiftExplicitDependencyGeneratePcm x86_64 /tmp/boazapp-acceptance-snapshot-sim/SDKExplicitPrecompiledModules/QuartzCore-9Q5TZ37I8UDAP0ECY58AWB2S1.pcm

SwiftExplicitDependencyGeneratePcm arm64 /tmp/boazapp-acceptance-snapshot-sim/SDKExplicitPrecompiledModules/CoreVideo-BWV5P0OKZUFH2TBWOFGP9T41N.pcm

SwiftExplicitDependencyGeneratePcm x86_64 /tmp/boazapp-acceptance-snapshot-sim/SDKExplicitPrecompiledModules/SwiftUICore-81VKBOTKLWAYTWZF2YGF7VWQM.pcm

SwiftExplicitDependencyGeneratePcm arm64 /tmp/boazapp-acceptance-snapshot-sim/SDKExplicitPrecompiledModules/QuartzCore-RDHBW8UO9K93AH4DNYS8DGV.pcm

SwiftExplicitDependencyGeneratePcm arm64 /tmp/boazapp-acceptance-snapshot-sim/SDKExplicitPrecompiledModules/CoreMedia-22YOQ11X5SBKP0I7YHN6PJZHI.pcm

SwiftExplicitDependencyGeneratePcm arm64 /tmp/boazapp-acceptance-snapshot-sim/SDKExplicitPrecompiledModules/CoreImage-573S9WR5Z9NP4DAG7SWXI7TPG.pcm

SwiftExplicitDependencyGeneratePcm x86_64 /tmp/boazapp-acceptance-snapshot-sim/SDKExplicitPrecompiledModules/UIKit-9AQL65DQ3L9KH5WGBSPN3Q1MY.pcm

SwiftExplicitDependencyGeneratePcm arm64 /tmp/boazapp-acceptance-snapshot-sim/SDKExplicitPrecompiledModules/SwiftUICore-2BGRAE0BVY4W6EN5VGDLO70VY.pcm

SwiftExplicitDependencyGeneratePcm arm64 /tmp/boazapp-acceptance-snapshot-sim/SDKExplicitPrecompiledModules/UIKit-2CAC4CGCA5TB7GNBGF1Y9C9DZ.pcm

SwiftExplicitDependencyGeneratePcm x86_64 /tmp/boazapp-acceptance-snapshot-sim/SDKExplicitPrecompiledModules/SwiftUI-7EYGGQ9MIOJCBNYW4O67DY7W2.pcm

SwiftEmitModule normal x86_64 Emitting\ module\ for\ boazapp (in target 'boazapp' from project 'boazapp')

SwiftCompile normal x86_64 (in target 'boazapp' from project 'boazapp')
    cd /tmp/boazapp-acceptance-source
    

SwiftCompile normal x86_64 Compiling\ HealthSections.swift /tmp/boazapp-acceptance-source/boazapp/UI/Views/HealthSections.swift (in target 'boazapp' from project 'boazapp')

SwiftCompile normal x86_64 /tmp/boazapp-acceptance-source/boazapp/UI/Views/HealthSections.swift (in target 'boazapp' from project 'boazapp')
    cd /tmp/boazapp-acceptance-source
    builtin-SwiftPerFileCompile HealthSections.swift

SwiftCompile normal x86_64 Compiling\ AppConfiguration.swift,\ BoazApp.swift /tmp/boazapp-acceptance-source/boazapp/App/AppConfiguration.swift /tmp/boazapp-acceptance-source/boazapp/App/BoazApp.swift (in target 'boazapp' from project 'boazapp')

SwiftCompile normal x86_64 /tmp/boazapp-acceptance-source/boazapp/App/AppConfiguration.swift (in target 'boazapp' from project 'boazapp')
    cd /tmp/boazapp-acceptance-source
    builtin-SwiftPerFileCompile AppConfiguration.swift

SwiftCompile normal x86_64 /tmp/boazapp-acceptance-source/boazapp/App/BoazApp.swift (in target 'boazapp' from project 'boazapp')
    cd /tmp/boazapp-acceptance-source
    builtin-SwiftPerFileCompile BoazApp.swift

SwiftCompile normal x86_64 Compiling\ SleepAnalyzer.swift /tmp/boazapp-acceptance-source/boazapp/Health/SleepAnalyzer.swift (in target 'boazapp' from project 'boazapp')

SwiftCompile normal x86_64 /tmp/boazapp-acceptance-source/boazapp/Health/SleepAnalyzer.swift (in target 'boazapp' from project 'boazapp')
    cd /tmp/boazapp-acceptance-source
    builtin-SwiftPerFileCompile SleepAnalyzer.swift

SwiftCompile normal x86_64 Compiling\ WorkoutDetailDispatcher.swift /tmp/boazapp-acceptance-source/boazapp/Health/WorkoutDetailDispatcher.swift (in target 'boazapp' from project 'boazapp')

SwiftCompile normal x86_64 /tmp/boazapp-acceptance-source/boazapp/Health/WorkoutDetailDispatcher.swift (in target 'boazapp' from project 'boazapp')
    cd /tmp/boazapp-acceptance-source
    builtin-SwiftPerFileCompile WorkoutDetailDispatcher.swift

SwiftCompile normal x86_64 Compiling\ BoazLocalDatabase.swift /tmp/boazapp-acceptance-source/boazapp/Core/Database/BoazLocalDatabase.swift (in target 'boazapp' from project 'boazapp')

SwiftCompile normal x86_64 /tmp/boazapp-acceptance-source/boazapp/Core/Database/BoazLocalDatabase.swift (in target 'boazapp' from project 'boazapp')
    cd /tmp/boazapp-acceptance-source
    builtin-SwiftPerFileCompile BoazLocalDatabase.swift

SwiftCompile normal x86_64 Compiling\ BoazCoordinator.swift /tmp/boazapp-acceptance-source/boazapp/App/BoazCoordinator.swift (in target 'boazapp' from project 'boazapp')

SwiftCompile normal x86_64 /tmp/boazapp-acceptance-source/boazapp/App/BoazCoordinator.swift (in target 'boazapp' from project 'boazapp')
    cd /tmp/boazapp-acceptance-source
    builtin-SwiftPerFileCompile BoazCoordinator.swift

SwiftCompile normal x86_64 Compiling\ SyncAuditSheet.swift /tmp/boazapp-acceptance-source/boazapp/UI/Views/SyncAuditSheet.swift (in target 'boazapp' from project 'boazapp')

SwiftCompile normal x86_64 /tmp/boazapp-acceptance-source/boazapp/UI/Views/SyncAuditSheet.swift (in target 'boazapp' from project 'boazapp')
    cd /tmp/boazapp-acceptance-source
    builtin-SwiftPerFileCompile SyncAuditSheet.swift

SwiftCompile normal x86_64 Compiling\ HealthModels.swift /tmp/boazapp-acceptance-source/boazapp/Health/HealthModels.swift (in target 'boazapp' from project 'boazapp')

SwiftCompile normal x86_64 /tmp/boazapp-acceptance-source/boazapp/Health/HealthModels.swift (in target 'boazapp' from project 'boazapp')
    cd /tmp/boazapp-acceptance-source
    builtin-SwiftPerFileCompile HealthModels.swift

SwiftCompile normal x86_64 Compiling\ DashboardModel.swift /tmp/boazapp-acceptance-source/boazapp/UI/DashboardModel.swift (in target 'boazapp' from project 'boazapp')

SwiftCompile normal x86_64 /tmp/boazapp-acceptance-source/boazapp/UI/DashboardModel.swift (in target 'boazapp' from project 'boazapp')
    cd /tmp/boazapp-acceptance-source
    builtin-SwiftPerFileCompile DashboardModel.swift

SwiftCompile normal x86_64 Compiling\ GeneratedAssetSymbols.swift /tmp/boazapp-acceptance-snapshot-sim/Build/Intermediates.noindex/boazapp.build/Debug-iphonesimulator/boazapp.build/DerivedSources/GeneratedAssetSymbols.swift (in target 'boazapp' from project 'boazapp')

SwiftCompile normal x86_64 /tmp/boazapp-acceptance-snapshot-sim/Build/Intermediates.noindex/boazapp.build/Debug-iphonesimulator/boazapp.build/DerivedSources/GeneratedAssetSymbols.swift (in target 'boazapp' from project 'boazapp')
    cd /tmp/boazapp-acceptance-source
    builtin-SwiftPerFileCompile GeneratedAssetSymbols.swift

SwiftCompile normal x86_64 Compiling\ TokyoCloudGateway.swift /tmp/boazapp-acceptance-source/boazapp/Core/Network/TokyoCloudGateway.swift (in target 'boazapp' from project 'boazapp')

SwiftCompile normal x86_64 /tmp/boazapp-acceptance-source/boazapp/Core/Network/TokyoCloudGateway.swift (in target 'boazapp' from project 'boazapp')
    cd /tmp/boazapp-acceptance-source
    builtin-SwiftPerFileCompile TokyoCloudGateway.swift

SwiftCompile normal x86_64 Compiling\ BoazDesign.swift /tmp/boazapp-acceptance-source/boazapp/UI/DesignSystem/BoazDesign.swift (in target 'boazapp' from project 'boazapp')

SwiftCompile normal x86_64 /tmp/boazapp-acceptance-source/boazapp/UI/DesignSystem/BoazDesign.swift (in target 'boazapp' from project 'boazapp')
    cd /tmp/boazapp-acceptance-source
    builtin-SwiftPerFileCompile BoazDesign.swift

SwiftCompile normal x86_64 Compiling\ HealthSettingsSheet.swift /tmp/boazapp-acceptance-source/boazapp/UI/Views/HealthSettingsSheet.swift (in target 'boazapp' from project 'boazapp')

SwiftCompile normal x86_64 /tmp/boazapp-acceptance-source/boazapp/UI/Views/HealthSettingsSheet.swift (in target 'boazapp' from project 'boazapp')
    cd /tmp/boazapp-acceptance-source
    builtin-SwiftPerFileCompile HealthSettingsSheet.swift

SwiftCompile normal x86_64 Compiling\ HealthKitManager.swift /tmp/boazapp-acceptance-source/boazapp/Health/HealthKitManager.swift (in target 'boazapp' from project 'boazapp')

SwiftCompile normal x86_64 /tmp/boazapp-acceptance-source/boazapp/Health/HealthKitManager.swift (in target 'boazapp' from project 'boazapp')
    cd /tmp/boazapp-acceptance-source
    builtin-SwiftPerFileCompile HealthKitManager.swift

SwiftCompile normal x86_64 Compiling\ MainDashboardView.swift /tmp/boazapp-acceptance-source/boazapp/UI/Views/MainDashboardView.swift (in target 'boazapp' from project 'boazapp')

SwiftCompile normal x86_64 /tmp/boazapp-acceptance-source/boazapp/UI/Views/MainDashboardView.swift (in target 'boazapp' from project 'boazapp')
    cd /tmp/boazapp-acceptance-source
    builtin-SwiftPerFileCompile MainDashboardView.swift

SwiftCompile normal x86_64 Compiling\ SyncEngine.swift /tmp/boazapp-acceptance-source/boazapp/Core/Network/SyncEngine.swift (in target 'boazapp' from project 'boazapp')

SwiftCompile normal x86_64 /tmp/boazapp-acceptance-source/boazapp/Core/Network/SyncEngine.swift (in target 'boazapp' from project 'boazapp')
    cd /tmp/boazapp-acceptance-source
    builtin-SwiftPerFileCompile SyncEngine.swift

SwiftCompile normal x86_64 Compiling\ HealthTypeCatalog.swift /tmp/boazapp-acceptance-source/boazapp/Health/HealthTypeCatalog.swift (in target 'boazapp' from project 'boazapp')

SwiftCompile normal x86_64 /tmp/boazapp-acceptance-source/boazapp/Health/HealthTypeCatalog.swift (in target 'boazapp' from project 'boazapp')
    cd /tmp/boazapp-acceptance-source
    builtin-SwiftPerFileCompile HealthTypeCatalog.swift

SwiftExplicitDependencyGeneratePcm arm64 /tmp/boazapp-acceptance-snapshot-sim/SDKExplicitPrecompiledModules/SwiftUI-2FWQPILWR83PFR5TSTS3FNHQI.pcm

SwiftDriverJobDiscovery normal x86_64 Emitting module for boazapp (in target 'boazapp' from project 'boazapp')

SwiftDriver\ Compilation\ Requirements boazapp normal x86_64 com.apple.xcode.tools.swift.compiler (in target 'boazapp' from project 'boazapp')
    cd /tmp/boazapp-acceptance-source
    builtin-Swift-Compilation-Requirements -- /Applications/Xcode.app/Contents/Developer/Toolchains/XcodeDefault.xctoolchain/usr/bin/swiftc -module-name boazapp -Onone @/tmp/boazapp-acceptance-snapshot-sim/Build/Intermediates.noindex/boazapp.build/Debug-iphonesimulator/boazapp.build/Objects-normal/x86_64/boazapp.SwiftFileList -enable-experimental-feature DebugDescriptionMacro -sdk /Applications/Xcode.app/Contents/Developer/Platforms/iPhoneSimulator.platform/Developer/SDKs/iPhoneSimulator27.0.sdk -target x86_64-apple-ios17.0-simulator -g -module-cache-path /tmp/boazapp-acceptance-snapshot-sim/ModuleCache.noindex -Xfrontend -serialize-debugging-options -enable-testing -index-store-path /tmp/boazapp-acceptance-snapshot-sim/Index.noindex/DataStore -swift-version 6 -I /tmp/boazapp-acceptance-snapshot-sim/Build/Products/Debug-iphonesimulator -F /tmp/boazapp-acceptance-snapshot-sim/Build/Products/Debug-iphonesimulator -emit-localized-strings -emit-localized-strings-path /tmp/boazapp-acceptance-snapshot-sim/Build/Intermediates.noindex/boazapp.build/Debug-iphonesimulator/boazapp.build/Objects-normal/x86_64 -c -j18 -enable-batch-mode -incremental -Xcc -ivfsstatcache -Xcc /tmp/boazapp-acceptance-snapshot-sim/SDKStatCaches.noindex/iphonesimulator27.0-24A430-8dc58220667be655e1bcc261a7455254.sdkstatcache -output-file-map /tmp/boazapp-acceptance-snapshot-sim/Build/Intermediates.noindex/boazapp.build/Debug-iphonesimulator/boazapp.build/Objects-normal/x86_64/boazapp-OutputFileMap.json -save-temps -no-color-diagnostics -explicit-module-build -module-cache-path /tmp/boazapp-acceptance-snapshot-sim/Build/Intermediates.noindex/SwiftExplicitPrecompiledModules -clang-scanner-module-cache-path /tmp/boazapp-acceptance-snapshot-sim/ModuleCache.noindex -sdk-module-cache-path /tmp/boazapp-acceptance-snapshot-sim/SDKExplicitPrecompiledModules -emit-dependencies -emit-module -emit-module-path /tmp/boazapp-acceptance-snapshot-sim/Build/Intermediates.noindex/boazapp.build/Debug-iphonesimulator/boazapp.build/Objects-normal/x86_64/boazapp.swiftmodule -serialize-diagnostics -dependency-scan-serialize-diagnostics-path /tmp/boazapp-acceptance-snapshot-sim/Build/Intermediates.noindex/boazapp.build/Debug-iphonesimulator/boazapp.build/Objects-normal/x86_64/boazapp-dependency-scan.dia -validate-clang-modules-once -clang-build-session-file /tmp/boazapp-acceptance-snapshot-sim/ModuleCache.noindex/Session.modulevalidation -Xcc -fmodules-prune-interval\=86400 -Xcc -fmodules-prune-after\=345600 -emit-const-values -const-gather-protocols-list /tmp/boazapp-acceptance-snapshot-sim/Build/Intermediates.noindex/boazapp.build/Debug-iphonesimulator/boazapp.build/Objects-normal/x86_64/boazapp_const_extract_protocols.json -Xcc -iquote -Xcc /tmp/boazapp-acceptance-snapshot-sim/Build/Intermediates.noindex/boazapp.build/Debug-iphonesimulator/boazapp.build/boazapp-generated-files.hmap -Xcc -I/tmp/boazapp-acceptance-snapshot-sim/Build/Intermediates.noindex/boazapp.build/Debug-iphonesimulator/boazapp.build/boazapp-own-target-headers.hmap -Xcc -I/tmp/boazapp-acceptance-snapshot-sim/Build/Intermediates.noindex/boazapp.build/Debug-iphonesimulator/boazapp.build/boazapp-all-target-headers.hmap -Xcc -iquote -Xcc /tmp/boazapp-acceptance-snapshot-sim/Build/Intermediates.noindex/boazapp.build/Debug-iphonesimulator/boazapp.build/boazapp-project-headers.hmap -Xcc -I/tmp/boazapp-acceptance-snapshot-sim/Build/Products/Debug-iphonesimulator/include -Xcc -I/tmp/boazapp-acceptance-snapshot-sim/Build/Intermediates.noindex/boazapp.build/Debug-iphonesimulator/boazapp.build/DerivedSources-normal/x86_64 -Xcc -I/tmp/boazapp-acceptance-snapshot-sim/Build/Intermediates.noindex/boazapp.build/Debug-iphonesimulator/boazapp.build/DerivedSources/x86_64 -Xcc -I/tmp/boazapp-acceptance-snapshot-sim/Build/Intermediates.noindex/boazapp.build/Debug-iphonesimulator/boazapp.build/DerivedSources -emit-objc-header -emit-objc-header-path /tmp/boazapp-acceptance-snapshot-sim/Build/Intermediates.noindex/boazapp.build/Debug-iphonesimulator/boazapp.build/Objects-normal/x86_64/boazapp-Swift.h -working-directory /tmp/boazapp-acceptance-source -experimental-emit-module-separately -disable-cmo

SwiftEmitModule normal arm64 Emitting\ module\ for\ boazapp (in target 'boazapp' from project 'boazapp')

SwiftCompile normal arm64 (in target 'boazapp' from project 'boazapp')
    cd /tmp/boazapp-acceptance-source
    

SwiftDriverJobDiscovery normal arm64 Emitting module for boazapp (in target 'boazapp' from project 'boazapp')

Copy /tmp/boazapp-acceptance-snapshot-sim/Build/Products/Debug-iphonesimulator/boazapp.swiftmodule/x86_64-apple-ios-simulator.swiftmodule /tmp/boazapp-acceptance-snapshot-sim/Build/Intermediates.noindex/boazapp.build/Debug-iphonesimulator/boazapp.build/Objects-normal/x86_64/boazapp.swiftmodule (in target 'boazapp' from project 'boazapp')
    cd /tmp/boazapp-acceptance-source
    builtin-copy -exclude .DS_Store -exclude CVS -exclude .svn -exclude .git -exclude .hg -strip-unsigned-binaries -strip-deterministic -strip-tool /Applications/Xcode.app/Contents/Developer/Toolchains/XcodeDefault.xctoolchain/usr/bin/strip -resolve-src-symlinks -rename /tmp/boazapp-acceptance-snapshot-sim/Build/Intermediates.noindex/boazapp.build/Debug-iphonesimulator/boazapp.build/Objects-normal/x86_64/boazapp.swiftmodule /tmp/boazapp-acceptance-snapshot-sim/Build/Products/Debug-iphonesimulator/boazapp.swiftmodule/x86_64-apple-ios-simulator.swiftmodule

SwiftDriver\ Compilation\ Requirements boazapp normal arm64 com.apple.xcode.tools.swift.compiler (in target 'boazapp' from project 'boazapp')
    cd /tmp/boazapp-acceptance-source
    builtin-Swift-Compilation-Requirements -- /Applications/Xcode.app/Contents/Developer/Toolchains/XcodeDefault.xctoolchain/usr/bin/swiftc -module-name boazapp -Onone @/tmp/boazapp-acceptance-snapshot-sim/Build/Intermediates.noindex/boazapp.build/Debug-iphonesimulator/boazapp.build/Objects-normal/arm64/boazapp.SwiftFileList -enable-experimental-feature DebugDescriptionMacro -sdk /Applications/Xcode.app/Contents/Developer/Platforms/iPhoneSimulator.platform/Developer/SDKs/iPhoneSimulator27.0.sdk -target arm64-apple-ios17.0-simulator -g -module-cache-path /tmp/boazapp-acceptance-snapshot-sim/ModuleCache.noindex -Xfrontend -serialize-debugging-options -enable-testing -index-store-path /tmp/boazapp-acceptance-snapshot-sim/Index.noindex/DataStore -swift-version 6 -I /tmp/boazapp-acceptance-snapshot-sim/Build/Products/Debug-iphonesimulator -F /tmp/boazapp-acceptance-snapshot-sim/Build/Products/Debug-iphonesimulator -emit-localized-strings -emit-localized-strings-path /tmp/boazapp-acceptance-snapshot-sim/Build/Intermediates.noindex/boazapp.build/Debug-iphonesimulator/boazapp.build/Objects-normal/arm64 -c -j18 -enable-batch-mode -incremental -Xcc -ivfsstatcache -Xcc /tmp/boazapp-acceptance-snapshot-sim/SDKStatCaches.noindex/iphonesimulator27.0-24A430-8dc58220667be655e1bcc261a7455254.sdkstatcache -output-file-map /tmp/boazapp-acceptance-snapshot-sim/Build/Intermediates.noindex/boazapp.build/Debug-iphonesimulator/boazapp.build/Objects-normal/arm64/boazapp-OutputFileMap.json -save-temps -no-color-diagnostics -explicit-module-build -module-cache-path /tmp/boazapp-acceptance-snapshot-sim/Build/Intermediates.noindex/SwiftExplicitPrecompiledModules -clang-scanner-module-cache-path /tmp/boazapp-acceptance-snapshot-sim/ModuleCache.noindex -sdk-module-cache-path /tmp/boazapp-acceptance-snapshot-sim/SDKExplicitPrecompiledModules -emit-dependencies -emit-module -emit-module-path /tmp/boazapp-acceptance-snapshot-sim/Build/Intermediates.noindex/boazapp.build/Debug-iphonesimulator/boazapp.build/Objects-normal/arm64/boazapp.swiftmodule -serialize-diagnostics -dependency-scan-serialize-diagnostics-path /tmp/boazapp-acceptance-snapshot-sim/Build/Intermediates.noindex/boazapp.build/Debug-iphonesimulator/boazapp.build/Objects-normal/arm64/boazapp-dependency-scan.dia -validate-clang-modules-once -clang-build-session-file /tmp/boazapp-acceptance-snapshot-sim/ModuleCache.noindex/Session.modulevalidation -Xcc -fmodules-prune-interval\=86400 -Xcc -fmodules-prune-after\=345600 -emit-const-values -const-gather-protocols-list /tmp/boazapp-acceptance-snapshot-sim/Build/Intermediates.noindex/boazapp.build/Debug-iphonesimulator/boazapp.build/Objects-normal/arm64/boazapp_const_extract_protocols.json -Xcc -iquote -Xcc /tmp/boazapp-acceptance-snapshot-sim/Build/Intermediates.noindex/boazapp.build/Debug-iphonesimulator/boazapp.build/boazapp-generated-files.hmap -Xcc -I/tmp/boazapp-acceptance-snapshot-sim/Build/Intermediates.noindex/boazapp.build/Debug-iphonesimulator/boazapp.build/boazapp-own-target-headers.hmap -Xcc -I/tmp/boazapp-acceptance-snapshot-sim/Build/Intermediates.noindex/boazapp.build/Debug-iphonesimulator/boazapp.build/boazapp-all-target-headers.hmap -Xcc -iquote -Xcc /tmp/boazapp-acceptance-snapshot-sim/Build/Intermediates.noindex/boazapp.build/Debug-iphonesimulator/boazapp.build/boazapp-project-headers.hmap -Xcc -I/tmp/boazapp-acceptance-snapshot-sim/Build/Products/Debug-iphonesimulator/include -Xcc -I/tmp/boazapp-acceptance-snapshot-sim/Build/Intermediates.noindex/boazapp.build/Debug-iphonesimulator/boazapp.build/DerivedSources-normal/arm64 -Xcc -I/tmp/boazapp-acceptance-snapshot-sim/Build/Intermediates.noindex/boazapp.build/Debug-iphonesimulator/boazapp.build/DerivedSources/arm64 -Xcc -I/tmp/boazapp-acceptance-snapshot-sim/Build/Intermediates.noindex/boazapp.build/Debug-iphonesimulator/boazapp.build/DerivedSources -emit-objc-header -emit-objc-header-path /tmp/boazapp-acceptance-snapshot-sim/Build/Intermediates.noindex/boazapp.build/Debug-iphonesimulator/boazapp.build/Objects-normal/arm64/boazapp-Swift.h -working-directory /tmp/boazapp-acceptance-source -experimental-emit-module-separately -disable-cmo

Copy /tmp/boazapp-acceptance-snapshot-sim/Build/Products/Debug-iphonesimulator/boazapp.swiftmodule/x86_64-apple-ios-simulator.swiftdoc /tmp/boazapp-acceptance-snapshot-sim/Build/Intermediates.noindex/boazapp.build/Debug-iphonesimulator/boazapp.build/Objects-normal/x86_64/boazapp.swiftdoc (in target 'boazapp' from project 'boazapp')
    cd /tmp/boazapp-acceptance-source
    builtin-copy -exclude .DS_Store -exclude CVS -exclude .svn -exclude .git -exclude .hg -strip-unsigned-binaries -strip-deterministic -strip-tool /Applications/Xcode.app/Contents/Developer/Toolchains/XcodeDefault.xctoolchain/usr/bin/strip -resolve-src-symlinks -rename /tmp/boazapp-acceptance-snapshot-sim/Build/Intermediates.noindex/boazapp.build/Debug-iphonesimulator/boazapp.build/Objects-normal/x86_64/boazapp.swiftdoc /tmp/boazapp-acceptance-snapshot-sim/Build/Products/Debug-iphonesimulator/boazapp.swiftmodule/x86_64-apple-ios-simulator.swiftdoc

SwiftMergeGeneratedHeaders /tmp/boazapp-acceptance-snapshot-sim/Build/Intermediates.noindex/boazapp.build/Debug-iphonesimulator/boazapp.build/DerivedSources/boazapp-Swift.h /tmp/boazapp-acceptance-snapshot-sim/Build/Intermediates.noindex/boazapp.build/Debug-iphonesimulator/boazapp.build/Objects-normal/arm64/boazapp-Swift.h /tmp/boazapp-acceptance-snapshot-sim/Build/Intermediates.noindex/boazapp.build/Debug-iphonesimulator/boazapp.build/Objects-normal/x86_64/boazapp-Swift.h (in target 'boazapp' from project 'boazapp')
    cd /tmp/boazapp-acceptance-source
    builtin-swiftHeaderTool -arch arm64 /tmp/boazapp-acceptance-snapshot-sim/Build/Intermediates.noindex/boazapp.build/Debug-iphonesimulator/boazapp.build/Objects-normal/arm64/boazapp-Swift.h -arch x86_64 /tmp/boazapp-acceptance-snapshot-sim/Build/Intermediates.noindex/boazapp.build/Debug-iphonesimulator/boazapp.build/Objects-normal/x86_64/boazapp-Swift.h -o /tmp/boazapp-acceptance-snapshot-sim/Build/Intermediates.noindex/boazapp.build/Debug-iphonesimulator/boazapp.build/DerivedSources/boazapp-Swift.h

Copy /tmp/boazapp-acceptance-snapshot-sim/Build/Products/Debug-iphonesimulator/boazapp.swiftmodule/x86_64-apple-ios-simulator.abi.json /tmp/boazapp-acceptance-snapshot-sim/Build/Intermediates.noindex/boazapp.build/Debug-iphonesimulator/boazapp.build/Objects-normal/x86_64/boazapp.abi.json (in target 'boazapp' from project 'boazapp')
    cd /tmp/boazapp-acceptance-source
    builtin-copy -exclude .DS_Store -exclude CVS -exclude .svn -exclude .git -exclude .hg -strip-unsigned-binaries -strip-deterministic -strip-tool /Applications/Xcode.app/Contents/Developer/Toolchains/XcodeDefault.xctoolchain/usr/bin/strip -resolve-src-symlinks -rename /tmp/boazapp-acceptance-snapshot-sim/Build/Intermediates.noindex/boazapp.build/Debug-iphonesimulator/boazapp.build/Objects-normal/x86_64/boazapp.abi.json /tmp/boazapp-acceptance-snapshot-sim/Build/Products/Debug-iphonesimulator/boazapp.swiftmodule/x86_64-apple-ios-simulator.abi.json

Copy /tmp/boazapp-acceptance-snapshot-sim/Build/Products/Debug-iphonesimulator/boazapp.swiftmodule/arm64-apple-ios-simulator.swiftmodule /tmp/boazapp-acceptance-snapshot-sim/Build/Intermediates.noindex/boazapp.build/Debug-iphonesimulator/boazapp.build/Objects-normal/arm64/boazapp.swiftmodule (in target 'boazapp' from project 'boazapp')
    cd /tmp/boazapp-acceptance-source
    builtin-copy -exclude .DS_Store -exclude CVS -exclude .svn -exclude .git -exclude .hg -strip-unsigned-binaries -strip-deterministic -strip-tool /Applications/Xcode.app/Contents/Developer/Toolchains/XcodeDefault.xctoolchain/usr/bin/strip -resolve-src-symlinks -rename /tmp/boazapp-acceptance-snapshot-sim/Build/Intermediates.noindex/boazapp.build/Debug-iphonesimulator/boazapp.build/Objects-normal/arm64/boazapp.swiftmodule /tmp/boazapp-acceptance-snapshot-sim/Build/Products/Debug-iphonesimulator/boazapp.swiftmodule/arm64-apple-ios-simulator.swiftmodule

Copy /tmp/boazapp-acceptance-snapshot-sim/Build/Products/Debug-iphonesimulator/boazapp.swiftmodule/arm64-apple-ios-simulator.swiftdoc /tmp/boazapp-acceptance-snapshot-sim/Build/Intermediates.noindex/boazapp.build/Debug-iphonesimulator/boazapp.build/Objects-normal/arm64/boazapp.swiftdoc (in target 'boazapp' from project 'boazapp')
    cd /tmp/boazapp-acceptance-source
    builtin-copy -exclude .DS_Store -exclude CVS -exclude .svn -exclude .git -exclude .hg -strip-unsigned-binaries -strip-deterministic -strip-tool /Applications/Xcode.app/Contents/Developer/Toolchains/XcodeDefault.xctoolchain/usr/bin/strip -resolve-src-symlinks -rename /tmp/boazapp-acceptance-snapshot-sim/Build/Intermediates.noindex/boazapp.build/Debug-iphonesimulator/boazapp.build/Objects-normal/arm64/boazapp.swiftdoc /tmp/boazapp-acceptance-snapshot-sim/Build/Products/Debug-iphonesimulator/boazapp.swiftmodule/arm64-apple-ios-simulator.swiftdoc

Copy /tmp/boazapp-acceptance-snapshot-sim/Build/Products/Debug-iphonesimulator/boazapp.swiftmodule/arm64-apple-ios-simulator.abi.json /tmp/boazapp-acceptance-snapshot-sim/Build/Intermediates.noindex/boazapp.build/Debug-iphonesimulator/boazapp.build/Objects-normal/arm64/boazapp.abi.json (in target 'boazapp' from project 'boazapp')
    cd /tmp/boazapp-acceptance-source
    builtin-copy -exclude .DS_Store -exclude CVS -exclude .svn -exclude .git -exclude .hg -strip-unsigned-binaries -strip-deterministic -strip-tool /Applications/Xcode.app/Contents/Developer/Toolchains/XcodeDefault.xctoolchain/usr/bin/strip -resolve-src-symlinks -rename /tmp/boazapp-acceptance-snapshot-sim/Build/Intermediates.noindex/boazapp.build/Debug-iphonesimulator/boazapp.build/Objects-normal/arm64/boazapp.abi.json /tmp/boazapp-acceptance-snapshot-sim/Build/Products/Debug-iphonesimulator/boazapp.swiftmodule/arm64-apple-ios-simulator.abi.json

Copy /tmp/boazapp-acceptance-snapshot-sim/Build/Products/Debug-iphonesimulator/boazapp.swiftmodule/Project/x86_64-apple-ios-simulator.swiftsourceinfo /tmp/boazapp-acceptance-snapshot-sim/Build/Intermediates.noindex/boazapp.build/Debug-iphonesimulator/boazapp.build/Objects-normal/x86_64/boazapp.swiftsourceinfo (in target 'boazapp' from project 'boazapp')
    cd /tmp/boazapp-acceptance-source
    builtin-copy -exclude .DS_Store -exclude CVS -exclude .svn -exclude .git -exclude .hg -strip-unsigned-binaries -strip-deterministic -strip-tool /Applications/Xcode.app/Contents/Developer/Toolchains/XcodeDefault.xctoolchain/usr/bin/strip -resolve-src-symlinks -rename /tmp/boazapp-acceptance-snapshot-sim/Build/Intermediates.noindex/boazapp.build/Debug-iphonesimulator/boazapp.build/Objects-normal/x86_64/boazapp.swiftsourceinfo /tmp/boazapp-acceptance-snapshot-sim/Build/Products/Debug-iphonesimulator/boazapp.swiftmodule/Project/x86_64-apple-ios-simulator.swiftsourceinfo

Copy /tmp/boazapp-acceptance-snapshot-sim/Build/Products/Debug-iphonesimulator/boazapp.swiftmodule/Project/arm64-apple-ios-simulator.swiftsourceinfo /tmp/boazapp-acceptance-snapshot-sim/Build/Intermediates.noindex/boazapp.build/Debug-iphonesimulator/boazapp.build/Objects-normal/arm64/boazapp.swiftsourceinfo (in target 'boazapp' from project 'boazapp')
    cd /tmp/boazapp-acceptance-source
    builtin-copy -exclude .DS_Store -exclude CVS -exclude .svn -exclude .git -exclude .hg -strip-unsigned-binaries -strip-deterministic -strip-tool /Applications/Xcode.app/Contents/Developer/Toolchains/XcodeDefault.xctoolchain/usr/bin/strip -resolve-src-symlinks -rename /tmp/boazapp-acceptance-snapshot-sim/Build/Intermediates.noindex/boazapp.build/Debug-iphonesimulator/boazapp.build/Objects-normal/arm64/boazapp.swiftsourceinfo /tmp/boazapp-acceptance-snapshot-sim/Build/Products/Debug-iphonesimulator/boazapp.swiftmodule/Project/arm64-apple-ios-simulator.swiftsourceinfo

SwiftCompile normal arm64 Compiling\ SleepDerivation.swift /tmp/boazapp-acceptance-source/boazapp/Health/SleepDerivation.swift (in target 'boazapp' from project 'boazapp')

SwiftCompile normal arm64 /tmp/boazapp-acceptance-source/boazapp/Health/SleepDerivation.swift (in target 'boazapp' from project 'boazapp')
    cd /tmp/boazapp-acceptance-source
    builtin-SwiftPerFileCompile SleepDerivation.swift

SwiftCompile normal arm64 Compiling\ SyncEngine.swift /tmp/boazapp-acceptance-source/boazapp/Core/Network/SyncEngine.swift (in target 'boazapp' from project 'boazapp')

SwiftCompile normal arm64 /tmp/boazapp-acceptance-source/boazapp/Core/Network/SyncEngine.swift (in target 'boazapp' from project 'boazapp')
    cd /tmp/boazapp-acceptance-source
    builtin-SwiftPerFileCompile SyncEngine.swift

SwiftDriverJobDiscovery normal x86_64 Compiling HealthModels.swift (in target 'boazapp' from project 'boazapp')

SwiftCompile normal arm64 Compiling\ TokyoCloudGateway.swift /tmp/boazapp-acceptance-source/boazapp/Core/Network/TokyoCloudGateway.swift (in target 'boazapp' from project 'boazapp')

SwiftCompile normal arm64 /tmp/boazapp-acceptance-source/boazapp/Core/Network/TokyoCloudGateway.swift (in target 'boazapp' from project 'boazapp')
    cd /tmp/boazapp-acceptance-source
    builtin-SwiftPerFileCompile TokyoCloudGateway.swift

SwiftDriverJobDiscovery normal x86_64 Compiling GeneratedAssetSymbols.swift (in target 'boazapp' from project 'boazapp')

SwiftCompile normal arm64 Compiling\ HealthSettingsSheet.swift /tmp/boazapp-acceptance-source/boazapp/UI/Views/HealthSettingsSheet.swift (in target 'boazapp' from project 'boazapp')

SwiftCompile normal arm64 /tmp/boazapp-acceptance-source/boazapp/UI/Views/HealthSettingsSheet.swift (in target 'boazapp' from project 'boazapp')
    cd /tmp/boazapp-acceptance-source
    builtin-SwiftPerFileCompile HealthSettingsSheet.swift

SwiftDriverJobDiscovery normal x86_64 Compiling HealthTypeCatalog.swift (in target 'boazapp' from project 'boazapp')

SwiftCompile normal arm64 Compiling\ SleepAnalyzer.swift /tmp/boazapp-acceptance-source/boazapp/Health/SleepAnalyzer.swift (in target 'boazapp' from project 'boazapp')

SwiftCompile normal arm64 /tmp/boazapp-acceptance-source/boazapp/Health/SleepAnalyzer.swift (in target 'boazapp' from project 'boazapp')
    cd /tmp/boazapp-acceptance-source
    builtin-SwiftPerFileCompile SleepAnalyzer.swift

SwiftDriverJobDiscovery normal x86_64 Compiling WorkoutDetailDispatcher.swift (in target 'boazapp' from project 'boazapp')

SwiftCompile normal arm64 Compiling\ MainDashboardView.swift /tmp/boazapp-acceptance-source/boazapp/UI/Views/MainDashboardView.swift (in target 'boazapp' from project 'boazapp')

SwiftCompile normal arm64 /tmp/boazapp-acceptance-source/boazapp/UI/Views/MainDashboardView.swift (in target 'boazapp' from project 'boazapp')
    cd /tmp/boazapp-acceptance-source
    builtin-SwiftPerFileCompile MainDashboardView.swift

SwiftDriverJobDiscovery normal x86_64 Compiling SleepAnalyzer.swift (in target 'boazapp' from project 'boazapp')

SwiftCompile normal arm64 Compiling\ BoazLocalDatabase.swift /tmp/boazapp-acceptance-source/boazapp/Core/Database/BoazLocalDatabase.swift (in target 'boazapp' from project 'boazapp')

SwiftCompile normal arm64 /tmp/boazapp-acceptance-source/boazapp/Core/Database/BoazLocalDatabase.swift (in target 'boazapp' from project 'boazapp')
    cd /tmp/boazapp-acceptance-source
    builtin-SwiftPerFileCompile BoazLocalDatabase.swift

SwiftDriverJobDiscovery normal x86_64 Compiling TokyoCloudGateway.swift (in target 'boazapp' from project 'boazapp')

SwiftDriverJobDiscovery normal x86_64 Compiling DashboardModel.swift (in target 'boazapp' from project 'boazapp')

SwiftCompile normal arm64 Compiling\ WorkoutDetailDispatcher.swift /tmp/boazapp-acceptance-source/boazapp/Health/WorkoutDetailDispatcher.swift (in target 'boazapp' from project 'boazapp')

SwiftCompile normal arm64 /tmp/boazapp-acceptance-source/boazapp/Health/WorkoutDetailDispatcher.swift (in target 'boazapp' from project 'boazapp')
    cd /tmp/boazapp-acceptance-source
    builtin-SwiftPerFileCompile WorkoutDetailDispatcher.swift

SwiftDriverJobDiscovery normal x86_64 Compiling SyncEngine.swift (in target 'boazapp' from project 'boazapp')

SwiftCompile normal arm64 Compiling\ HealthModels.swift /tmp/boazapp-acceptance-source/boazapp/Health/HealthModels.swift (in target 'boazapp' from project 'boazapp')

SwiftCompile normal arm64 /tmp/boazapp-acceptance-source/boazapp/Health/HealthModels.swift (in target 'boazapp' from project 'boazapp')
    cd /tmp/boazapp-acceptance-source
    builtin-SwiftPerFileCompile HealthModels.swift

SwiftDriverJobDiscovery normal x86_64 Compiling HealthKitManager.swift (in target 'boazapp' from project 'boazapp')

SwiftCompile normal arm64 Compiling\ BoazCoordinator.swift /tmp/boazapp-acceptance-source/boazapp/App/BoazCoordinator.swift (in target 'boazapp' from project 'boazapp')

SwiftCompile normal arm64 /tmp/boazapp-acceptance-source/boazapp/App/BoazCoordinator.swift (in target 'boazapp' from project 'boazapp')
    cd /tmp/boazapp-acceptance-source
    builtin-SwiftPerFileCompile BoazCoordinator.swift

SwiftCompile normal arm64 Compiling\ AppConfiguration.swift,\ BoazApp.swift /tmp/boazapp-acceptance-source/boazapp/App/AppConfiguration.swift /tmp/boazapp-acceptance-source/boazapp/App/BoazApp.swift (in target 'boazapp' from project 'boazapp')

SwiftCompile normal arm64 /tmp/boazapp-acceptance-source/boazapp/App/AppConfiguration.swift (in target 'boazapp' from project 'boazapp')
    cd /tmp/boazapp-acceptance-source
    builtin-SwiftPerFileCompile AppConfiguration.swift

SwiftCompile normal arm64 /tmp/boazapp-acceptance-source/boazapp/App/BoazApp.swift (in target 'boazapp' from project 'boazapp')
    cd /tmp/boazapp-acceptance-source
    builtin-SwiftPerFileCompile BoazApp.swift

SwiftDriverJobDiscovery normal x86_64 Compiling BoazLocalDatabase.swift (in target 'boazapp' from project 'boazapp')

SwiftCompile normal arm64 Compiling\ BoazDesign.swift /tmp/boazapp-acceptance-source/boazapp/UI/DesignSystem/BoazDesign.swift (in target 'boazapp' from project 'boazapp')

SwiftCompile normal arm64 /tmp/boazapp-acceptance-source/boazapp/UI/DesignSystem/BoazDesign.swift (in target 'boazapp' from project 'boazapp')
    cd /tmp/boazapp-acceptance-source
    builtin-SwiftPerFileCompile BoazDesign.swift

SwiftDriverJobDiscovery normal x86_64 Compiling BoazCoordinator.swift (in target 'boazapp' from project 'boazapp')

SwiftCompile normal arm64 Compiling\ GeneratedAssetSymbols.swift /tmp/boazapp-acceptance-snapshot-sim/Build/Intermediates.noindex/boazapp.build/Debug-iphonesimulator/boazapp.build/DerivedSources/GeneratedAssetSymbols.swift (in target 'boazapp' from project 'boazapp')

SwiftCompile normal arm64 /tmp/boazapp-acceptance-snapshot-sim/Build/Intermediates.noindex/boazapp.build/Debug-iphonesimulator/boazapp.build/DerivedSources/GeneratedAssetSymbols.swift (in target 'boazapp' from project 'boazapp')
    cd /tmp/boazapp-acceptance-source
    builtin-SwiftPerFileCompile GeneratedAssetSymbols.swift

SwiftDriverJobDiscovery normal arm64 Compiling HealthModels.swift (in target 'boazapp' from project 'boazapp')

SwiftCompile normal arm64 Compiling\ DashboardModel.swift /tmp/boazapp-acceptance-source/boazapp/UI/DashboardModel.swift (in target 'boazapp' from project 'boazapp')

SwiftCompile normal arm64 /tmp/boazapp-acceptance-source/boazapp/UI/DashboardModel.swift (in target 'boazapp' from project 'boazapp')
    cd /tmp/boazapp-acceptance-source
    builtin-SwiftPerFileCompile DashboardModel.swift

SwiftDriverJobDiscovery normal arm64 Compiling SleepDerivation.swift (in target 'boazapp' from project 'boazapp')

SwiftCompile normal arm64 Compiling\ SyncAuditSheet.swift /tmp/boazapp-acceptance-source/boazapp/UI/Views/SyncAuditSheet.swift (in target 'boazapp' from project 'boazapp')

SwiftCompile normal arm64 /tmp/boazapp-acceptance-source/boazapp/UI/Views/SyncAuditSheet.swift (in target 'boazapp' from project 'boazapp')
    cd /tmp/boazapp-acceptance-source
    builtin-SwiftPerFileCompile SyncAuditSheet.swift

SwiftDriverJobDiscovery normal arm64 Compiling WorkoutDetailDispatcher.swift (in target 'boazapp' from project 'boazapp')

SwiftCompile normal arm64 Compiling\ HealthKitManager.swift /tmp/boazapp-acceptance-source/boazapp/Health/HealthKitManager.swift (in target 'boazapp' from project 'boazapp')

SwiftCompile normal arm64 /tmp/boazapp-acceptance-source/boazapp/Health/HealthKitManager.swift (in target 'boazapp' from project 'boazapp')
    cd /tmp/boazapp-acceptance-source
    builtin-SwiftPerFileCompile HealthKitManager.swift

SwiftDriverJobDiscovery normal x86_64 Compiling AppConfiguration.swift, BoazApp.swift (in target 'boazapp' from project 'boazapp')

SwiftCompile normal x86_64 Compiling\ SleepDerivation.swift /tmp/boazapp-acceptance-source/boazapp/Health/SleepDerivation.swift (in target 'boazapp' from project 'boazapp')

SwiftCompile normal x86_64 /tmp/boazapp-acceptance-source/boazapp/Health/SleepDerivation.swift (in target 'boazapp' from project 'boazapp')
    cd /tmp/boazapp-acceptance-source
    builtin-SwiftPerFileCompile SleepDerivation.swift

SwiftDriverJobDiscovery normal arm64 Compiling TokyoCloudGateway.swift (in target 'boazapp' from project 'boazapp')

SwiftDriverJobDiscovery normal arm64 Compiling SleepAnalyzer.swift (in target 'boazapp' from project 'boazapp')

SwiftCompile normal arm64 Compiling\ HealthSections.swift /tmp/boazapp-acceptance-source/boazapp/UI/Views/HealthSections.swift (in target 'boazapp' from project 'boazapp')

SwiftCompile normal arm64 /tmp/boazapp-acceptance-source/boazapp/UI/Views/HealthSections.swift (in target 'boazapp' from project 'boazapp')
    cd /tmp/boazapp-acceptance-source
    builtin-SwiftPerFileCompile HealthSections.swift

SwiftCompile normal arm64 Compiling\ HealthTypeCatalog.swift /tmp/boazapp-acceptance-source/boazapp/Health/HealthTypeCatalog.swift (in target 'boazapp' from project 'boazapp')

SwiftCompile normal arm64 /tmp/boazapp-acceptance-source/boazapp/Health/HealthTypeCatalog.swift (in target 'boazapp' from project 'boazapp')
    cd /tmp/boazapp-acceptance-source
    builtin-SwiftPerFileCompile HealthTypeCatalog.swift

SwiftDriverJobDiscovery normal x86_64 Compiling SyncAuditSheet.swift (in target 'boazapp' from project 'boazapp')

SwiftDriverJobDiscovery normal x86_64 Compiling BoazDesign.swift (in target 'boazapp' from project 'boazapp')

SwiftDriverJobDiscovery normal arm64 Compiling SyncEngine.swift (in target 'boazapp' from project 'boazapp')

SwiftDriver boazappTests normal arm64 com.apple.xcode.tools.swift.compiler (in target 'boazappTests' from project 'boazapp')
    cd /tmp/boazapp-acceptance-source
    builtin-SwiftDriver -- /Applications/Xcode.app/Contents/Developer/Toolchains/XcodeDefault.xctoolchain/usr/bin/swiftc -module-name boazappTests -Onone @/tmp/boazapp-acceptance-snapshot-sim/Build/Intermediates.noindex/boazapp.build/Debug-iphonesimulator/boazappTests.build/Objects-normal/arm64/boazappTests.SwiftFileList -plugin-path /Applications/Xcode.app/Contents/Developer/Toolchains/XcodeDefault.xctoolchain/usr/lib/swift/host/plugins/testing -enable-experimental-feature DebugDescriptionMacro -sdk /Applications/Xcode.app/Contents/Developer/Platforms/iPhoneSimulator.platform/Developer/SDKs/iPhoneSimulator27.0.sdk -target arm64-apple-ios17.0-simulator -g -module-cache-path /tmp/boazapp-acceptance-snapshot-sim/ModuleCache.noindex -Xfrontend -serialize-debugging-options -index-store-path /tmp/boazapp-acceptance-snapshot-sim/Index.noindex/DataStore -swift-version 6 -I /tmp/boazapp-acceptance-snapshot-sim/Build/Products/Debug-iphonesimulator -Isystem /Applications/Xcode.app/Contents/Developer/Platforms/iPhoneSimulator.platform/Developer/usr/lib -F /tmp/boazapp-acceptance-snapshot-sim/Build/Products/Debug-iphonesimulator -F /Applications/Xcode.app/Contents/Developer/Platforms/iPhoneSimulator.platform/Developer/Library/Frameworks -F /Applications/Xcode.app/Contents/Developer/Platforms/iPhoneSimulator.platform/Developer/SDKs/iPhoneSimulator27.0.sdk/Developer/Library/Frameworks -emit-localized-strings -emit-localized-strings-path /tmp/boazapp-acceptance-snapshot-sim/Build/Intermediates.noindex/boazapp.build/Debug-iphonesimulator/boazappTests.build/Objects-normal/arm64 -c -j18 -enable-batch-mode -incremental -Xcc -ivfsstatcache -Xcc /tmp/boazapp-acceptance-snapshot-sim/SDKStatCaches.noindex/iphonesimulator27.0-24A430-8dc58220667be655e1bcc261a7455254.sdkstatcache -output-file-map /tmp/boazapp-acceptance-snapshot-sim/Build/Intermediates.noindex/boazapp.build/Debug-iphonesimulator/boazappTests.build/Objects-normal/arm64/boazappTests-OutputFileMap.json -save-temps -no-color-diagnostics -explicit-module-build -module-cache-path /tmp/boazapp-acceptance-snapshot-sim/Build/Intermediates.noindex/SwiftExplicitPrecompiledModules -clang-scanner-module-cache-path /tmp/boazapp-acceptance-snapshot-sim/ModuleCache.noindex -sdk-module-cache-path /tmp/boazapp-acceptance-snapshot-sim/SDKExplicitPrecompiledModules -emit-dependencies -emit-module -emit-module-path /tmp/boazapp-acceptance-snapshot-sim/Build/Intermediates.noindex/boazapp.build/Debug-iphonesimulator/boazappTests.build/Objects-normal/arm64/boazappTests.swiftmodule -serialize-diagnostics -dependency-scan-serialize-diagnostics-path /tmp/boazapp-acceptance-snapshot-sim/Build/Intermediates.noindex/boazapp.build/Debug-iphonesimulator/boazappTests.build/Objects-normal/arm64/boazappTests-dependency-scan.dia -validate-clang-modules-once -clang-build-session-file /tmp/boazapp-acceptance-snapshot-sim/ModuleCache.noindex/Session.modulevalidation -Xcc -fmodules-prune-interval\=86400 -Xcc -fmodules-prune-after\=345600 -emit-const-values -const-gather-protocols-list /tmp/boazapp-acceptance-snapshot-sim/Build/Intermediates.noindex/boazapp.build/Debug-iphonesimulator/boazappTests.build/Objects-normal/arm64/boazappTests_const_extract_protocols.json -Xcc -iquote -Xcc /tmp/boazapp-acceptance-snapshot-sim/Build/Intermediates.noindex/boazapp.build/Debug-iphonesimulator/boazappTests.build/boazappTests-generated-files.hmap -Xcc -I/tmp/boazapp-acceptance-snapshot-sim/Build/Intermediates.noindex/boazapp.build/Debug-iphonesimulator/boazappTests.build/boazappTests-own-target-headers.hmap -Xcc -I/tmp/boazapp-acceptance-snapshot-sim/Build/Intermediates.noindex/boazapp.build/Debug-iphonesimulator/boazappTests.build/boazappTests-all-target-headers.hmap -Xcc -iquote -Xcc /tmp/boazapp-acceptance-snapshot-sim/Build/Intermediates.noindex/boazapp.build/Debug-iphonesimulator/boazappTests.build/boazappTests-project-headers.hmap -Xcc -I/tmp/boazapp-acceptance-snapshot-sim/Build/Products/Debug-iphonesimulator/include -Xcc -I/tmp/boazapp-acceptance-snapshot-sim/Build/Intermediates.noindex/boazapp.build/Debug-iphonesimulator/boazappTests.build/DerivedSources-normal/arm64 -Xcc -I/tmp/boazapp-acceptance-snapshot-sim/Build/Intermediates.noindex/boazapp.build/Debug-iphonesimulator/boazappTests.build/DerivedSources/arm64 -Xcc -I/tmp/boazapp-acceptance-snapshot-sim/Build/Intermediates.noindex/boazapp.build/Debug-iphonesimulator/boazappTests.build/DerivedSources -emit-objc-header -emit-objc-header-path /tmp/boazapp-acceptance-snapshot-sim/Build/Intermediates.noindex/boazapp.build/Debug-iphonesimulator/boazappTests.build/Objects-normal/arm64/boazappTests-Swift.h -working-directory /tmp/boazapp-acceptance-source -experimental-emit-module-separately -disable-cmo

SwiftDriver boazappTests normal x86_64 com.apple.xcode.tools.swift.compiler (in target 'boazappTests' from project 'boazapp')
    cd /tmp/boazapp-acceptance-source
    builtin-SwiftDriver -- /Applications/Xcode.app/Contents/Developer/Toolchains/XcodeDefault.xctoolchain/usr/bin/swiftc -module-name boazappTests -Onone @/tmp/boazapp-acceptance-snapshot-sim/Build/Intermediates.noindex/boazapp.build/Debug-iphonesimulator/boazappTests.build/Objects-normal/x86_64/boazappTests.SwiftFileList -plugin-path /Applications/Xcode.app/Contents/Developer/Toolchains/XcodeDefault.xctoolchain/usr/lib/swift/host/plugins/testing -enable-experimental-feature DebugDescriptionMacro -sdk /Applications/Xcode.app/Contents/Developer/Platforms/iPhoneSimulator.platform/Developer/SDKs/iPhoneSimulator27.0.sdk -target x86_64-apple-ios17.0-simulator -g -module-cache-path /tmp/boazapp-acceptance-snapshot-sim/ModuleCache.noindex -Xfrontend -serialize-debugging-options -index-store-path /tmp/boazapp-acceptance-snapshot-sim/Index.noindex/DataStore -swift-version 6 -I /tmp/boazapp-acceptance-snapshot-sim/Build/Products/Debug-iphonesimulator -Isystem /Applications/Xcode.app/Contents/Developer/Platforms/iPhoneSimulator.platform/Developer/usr/lib -F /tmp/boazapp-acceptance-snapshot-sim/Build/Products/Debug-iphonesimulator -F /Applications/Xcode.app/Contents/Developer/Platforms/iPhoneSimulator.platform/Developer/Library/Frameworks -F /Applications/Xcode.app/Contents/Developer/Platforms/iPhoneSimulator.platform/Developer/SDKs/iPhoneSimulator27.0.sdk/Developer/Library/Frameworks -emit-localized-strings -emit-localized-strings-path /tmp/boazapp-acceptance-snapshot-sim/Build/Intermediates.noindex/boazapp.build/Debug-iphonesimulator/boazappTests.build/Objects-normal/x86_64 -c -j18 -enable-batch-mode -incremental -Xcc -ivfsstatcache -Xcc /tmp/boazapp-acceptance-snapshot-sim/SDKStatCaches.noindex/iphonesimulator27.0-24A430-8dc58220667be655e1bcc261a7455254.sdkstatcache -output-file-map /tmp/boazapp-acceptance-snapshot-sim/Build/Intermediates.noindex/boazapp.build/Debug-iphonesimulator/boazappTests.build/Objects-normal/x86_64/boazappTests-OutputFileMap.json -save-temps -no-color-diagnostics -explicit-module-build -module-cache-path /tmp/boazapp-acceptance-snapshot-sim/Build/Intermediates.noindex/SwiftExplicitPrecompiledModules -clang-scanner-module-cache-path /tmp/boazapp-acceptance-snapshot-sim/ModuleCache.noindex -sdk-module-cache-path /tmp/boazapp-acceptance-snapshot-sim/SDKExplicitPrecompiledModules -emit-dependencies -emit-module -emit-module-path /tmp/boazapp-acceptance-snapshot-sim/Build/Intermediates.noindex/boazapp.build/Debug-iphonesimulator/boazappTests.build/Objects-normal/x86_64/boazappTests.swiftmodule -serialize-diagnostics -dependency-scan-serialize-diagnostics-path /tmp/boazapp-acceptance-snapshot-sim/Build/Intermediates.noindex/boazapp.build/Debug-iphonesimulator/boazappTests.build/Objects-normal/x86_64/boazappTests-dependency-scan.dia -validate-clang-modules-once -clang-build-session-file /tmp/boazapp-acceptance-snapshot-sim/ModuleCache.noindex/Session.modulevalidation -Xcc -fmodules-prune-interval\=86400 -Xcc -fmodules-prune-after\=345600 -emit-const-values -const-gather-protocols-list /tmp/boazapp-acceptance-snapshot-sim/Build/Intermediates.noindex/boazapp.build/Debug-iphonesimulator/boazappTests.build/Objects-normal/x86_64/boazappTests_const_extract_protocols.json -Xcc -iquote -Xcc /tmp/boazapp-acceptance-snapshot-sim/Build/Intermediates.noindex/boazapp.build/Debug-iphonesimulator/boazappTests.build/boazappTests-generated-files.hmap -Xcc -I/tmp/boazapp-acceptance-snapshot-sim/Build/Intermediates.noindex/boazapp.build/Debug-iphonesimulator/boazappTests.build/boazappTests-own-target-headers.hmap -Xcc -I/tmp/boazapp-acceptance-snapshot-sim/Build/Intermediates.noindex/boazapp.build/Debug-iphonesimulator/boazappTests.build/boazappTests-all-target-headers.hmap -Xcc -iquote -Xcc /tmp/boazapp-acceptance-snapshot-sim/Build/Intermediates.noindex/boazapp.build/Debug-iphonesimulator/boazappTests.build/boazappTests-project-headers.hmap -Xcc -I/tmp/boazapp-acceptance-snapshot-sim/Build/Products/Debug-iphonesimulator/include -Xcc -I/tmp/boazapp-acceptance-snapshot-sim/Build/Intermediates.noindex/boazapp.build/Debug-iphonesimulator/boazappTests.build/DerivedSources-normal/x86_64 -Xcc -I/tmp/boazapp-acceptance-snapshot-sim/Build/Intermediates.noindex/boazapp.build/Debug-iphonesimulator/boazappTests.build/DerivedSources/x86_64 -Xcc -I/tmp/boazapp-acceptance-snapshot-sim/Build/Intermediates.noindex/boazapp.build/Debug-iphonesimulator/boazappTests.build/DerivedSources -emit-objc-header -emit-objc-header-path /tmp/boazapp-acceptance-snapshot-sim/Build/Intermediates.noindex/boazapp.build/Debug-iphonesimulator/boazappTests.build/Objects-normal/x86_64/boazappTests-Swift.h -working-directory /tmp/boazapp-acceptance-source -experimental-emit-module-separately -disable-cmo

SwiftDriverJobDiscovery normal arm64 Compiling GeneratedAssetSymbols.swift (in target 'boazapp' from project 'boazapp')

SwiftDriverJobDiscovery normal x86_64 Compiling MainDashboardView.swift (in target 'boazapp' from project 'boazapp')

SwiftDriverJobDiscovery normal x86_64 Compiling HealthSections.swift (in target 'boazapp' from project 'boazapp')

SwiftDriverJobDiscovery normal arm64 Compiling BoazCoordinator.swift (in target 'boazapp' from project 'boazapp')

SwiftDriverJobDiscovery normal arm64 Compiling BoazLocalDatabase.swift (in target 'boazapp' from project 'boazapp')

SwiftDriverJobDiscovery normal x86_64 Compiling HealthSettingsSheet.swift (in target 'boazapp' from project 'boazapp')

SwiftDriverJobDiscovery normal arm64 Compiling HealthTypeCatalog.swift (in target 'boazapp' from project 'boazapp')

SwiftDriverJobDiscovery normal x86_64 Compiling SleepDerivation.swift (in target 'boazapp' from project 'boazapp')

SwiftDriver\ Compilation boazapp normal x86_64 com.apple.xcode.tools.swift.compiler (in target 'boazapp' from project 'boazapp')
    cd /tmp/boazapp-acceptance-source
    builtin-Swift-Compilation -- /Applications/Xcode.app/Contents/Developer/Toolchains/XcodeDefault.xctoolchain/usr/bin/swiftc -module-name boazapp -Onone @/tmp/boazapp-acceptance-snapshot-sim/Build/Intermediates.noindex/boazapp.build/Debug-iphonesimulator/boazapp.build/Objects-normal/x86_64/boazapp.SwiftFileList -enable-experimental-feature DebugDescriptionMacro -sdk /Applications/Xcode.app/Contents/Developer/Platforms/iPhoneSimulator.platform/Developer/SDKs/iPhoneSimulator27.0.sdk -target x86_64-apple-ios17.0-simulator -g -module-cache-path /tmp/boazapp-acceptance-snapshot-sim/ModuleCache.noindex -Xfrontend -serialize-debugging-options -enable-testing -index-store-path /tmp/boazapp-acceptance-snapshot-sim/Index.noindex/DataStore -swift-version 6 -I /tmp/boazapp-acceptance-snapshot-sim/Build/Products/Debug-iphonesimulator -F /tmp/boazapp-acceptance-snapshot-sim/Build/Products/Debug-iphonesimulator -emit-localized-strings -emit-localized-strings-path /tmp/boazapp-acceptance-snapshot-sim/Build/Intermediates.noindex/boazapp.build/Debug-iphonesimulator/boazapp.build/Objects-normal/x86_64 -c -j18 -enable-batch-mode -incremental -Xcc -ivfsstatcache -Xcc /tmp/boazapp-acceptance-snapshot-sim/SDKStatCaches.noindex/iphonesimulator27.0-24A430-8dc58220667be655e1bcc261a7455254.sdkstatcache -output-file-map /tmp/boazapp-acceptance-snapshot-sim/Build/Intermediates.noindex/boazapp.build/Debug-iphonesimulator/boazapp.build/Objects-normal/x86_64/boazapp-OutputFileMap.json -save-temps -no-color-diagnostics -explicit-module-build -module-cache-path /tmp/boazapp-acceptance-snapshot-sim/Build/Intermediates.noindex/SwiftExplicitPrecompiledModules -clang-scanner-module-cache-path /tmp/boazapp-acceptance-snapshot-sim/ModuleCache.noindex -sdk-module-cache-path /tmp/boazapp-acceptance-snapshot-sim/SDKExplicitPrecompiledModules -emit-dependencies -emit-module -emit-module-path /tmp/boazapp-acceptance-snapshot-sim/Build/Intermediates.noindex/boazapp.build/Debug-iphonesimulator/boazapp.build/Objects-normal/x86_64/boazapp.swiftmodule -serialize-diagnostics -dependency-scan-serialize-diagnostics-path /tmp/boazapp-acceptance-snapshot-sim/Build/Intermediates.noindex/boazapp.build/Debug-iphonesimulator/boazapp.build/Objects-normal/x86_64/boazapp-dependency-scan.dia -validate-clang-modules-once -clang-build-session-file /tmp/boazapp-acceptance-snapshot-sim/ModuleCache.noindex/Session.modulevalidation -Xcc -fmodules-prune-interval\=86400 -Xcc -fmodules-prune-after\=345600 -emit-const-values -const-gather-protocols-list /tmp/boazapp-acceptance-snapshot-sim/Build/Intermediates.noindex/boazapp.build/Debug-iphonesimulator/boazapp.build/Objects-normal/x86_64/boazapp_const_extract_protocols.json -Xcc -iquote -Xcc /tmp/boazapp-acceptance-snapshot-sim/Build/Intermediates.noindex/boazapp.build/Debug-iphonesimulator/boazapp.build/boazapp-generated-files.hmap -Xcc -I/tmp/boazapp-acceptance-snapshot-sim/Build/Intermediates.noindex/boazapp.build/Debug-iphonesimulator/boazapp.build/boazapp-own-target-headers.hmap -Xcc -I/tmp/boazapp-acceptance-snapshot-sim/Build/Intermediates.noindex/boazapp.build/Debug-iphonesimulator/boazapp.build/boazapp-all-target-headers.hmap -Xcc -iquote -Xcc /tmp/boazapp-acceptance-snapshot-sim/Build/Intermediates.noindex/boazapp.build/Debug-iphonesimulator/boazapp.build/boazapp-project-headers.hmap -Xcc -I/tmp/boazapp-acceptance-snapshot-sim/Build/Products/Debug-iphonesimulator/include -Xcc -I/tmp/boazapp-acceptance-snapshot-sim/Build/Intermediates.noindex/boazapp.build/Debug-iphonesimulator/boazapp.build/DerivedSources-normal/x86_64 -Xcc -I/tmp/boazapp-acceptance-snapshot-sim/Build/Intermediates.noindex/boazapp.build/Debug-iphonesimulator/boazapp.build/DerivedSources/x86_64 -Xcc -I/tmp/boazapp-acceptance-snapshot-sim/Build/Intermediates.noindex/boazapp.build/Debug-iphonesimulator/boazapp.build/DerivedSources -emit-objc-header -emit-objc-header-path /tmp/boazapp-acceptance-snapshot-sim/Build/Intermediates.noindex/boazapp.build/Debug-iphonesimulator/boazapp.build/Objects-normal/x86_64/boazapp-Swift.h -working-directory /tmp/boazapp-acceptance-source -experimental-emit-module-separately -disable-cmo

Ld /tmp/boazapp-acceptance-snapshot-sim/Build/Intermediates.noindex/boazapp.build/Debug-iphonesimulator/boazapp.build/Objects-normal/x86_64/Binary/boazapp.debug.dylib normal x86_64 (in target 'boazapp' from project 'boazapp')
    cd /tmp/boazapp-acceptance-source
    /Applications/Xcode.app/Contents/Developer/Toolchains/XcodeDefault.xctoolchain/usr/bin/clang -Xlinker -reproducible -target x86_64-apple-ios17.0-simulator -dynamiclib -isysroot /Applications/Xcode.app/Contents/Developer/Platforms/iPhoneSimulator.platform/Developer/SDKs/iPhoneSimulator27.0.sdk -Os -Xlinker -no_warn_duplicate_libraries -L/tmp/boazapp-acceptance-snapshot-sim/Build/Intermediates.noindex/EagerLinkingTBDs/Debug-iphonesimulator -L/tmp/boazapp-acceptance-snapshot-sim/Build/Products/Debug-iphonesimulator -F/tmp/boazapp-acceptance-snapshot-sim/Build/Intermediates.noindex/EagerLinkingTBDs/Debug-iphonesimulator -F/tmp/boazapp-acceptance-snapshot-sim/Build/Products/Debug-iphonesimulator -filelist /tmp/boazapp-acceptance-snapshot-sim/Build/Intermediates.noindex/boazapp.build/Debug-iphonesimulator/boazapp.build/Objects-normal/x86_64/boazapp.LinkFileList -install_name @rpath/boazapp.debug.dylib -Xlinker -rpath -Xlinker /usr/lib/swift -Xlinker -dead_strip -Xlinker -object_path_lto -Xlinker /tmp/boazapp-acceptance-snapshot-sim/Build/Intermediates.noindex/boazapp.build/Debug-iphonesimulator/boazapp.build/Objects-normal/x86_64/boazapp_lto.o -rdynamic -Xlinker -objc_abi_version -Xlinker 2 -Xlinker -dependency_info -Xlinker /tmp/boazapp-acceptance-snapshot-sim/Build/Intermediates.noindex/boazapp.build/Debug-iphonesimulator/boazapp.build/Objects-normal/x86_64/boazapp_dependency_info.dat -fobjc-link-runtime -L/Applications/Xcode.app/Contents/Developer/Toolchains/XcodeDefault.xctoolchain/usr/lib/swift/iphonesimulator -L/usr/lib/swift -Xlinker -add_ast_path -Xlinker /tmp/boazapp-acceptance-snapshot-sim/Build/Intermediates.noindex/boazapp.build/Debug-iphonesimulator/boazapp.build/Objects-normal/x86_64/boazapp.swiftmodule -lsqlite3 -Xlinker -alias -Xlinker _main -Xlinker ___debug_main_executable_dylib_entry_point -o /tmp/boazapp-acceptance-snapshot-sim/Build/Intermediates.noindex/boazapp.build/Debug-iphonesimulator/boazapp.build/Objects-normal/x86_64/Binary/boazapp.debug.dylib

SwiftDriverJobDiscovery normal arm64 Compiling DashboardModel.swift (in target 'boazapp' from project 'boazapp')

SwiftDriverJobDiscovery normal arm64 Compiling HealthKitManager.swift (in target 'boazapp' from project 'boazapp')

SwiftExplicitDependencyGeneratePcm x86_64 /tmp/boazapp-acceptance-snapshot-sim/Build/Intermediates.noindex/SwiftExplicitPrecompiledModules/XCUIAutomation-BJOQ1A8UL3QG1Q8SLPCQGACNK.pcm

SwiftExplicitDependencyGeneratePcm arm64 /tmp/boazapp-acceptance-snapshot-sim/Build/Intermediates.noindex/SwiftExplicitPrecompiledModules/XCUIAutomation-50Q07HHPNTKKOK7T0A350ACA6.pcm

ConstructStubExecutorLinkFileList /tmp/boazapp-acceptance-snapshot-sim/Build/Intermediates.noindex/boazapp.build/Debug-iphonesimulator/boazapp.build/boazapp-ExecutorLinkFileList-normal-x86_64.txt (in target 'boazapp' from project 'boazapp')
    cd /tmp/boazapp-acceptance-source
    construct-stub-executor-link-file-list /tmp/boazapp-acceptance-snapshot-sim/Build/Intermediates.noindex/boazapp.build/Debug-iphonesimulator/boazapp.build/Objects-normal/x86_64/Binary/boazapp.debug.dylib /Applications/Xcode.app/Contents/Developer/Platforms/iPhoneSimulator.platform/Developer/usr/lib/libPreviewsJITStubExecutor_no_swift_entry_point.a /Applications/Xcode.app/Contents/Developer/Platforms/iPhoneSimulator.platform/Developer/usr/lib/libPreviewsJITStubExecutor.a --output /tmp/boazapp-acceptance-snapshot-sim/Build/Intermediates.noindex/boazapp.build/Debug-iphonesimulator/boazapp.build/boazapp-ExecutorLinkFileList-normal-x86_64.txt
note: Using stub executor library with Swift entry point. (in target 'boazapp' from project 'boazapp')

SwiftExplicitDependencyCompileModuleFromInterface x86_64 /tmp/boazapp-acceptance-snapshot-sim/Build/Intermediates.noindex/SwiftExplicitPrecompiledModules/XCUIAutomation-3QP66KBTLZC68.swiftmodule

SwiftExplicitDependencyGeneratePcm x86_64 /tmp/boazapp-acceptance-snapshot-sim/Build/Intermediates.noindex/SwiftExplicitPrecompiledModules/XCTest-3T675KH09ZB1N3N8RQ7BFQ4S0.pcm

SwiftExplicitDependencyCompileModuleFromInterface arm64 /tmp/boazapp-acceptance-snapshot-sim/Build/Intermediates.noindex/SwiftExplicitPrecompiledModules/XCUIAutomation-3HYYIYD1BWWR9.swiftmodule

SwiftExplicitDependencyGeneratePcm arm64 /tmp/boazapp-acceptance-snapshot-sim/Build/Intermediates.noindex/SwiftExplicitPrecompiledModules/XCTest-7I67MB483J2HYG5O1NGHS7ARE.pcm

SwiftDriverJobDiscovery normal arm64 Compiling AppConfiguration.swift, BoazApp.swift (in target 'boazapp' from project 'boazapp')

SwiftExplicitDependencyCompileModuleFromInterface x86_64 /tmp/boazapp-acceptance-snapshot-sim/Build/Intermediates.noindex/SwiftExplicitPrecompiledModules/XCTest-1SDEZ0TM66Q0Q.swiftmodule

SwiftExplicitDependencyCompileModuleFromInterface arm64 /tmp/boazapp-acceptance-snapshot-sim/Build/Intermediates.noindex/SwiftExplicitPrecompiledModules/XCTest-30KO99ZL5JZQV.swiftmodule

SwiftDriverJobDiscovery normal arm64 Compiling SyncAuditSheet.swift (in target 'boazapp' from project 'boazapp')

SwiftDriverJobDiscovery normal arm64 Compiling BoazDesign.swift (in target 'boazapp' from project 'boazapp')

SwiftDriverJobDiscovery normal arm64 Compiling MainDashboardView.swift (in target 'boazapp' from project 'boazapp')

SwiftDriverJobDiscovery normal arm64 Compiling HealthSettingsSheet.swift (in target 'boazapp' from project 'boazapp')

SwiftEmitModule normal arm64 Emitting\ module\ for\ boazappTests (in target 'boazappTests' from project 'boazapp')

SwiftCompile normal arm64 (in target 'boazappTests' from project 'boazapp')
    cd /tmp/boazapp-acceptance-source
    

SwiftCompile normal arm64 Compiling\ LocalLedgerTests.swift /tmp/boazapp-acceptance-source/Tests/LocalLedgerTests.swift (in target 'boazappTests' from project 'boazapp')

SwiftCompile normal arm64 /tmp/boazapp-acceptance-source/Tests/LocalLedgerTests.swift (in target 'boazappTests' from project 'boazapp')
    cd /tmp/boazapp-acceptance-source
    builtin-SwiftPerFileCompile LocalLedgerTests.swift

SwiftCompile normal arm64 Compiling\ WorkoutDetailDispatcherTests.swift /tmp/boazapp-acceptance-source/Tests/WorkoutDetailDispatcherTests.swift (in target 'boazappTests' from project 'boazapp')

SwiftCompile normal arm64 /tmp/boazapp-acceptance-source/Tests/WorkoutDetailDispatcherTests.swift (in target 'boazappTests' from project 'boazapp')
    cd /tmp/boazapp-acceptance-source
    builtin-SwiftPerFileCompile WorkoutDetailDispatcherTests.swift

SwiftCompile normal arm64 Compiling\ ActivityDayTests.swift /tmp/boazapp-acceptance-source/Tests/ActivityDayTests.swift (in target 'boazappTests' from project 'boazapp')

SwiftCompile normal arm64 /tmp/boazapp-acceptance-source/Tests/ActivityDayTests.swift (in target 'boazappTests' from project 'boazapp')
    cd /tmp/boazapp-acceptance-source
    builtin-SwiftPerFileCompile ActivityDayTests.swift

SwiftCompile normal arm64 Compiling\ SleepAnalyzerTests.swift /tmp/boazapp-acceptance-source/Tests/SleepAnalyzerTests.swift (in target 'boazappTests' from project 'boazapp')

SwiftCompile normal arm64 /tmp/boazapp-acceptance-source/Tests/SleepAnalyzerTests.swift (in target 'boazappTests' from project 'boazapp')
    cd /tmp/boazapp-acceptance-source
    builtin-SwiftPerFileCompile SleepAnalyzerTests.swift

SwiftCompile normal arm64 Compiling\ HealthUnitTests.swift /tmp/boazapp-acceptance-source/Tests/HealthUnitTests.swift (in target 'boazappTests' from project 'boazapp')

SwiftCompile normal arm64 /tmp/boazapp-acceptance-source/Tests/HealthUnitTests.swift (in target 'boazappTests' from project 'boazapp')
    cd /tmp/boazapp-acceptance-source
    builtin-SwiftPerFileCompile HealthUnitTests.swift

SwiftCompile normal arm64 Compiling\ SleepVitalWindowTests.swift /tmp/boazapp-acceptance-source/Tests/SleepVitalWindowTests.swift (in target 'boazappTests' from project 'boazapp')

SwiftCompile normal arm64 /tmp/boazapp-acceptance-source/Tests/SleepVitalWindowTests.swift (in target 'boazappTests' from project 'boazapp')
    cd /tmp/boazapp-acceptance-source
    builtin-SwiftPerFileCompile SleepVitalWindowTests.swift

SwiftCompile normal arm64 Compiling\ TokyoEndpointTests.swift /tmp/boazapp-acceptance-source/Tests/TokyoEndpointTests.swift (in target 'boazappTests' from project 'boazapp')

SwiftCompile normal arm64 /tmp/boazapp-acceptance-source/Tests/TokyoEndpointTests.swift (in target 'boazappTests' from project 'boazapp')
    cd /tmp/boazapp-acceptance-source
    builtin-SwiftPerFileCompile TokyoEndpointTests.swift

SwiftCompile normal arm64 Compiling\ SleepHistoryTests.swift /tmp/boazapp-acceptance-source/Tests/SleepHistoryTests.swift (in target 'boazappTests' from project 'boazapp')

SwiftCompile normal arm64 /tmp/boazapp-acceptance-source/Tests/SleepHistoryTests.swift (in target 'boazappTests' from project 'boazapp')
    cd /tmp/boazapp-acceptance-source
    builtin-SwiftPerFileCompile SleepHistoryTests.swift

SwiftCompile normal x86_64 Compiling\ TokyoEndpointTests.swift /tmp/boazapp-acceptance-source/Tests/TokyoEndpointTests.swift (in target 'boazappTests' from project 'boazapp')

SwiftCompile normal x86_64 /tmp/boazapp-acceptance-source/Tests/TokyoEndpointTests.swift (in target 'boazappTests' from project 'boazapp')
    cd /tmp/boazapp-acceptance-source
    builtin-SwiftPerFileCompile TokyoEndpointTests.swift

SwiftCompile normal x86_64 Compiling\ SleepAnalyzerTests.swift /tmp/boazapp-acceptance-source/Tests/SleepAnalyzerTests.swift (in target 'boazappTests' from project 'boazapp')

SwiftCompile normal x86_64 /tmp/boazapp-acceptance-source/Tests/SleepAnalyzerTests.swift (in target 'boazappTests' from project 'boazapp')
    cd /tmp/boazapp-acceptance-source
    builtin-SwiftPerFileCompile SleepAnalyzerTests.swift

SwiftCompile normal x86_64 Compiling\ ActivityDayTests.swift /tmp/boazapp-acceptance-source/Tests/ActivityDayTests.swift (in target 'boazappTests' from project 'boazapp')

SwiftCompile normal x86_64 /tmp/boazapp-acceptance-source/Tests/ActivityDayTests.swift (in target 'boazappTests' from project 'boazapp')
    cd /tmp/boazapp-acceptance-source
    builtin-SwiftPerFileCompile ActivityDayTests.swift

SwiftEmitModule normal x86_64 Emitting\ module\ for\ boazappTests (in target 'boazappTests' from project 'boazapp')

SwiftCompile normal x86_64 (in target 'boazappTests' from project 'boazapp')
    cd /tmp/boazapp-acceptance-source
    

SwiftCompile normal x86_64 Compiling\ SleepHistoryTests.swift /tmp/boazapp-acceptance-source/Tests/SleepHistoryTests.swift (in target 'boazappTests' from project 'boazapp')

SwiftCompile normal x86_64 /tmp/boazapp-acceptance-source/Tests/SleepHistoryTests.swift (in target 'boazappTests' from project 'boazapp')
    cd /tmp/boazapp-acceptance-source
    builtin-SwiftPerFileCompile SleepHistoryTests.swift

SwiftCompile normal x86_64 Compiling\ WorkoutDetailDispatcherTests.swift /tmp/boazapp-acceptance-source/Tests/WorkoutDetailDispatcherTests.swift (in target 'boazappTests' from project 'boazapp')

SwiftCompile normal x86_64 /tmp/boazapp-acceptance-source/Tests/WorkoutDetailDispatcherTests.swift (in target 'boazappTests' from project 'boazapp')
    cd /tmp/boazapp-acceptance-source
    builtin-SwiftPerFileCompile WorkoutDetailDispatcherTests.swift

SwiftCompile normal x86_64 Compiling\ HealthUnitTests.swift /tmp/boazapp-acceptance-source/Tests/HealthUnitTests.swift (in target 'boazappTests' from project 'boazapp')

SwiftCompile normal x86_64 /tmp/boazapp-acceptance-source/Tests/HealthUnitTests.swift (in target 'boazappTests' from project 'boazapp')
    cd /tmp/boazapp-acceptance-source
    builtin-SwiftPerFileCompile HealthUnitTests.swift

SwiftCompile normal x86_64 Compiling\ SleepVitalWindowTests.swift /tmp/boazapp-acceptance-source/Tests/SleepVitalWindowTests.swift (in target 'boazappTests' from project 'boazapp')

SwiftCompile normal x86_64 /tmp/boazapp-acceptance-source/Tests/SleepVitalWindowTests.swift (in target 'boazappTests' from project 'boazapp')
    cd /tmp/boazapp-acceptance-source
    builtin-SwiftPerFileCompile SleepVitalWindowTests.swift

SwiftCompile normal x86_64 Compiling\ LocalLedgerTests.swift /tmp/boazapp-acceptance-source/Tests/LocalLedgerTests.swift (in target 'boazappTests' from project 'boazapp')

SwiftCompile normal x86_64 /tmp/boazapp-acceptance-source/Tests/LocalLedgerTests.swift (in target 'boazappTests' from project 'boazapp')
    cd /tmp/boazapp-acceptance-source
    builtin-SwiftPerFileCompile LocalLedgerTests.swift

SwiftDriverJobDiscovery normal arm64 Compiling HealthSections.swift (in target 'boazapp' from project 'boazapp')

SwiftDriver\ Compilation boazapp normal arm64 com.apple.xcode.tools.swift.compiler (in target 'boazapp' from project 'boazapp')
    cd /tmp/boazapp-acceptance-source
    builtin-Swift-Compilation -- /Applications/Xcode.app/Contents/Developer/Toolchains/XcodeDefault.xctoolchain/usr/bin/swiftc -module-name boazapp -Onone @/tmp/boazapp-acceptance-snapshot-sim/Build/Intermediates.noindex/boazapp.build/Debug-iphonesimulator/boazapp.build/Objects-normal/arm64/boazapp.SwiftFileList -enable-experimental-feature DebugDescriptionMacro -sdk /Applications/Xcode.app/Contents/Developer/Platforms/iPhoneSimulator.platform/Developer/SDKs/iPhoneSimulator27.0.sdk -target arm64-apple-ios17.0-simulator -g -module-cache-path /tmp/boazapp-acceptance-snapshot-sim/ModuleCache.noindex -Xfrontend -serialize-debugging-options -enable-testing -index-store-path /tmp/boazapp-acceptance-snapshot-sim/Index.noindex/DataStore -swift-version 6 -I /tmp/boazapp-acceptance-snapshot-sim/Build/Products/Debug-iphonesimulator -F /tmp/boazapp-acceptance-snapshot-sim/Build/Products/Debug-iphonesimulator -emit-localized-strings -emit-localized-strings-path /tmp/boazapp-acceptance-snapshot-sim/Build/Intermediates.noindex/boazapp.build/Debug-iphonesimulator/boazapp.build/Objects-normal/arm64 -c -j18 -enable-batch-mode -incremental -Xcc -ivfsstatcache -Xcc /tmp/boazapp-acceptance-snapshot-sim/SDKStatCaches.noindex/iphonesimulator27.0-24A430-8dc58220667be655e1bcc261a7455254.sdkstatcache -output-file-map /tmp/boazapp-acceptance-snapshot-sim/Build/Intermediates.noindex/boazapp.build/Debug-iphonesimulator/boazapp.build/Objects-normal/arm64/boazapp-OutputFileMap.json -save-temps -no-color-diagnostics -explicit-module-build -module-cache-path /tmp/boazapp-acceptance-snapshot-sim/Build/Intermediates.noindex/SwiftExplicitPrecompiledModules -clang-scanner-module-cache-path /tmp/boazapp-acceptance-snapshot-sim/ModuleCache.noindex -sdk-module-cache-path /tmp/boazapp-acceptance-snapshot-sim/SDKExplicitPrecompiledModules -emit-dependencies -emit-module -emit-module-path /tmp/boazapp-acceptance-snapshot-sim/Build/Intermediates.noindex/boazapp.build/Debug-iphonesimulator/boazapp.build/Objects-normal/arm64/boazapp.swiftmodule -serialize-diagnostics -dependency-scan-serialize-diagnostics-path /tmp/boazapp-acceptance-snapshot-sim/Build/Intermediates.noindex/boazapp.build/Debug-iphonesimulator/boazapp.build/Objects-normal/arm64/boazapp-dependency-scan.dia -validate-clang-modules-once -clang-build-session-file /tmp/boazapp-acceptance-snapshot-sim/ModuleCache.noindex/Session.modulevalidation -Xcc -fmodules-prune-interval\=86400 -Xcc -fmodules-prune-after\=345600 -emit-const-values -const-gather-protocols-list /tmp/boazapp-acceptance-snapshot-sim/Build/Intermediates.noindex/boazapp.build/Debug-iphonesimulator/boazapp.build/Objects-normal/arm64/boazapp_const_extract_protocols.json -Xcc -iquote -Xcc /tmp/boazapp-acceptance-snapshot-sim/Build/Intermediates.noindex/boazapp.build/Debug-iphonesimulator/boazapp.build/boazapp-generated-files.hmap -Xcc -I/tmp/boazapp-acceptance-snapshot-sim/Build/Intermediates.noindex/boazapp.build/Debug-iphonesimulator/boazapp.build/boazapp-own-target-headers.hmap -Xcc -I/tmp/boazapp-acceptance-snapshot-sim/Build/Intermediates.noindex/boazapp.build/Debug-iphonesimulator/boazapp.build/boazapp-all-target-headers.hmap -Xcc -iquote -Xcc /tmp/boazapp-acceptance-snapshot-sim/Build/Intermediates.noindex/boazapp.build/Debug-iphonesimulator/boazapp.build/boazapp-project-headers.hmap -Xcc -I/tmp/boazapp-acceptance-snapshot-sim/Build/Products/Debug-iphonesimulator/include -Xcc -I/tmp/boazapp-acceptance-snapshot-sim/Build/Intermediates.noindex/boazapp.build/Debug-iphonesimulator/boazapp.build/DerivedSources-normal/arm64 -Xcc -I/tmp/boazapp-acceptance-snapshot-sim/Build/Intermediates.noindex/boazapp.build/Debug-iphonesimulator/boazapp.build/DerivedSources/arm64 -Xcc -I/tmp/boazapp-acceptance-snapshot-sim/Build/Intermediates.noindex/boazapp.build/Debug-iphonesimulator/boazapp.build/DerivedSources -emit-objc-header -emit-objc-header-path /tmp/boazapp-acceptance-snapshot-sim/Build/Intermediates.noindex/boazapp.build/Debug-iphonesimulator/boazapp.build/Objects-normal/arm64/boazapp-Swift.h -working-directory /tmp/boazapp-acceptance-source -experimental-emit-module-separately -disable-cmo

SwiftDriverJobDiscovery normal x86_64 Emitting module for boazappTests (in target 'boazappTests' from project 'boazapp')

SwiftDriver\ Compilation\ Requirements boazappTests normal x86_64 com.apple.xcode.tools.swift.compiler (in target 'boazappTests' from project 'boazapp')
    cd /tmp/boazapp-acceptance-source
    builtin-Swift-Compilation-Requirements -- /Applications/Xcode.app/Contents/Developer/Toolchains/XcodeDefault.xctoolchain/usr/bin/swiftc -module-name boazappTests -Onone @/tmp/boazapp-acceptance-snapshot-sim/Build/Intermediates.noindex/boazapp.build/Debug-iphonesimulator/boazappTests.build/Objects-normal/x86_64/boazappTests.SwiftFileList -plugin-path /Applications/Xcode.app/Contents/Developer/Toolchains/XcodeDefault.xctoolchain/usr/lib/swift/host/plugins/testing -enable-experimental-feature DebugDescriptionMacro -sdk /Applications/Xcode.app/Contents/Developer/Platforms/iPhoneSimulator.platform/Developer/SDKs/iPhoneSimulator27.0.sdk -target x86_64-apple-ios17.0-simulator -g -module-cache-path /tmp/boazapp-acceptance-snapshot-sim/ModuleCache.noindex -Xfrontend -serialize-debugging-options -index-store-path /tmp/boazapp-acceptance-snapshot-sim/Index.noindex/DataStore -swift-version 6 -I /tmp/boazapp-acceptance-snapshot-sim/Build/Products/Debug-iphonesimulator -Isystem /Applications/Xcode.app/Contents/Developer/Platforms/iPhoneSimulator.platform/Developer/usr/lib -F /tmp/boazapp-acceptance-snapshot-sim/Build/Products/Debug-iphonesimulator -F /Applications/Xcode.app/Contents/Developer/Platforms/iPhoneSimulator.platform/Developer/Library/Frameworks -F /Applications/Xcode.app/Contents/Developer/Platforms/iPhoneSimulator.platform/Developer/SDKs/iPhoneSimulator27.0.sdk/Developer/Library/Frameworks -emit-localized-strings -emit-localized-strings-path /tmp/boazapp-acceptance-snapshot-sim/Build/Intermediates.noindex/boazapp.build/Debug-iphonesimulator/boazappTests.build/Objects-normal/x86_64 -c -j18 -enable-batch-mode -incremental -Xcc -ivfsstatcache -Xcc /tmp/boazapp-acceptance-snapshot-sim/SDKStatCaches.noindex/iphonesimulator27.0-24A430-8dc58220667be655e1bcc261a7455254.sdkstatcache -output-file-map /tmp/boazapp-acceptance-snapshot-sim/Build/Intermediates.noindex/boazapp.build/Debug-iphonesimulator/boazappTests.build/Objects-normal/x86_64/boazappTests-OutputFileMap.json -save-temps -no-color-diagnostics -explicit-module-build -module-cache-path /tmp/boazapp-acceptance-snapshot-sim/Build/Intermediates.noindex/SwiftExplicitPrecompiledModules -clang-scanner-module-cache-path /tmp/boazapp-acceptance-snapshot-sim/ModuleCache.noindex -sdk-module-cache-path /tmp/boazapp-acceptance-snapshot-sim/SDKExplicitPrecompiledModules -emit-dependencies -emit-module -emit-module-path /tmp/boazapp-acceptance-snapshot-sim/Build/Intermediates.noindex/boazapp.build/Debug-iphonesimulator/boazappTests.build/Objects-normal/x86_64/boazappTests.swiftmodule -serialize-diagnostics -dependency-scan-serialize-diagnostics-path /tmp/boazapp-acceptance-snapshot-sim/Build/Intermediates.noindex/boazapp.build/Debug-iphonesimulator/boazappTests.build/Objects-normal/x86_64/boazappTests-dependency-scan.dia -validate-clang-modules-once -clang-build-session-file /tmp/boazapp-acceptance-snapshot-sim/ModuleCache.noindex/Session.modulevalidation -Xcc -fmodules-prune-interval\=86400 -Xcc -fmodules-prune-after\=345600 -emit-const-values -const-gather-protocols-list /tmp/boazapp-acceptance-snapshot-sim/Build/Intermediates.noindex/boazapp.build/Debug-iphonesimulator/boazappTests.build/Objects-normal/x86_64/boazappTests_const_extract_protocols.json -Xcc -iquote -Xcc /tmp/boazapp-acceptance-snapshot-sim/Build/Intermediates.noindex/boazapp.build/Debug-iphonesimulator/boazappTests.build/boazappTests-generated-files.hmap -Xcc -I/tmp/boazapp-acceptance-snapshot-sim/Build/Intermediates.noindex/boazapp.build/Debug-iphonesimulator/boazappTests.build/boazappTests-own-target-headers.hmap -Xcc -I/tmp/boazapp-acceptance-snapshot-sim/Build/Intermediates.noindex/boazapp.build/Debug-iphonesimulator/boazappTests.build/boazappTests-all-target-headers.hmap -Xcc -iquote -Xcc /tmp/boazapp-acceptance-snapshot-sim/Build/Intermediates.noindex/boazapp.build/Debug-iphonesimulator/boazappTests.build/boazappTests-project-headers.hmap -Xcc -I/tmp/boazapp-acceptance-snapshot-sim/Build/Products/Debug-iphonesimulator/include -Xcc -I/tmp/boazapp-acceptance-snapshot-sim/Build/Intermediates.noindex/boazapp.build/Debug-iphonesimulator/boazappTests.build/DerivedSources-normal/x86_64 -Xcc -I/tmp/boazapp-acceptance-snapshot-sim/Build/Intermediates.noindex/boazapp.build/Debug-iphonesimulator/boazappTests.build/DerivedSources/x86_64 -Xcc -I/tmp/boazapp-acceptance-snapshot-sim/Build/Intermediates.noindex/boazapp.build/Debug-iphonesimulator/boazappTests.build/DerivedSources -emit-objc-header -emit-objc-header-path /tmp/boazapp-acceptance-snapshot-sim/Build/Intermediates.noindex/boazapp.build/Debug-iphonesimulator/boazappTests.build/Objects-normal/x86_64/boazappTests-Swift.h -working-directory /tmp/boazapp-acceptance-source -experimental-emit-module-separately -disable-cmo

Ld /tmp/boazapp-acceptance-snapshot-sim/Build/Intermediates.noindex/boazapp.build/Debug-iphonesimulator/boazapp.build/Objects-normal/arm64/Binary/boazapp.debug.dylib normal arm64 (in target 'boazapp' from project 'boazapp')
    cd /tmp/boazapp-acceptance-source
    /Applications/Xcode.app/Contents/Developer/Toolchains/XcodeDefault.xctoolchain/usr/bin/clang -Xlinker -reproducible -target arm64-apple-ios17.0-simulator -dynamiclib -isysroot /Applications/Xcode.app/Contents/Developer/Platforms/iPhoneSimulator.platform/Developer/SDKs/iPhoneSimulator27.0.sdk -Os -Xlinker -no_warn_duplicate_libraries -L/tmp/boazapp-acceptance-snapshot-sim/Build/Intermediates.noindex/EagerLinkingTBDs/Debug-iphonesimulator -L/tmp/boazapp-acceptance-snapshot-sim/Build/Products/Debug-iphonesimulator -F/tmp/boazapp-acceptance-snapshot-sim/Build/Intermediates.noindex/EagerLinkingTBDs/Debug-iphonesimulator -F/tmp/boazapp-acceptance-snapshot-sim/Build/Products/Debug-iphonesimulator -filelist /tmp/boazapp-acceptance-snapshot-sim/Build/Intermediates.noindex/boazapp.build/Debug-iphonesimulator/boazapp.build/Objects-normal/arm64/boazapp.LinkFileList -install_name @rpath/boazapp.debug.dylib -Xlinker -rpath -Xlinker /usr/lib/swift -Xlinker -dead_strip -Xlinker -object_path_lto -Xlinker /tmp/boazapp-acceptance-snapshot-sim/Build/Intermediates.noindex/boazapp.build/Debug-iphonesimulator/boazapp.build/Objects-normal/arm64/boazapp_lto.o -rdynamic -Xlinker -objc_abi_version -Xlinker 2 -Xlinker -dependency_info -Xlinker /tmp/boazapp-acceptance-snapshot-sim/Build/Intermediates.noindex/boazapp.build/Debug-iphonesimulator/boazapp.build/Objects-normal/arm64/boazapp_dependency_info.dat -fobjc-link-runtime -L/Applications/Xcode.app/Contents/Developer/Toolchains/XcodeDefault.xctoolchain/usr/lib/swift/iphonesimulator -L/usr/lib/swift -Xlinker -add_ast_path -Xlinker /tmp/boazapp-acceptance-snapshot-sim/Build/Intermediates.noindex/boazapp.build/Debug-iphonesimulator/boazapp.build/Objects-normal/arm64/boazapp.swiftmodule -lsqlite3 -Xlinker -alias -Xlinker _main -Xlinker ___debug_main_executable_dylib_entry_point -o /tmp/boazapp-acceptance-snapshot-sim/Build/Intermediates.noindex/boazapp.build/Debug-iphonesimulator/boazapp.build/Objects-normal/arm64/Binary/boazapp.debug.dylib

SwiftDriverJobDiscovery normal arm64 Emitting module for boazappTests (in target 'boazappTests' from project 'boazapp')

Copy /tmp/boazapp-acceptance-snapshot-sim/Build/Products/Debug-iphonesimulator/boazappTests.swiftmodule/x86_64-apple-ios-simulator.swiftmodule /tmp/boazapp-acceptance-snapshot-sim/Build/Intermediates.noindex/boazapp.build/Debug-iphonesimulator/boazappTests.build/Objects-normal/x86_64/boazappTests.swiftmodule (in target 'boazappTests' from project 'boazapp')
    cd /tmp/boazapp-acceptance-source
    builtin-copy -exclude .DS_Store -exclude CVS -exclude .svn -exclude .git -exclude .hg -strip-unsigned-binaries -strip-deterministic -strip-tool /Applications/Xcode.app/Contents/Developer/Toolchains/XcodeDefault.xctoolchain/usr/bin/strip -resolve-src-symlinks -rename /tmp/boazapp-acceptance-snapshot-sim/Build/Intermediates.noindex/boazapp.build/Debug-iphonesimulator/boazappTests.build/Objects-normal/x86_64/boazappTests.swiftmodule /tmp/boazapp-acceptance-snapshot-sim/Build/Products/Debug-iphonesimulator/boazappTests.swiftmodule/x86_64-apple-ios-simulator.swiftmodule

SwiftDriver\ Compilation\ Requirements boazappTests normal arm64 com.apple.xcode.tools.swift.compiler (in target 'boazappTests' from project 'boazapp')
    cd /tmp/boazapp-acceptance-source
    builtin-Swift-Compilation-Requirements -- /Applications/Xcode.app/Contents/Developer/Toolchains/XcodeDefault.xctoolchain/usr/bin/swiftc -module-name boazappTests -Onone @/tmp/boazapp-acceptance-snapshot-sim/Build/Intermediates.noindex/boazapp.build/Debug-iphonesimulator/boazappTests.build/Objects-normal/arm64/boazappTests.SwiftFileList -plugin-path /Applications/Xcode.app/Contents/Developer/Toolchains/XcodeDefault.xctoolchain/usr/lib/swift/host/plugins/testing -enable-experimental-feature DebugDescriptionMacro -sdk /Applications/Xcode.app/Contents/Developer/Platforms/iPhoneSimulator.platform/Developer/SDKs/iPhoneSimulator27.0.sdk -target arm64-apple-ios17.0-simulator -g -module-cache-path /tmp/boazapp-acceptance-snapshot-sim/ModuleCache.noindex -Xfrontend -serialize-debugging-options -index-store-path /tmp/boazapp-acceptance-snapshot-sim/Index.noindex/DataStore -swift-version 6 -I /tmp/boazapp-acceptance-snapshot-sim/Build/Products/Debug-iphonesimulator -Isystem /Applications/Xcode.app/Contents/Developer/Platforms/iPhoneSimulator.platform/Developer/usr/lib -F /tmp/boazapp-acceptance-snapshot-sim/Build/Products/Debug-iphonesimulator -F /Applications/Xcode.app/Contents/Developer/Platforms/iPhoneSimulator.platform/Developer/Library/Frameworks -F /Applications/Xcode.app/Contents/Developer/Platforms/iPhoneSimulator.platform/Developer/SDKs/iPhoneSimulator27.0.sdk/Developer/Library/Frameworks -emit-localized-strings -emit-localized-strings-path /tmp/boazapp-acceptance-snapshot-sim/Build/Intermediates.noindex/boazapp.build/Debug-iphonesimulator/boazappTests.build/Objects-normal/arm64 -c -j18 -enable-batch-mode -incremental -Xcc -ivfsstatcache -Xcc /tmp/boazapp-acceptance-snapshot-sim/SDKStatCaches.noindex/iphonesimulator27.0-24A430-8dc58220667be655e1bcc261a7455254.sdkstatcache -output-file-map /tmp/boazapp-acceptance-snapshot-sim/Build/Intermediates.noindex/boazapp.build/Debug-iphonesimulator/boazappTests.build/Objects-normal/arm64/boazappTests-OutputFileMap.json -save-temps -no-color-diagnostics -explicit-module-build -module-cache-path /tmp/boazapp-acceptance-snapshot-sim/Build/Intermediates.noindex/SwiftExplicitPrecompiledModules -clang-scanner-module-cache-path /tmp/boazapp-acceptance-snapshot-sim/ModuleCache.noindex -sdk-module-cache-path /tmp/boazapp-acceptance-snapshot-sim/SDKExplicitPrecompiledModules -emit-dependencies -emit-module -emit-module-path /tmp/boazapp-acceptance-snapshot-sim/Build/Intermediates.noindex/boazapp.build/Debug-iphonesimulator/boazappTests.build/Objects-normal/arm64/boazappTests.swiftmodule -serialize-diagnostics -dependency-scan-serialize-diagnostics-path /tmp/boazapp-acceptance-snapshot-sim/Build/Intermediates.noindex/boazapp.build/Debug-iphonesimulator/boazappTests.build/Objects-normal/arm64/boazappTests-dependency-scan.dia -validate-clang-modules-once -clang-build-session-file /tmp/boazapp-acceptance-snapshot-sim/ModuleCache.noindex/Session.modulevalidation -Xcc -fmodules-prune-interval\=86400 -Xcc -fmodules-prune-after\=345600 -emit-const-values -const-gather-protocols-list /tmp/boazapp-acceptance-snapshot-sim/Build/Intermediates.noindex/boazapp.build/Debug-iphonesimulator/boazappTests.build/Objects-normal/arm64/boazappTests_const_extract_protocols.json -Xcc -iquote -Xcc /tmp/boazapp-acceptance-snapshot-sim/Build/Intermediates.noindex/boazapp.build/Debug-iphonesimulator/boazappTests.build/boazappTests-generated-files.hmap -Xcc -I/tmp/boazapp-acceptance-snapshot-sim/Build/Intermediates.noindex/boazapp.build/Debug-iphonesimulator/boazappTests.build/boazappTests-own-target-headers.hmap -Xcc -I/tmp/boazapp-acceptance-snapshot-sim/Build/Intermediates.noindex/boazapp.build/Debug-iphonesimulator/boazappTests.build/boazappTests-all-target-headers.hmap -Xcc -iquote -Xcc /tmp/boazapp-acceptance-snapshot-sim/Build/Intermediates.noindex/boazapp.build/Debug-iphonesimulator/boazappTests.build/boazappTests-project-headers.hmap -Xcc -I/tmp/boazapp-acceptance-snapshot-sim/Build/Products/Debug-iphonesimulator/include -Xcc -I/tmp/boazapp-acceptance-snapshot-sim/Build/Intermediates.noindex/boazapp.build/Debug-iphonesimulator/boazappTests.build/DerivedSources-normal/arm64 -Xcc -I/tmp/boazapp-acceptance-snapshot-sim/Build/Intermediates.noindex/boazapp.build/Debug-iphonesimulator/boazappTests.build/DerivedSources/arm64 -Xcc -I/tmp/boazapp-acceptance-snapshot-sim/Build/Intermediates.noindex/boazapp.build/Debug-iphonesimulator/boazappTests.build/DerivedSources -emit-objc-header -emit-objc-header-path /tmp/boazapp-acceptance-snapshot-sim/Build/Intermediates.noindex/boazapp.build/Debug-iphonesimulator/boazappTests.build/Objects-normal/arm64/boazappTests-Swift.h -working-directory /tmp/boazapp-acceptance-source -experimental-emit-module-separately -disable-cmo

Copy /tmp/boazapp-acceptance-snapshot-sim/Build/Products/Debug-iphonesimulator/boazappTests.swiftmodule/x86_64-apple-ios-simulator.swiftdoc /tmp/boazapp-acceptance-snapshot-sim/Build/Intermediates.noindex/boazapp.build/Debug-iphonesimulator/boazappTests.build/Objects-normal/x86_64/boazappTests.swiftdoc (in target 'boazappTests' from project 'boazapp')
    cd /tmp/boazapp-acceptance-source
    builtin-copy -exclude .DS_Store -exclude CVS -exclude .svn -exclude .git -exclude .hg -strip-unsigned-binaries -strip-deterministic -strip-tool /Applications/Xcode.app/Contents/Developer/Toolchains/XcodeDefault.xctoolchain/usr/bin/strip -resolve-src-symlinks -rename /tmp/boazapp-acceptance-snapshot-sim/Build/Intermediates.noindex/boazapp.build/Debug-iphonesimulator/boazappTests.build/Objects-normal/x86_64/boazappTests.swiftdoc /tmp/boazapp-acceptance-snapshot-sim/Build/Products/Debug-iphonesimulator/boazappTests.swiftmodule/x86_64-apple-ios-simulator.swiftdoc

SwiftMergeGeneratedHeaders /tmp/boazapp-acceptance-snapshot-sim/Build/Intermediates.noindex/boazapp.build/Debug-iphonesimulator/boazappTests.build/DerivedSources/boazappTests-Swift.h /tmp/boazapp-acceptance-snapshot-sim/Build/Intermediates.noindex/boazapp.build/Debug-iphonesimulator/boazappTests.build/Objects-normal/arm64/boazappTests-Swift.h /tmp/boazapp-acceptance-snapshot-sim/Build/Intermediates.noindex/boazapp.build/Debug-iphonesimulator/boazappTests.build/Objects-normal/x86_64/boazappTests-Swift.h (in target 'boazappTests' from project 'boazapp')
    cd /tmp/boazapp-acceptance-source
    builtin-swiftHeaderTool -arch arm64 /tmp/boazapp-acceptance-snapshot-sim/Build/Intermediates.noindex/boazapp.build/Debug-iphonesimulator/boazappTests.build/Objects-normal/arm64/boazappTests-Swift.h -arch x86_64 /tmp/boazapp-acceptance-snapshot-sim/Build/Intermediates.noindex/boazapp.build/Debug-iphonesimulator/boazappTests.build/Objects-normal/x86_64/boazappTests-Swift.h -o /tmp/boazapp-acceptance-snapshot-sim/Build/Intermediates.noindex/boazapp.build/Debug-iphonesimulator/boazappTests.build/DerivedSources/boazappTests-Swift.h

Copy /tmp/boazapp-acceptance-snapshot-sim/Build/Products/Debug-iphonesimulator/boazappTests.swiftmodule/x86_64-apple-ios-simulator.abi.json /tmp/boazapp-acceptance-snapshot-sim/Build/Intermediates.noindex/boazapp.build/Debug-iphonesimulator/boazappTests.build/Objects-normal/x86_64/boazappTests.abi.json (in target 'boazappTests' from project 'boazapp')
    cd /tmp/boazapp-acceptance-source
    builtin-copy -exclude .DS_Store -exclude CVS -exclude .svn -exclude .git -exclude .hg -strip-unsigned-binaries -strip-deterministic -strip-tool /Applications/Xcode.app/Contents/Developer/Toolchains/XcodeDefault.xctoolchain/usr/bin/strip -resolve-src-symlinks -rename /tmp/boazapp-acceptance-snapshot-sim/Build/Intermediates.noindex/boazapp.build/Debug-iphonesimulator/boazappTests.build/Objects-normal/x86_64/boazappTests.abi.json /tmp/boazapp-acceptance-snapshot-sim/Build/Products/Debug-iphonesimulator/boazappTests.swiftmodule/x86_64-apple-ios-simulator.abi.json

Copy /tmp/boazapp-acceptance-snapshot-sim/Build/Products/Debug-iphonesimulator/boazappTests.swiftmodule/arm64-apple-ios-simulator.swiftmodule /tmp/boazapp-acceptance-snapshot-sim/Build/Intermediates.noindex/boazapp.build/Debug-iphonesimulator/boazappTests.build/Objects-normal/arm64/boazappTests.swiftmodule (in target 'boazappTests' from project 'boazapp')
    cd /tmp/boazapp-acceptance-source
    builtin-copy -exclude .DS_Store -exclude CVS -exclude .svn -exclude .git -exclude .hg -strip-unsigned-binaries -strip-deterministic -strip-tool /Applications/Xcode.app/Contents/Developer/Toolchains/XcodeDefault.xctoolchain/usr/bin/strip -resolve-src-symlinks -rename /tmp/boazapp-acceptance-snapshot-sim/Build/Intermediates.noindex/boazapp.build/Debug-iphonesimulator/boazappTests.build/Objects-normal/arm64/boazappTests.swiftmodule /tmp/boazapp-acceptance-snapshot-sim/Build/Products/Debug-iphonesimulator/boazappTests.swiftmodule/arm64-apple-ios-simulator.swiftmodule

Copy /tmp/boazapp-acceptance-snapshot-sim/Build/Products/Debug-iphonesimulator/boazappTests.swiftmodule/arm64-apple-ios-simulator.swiftdoc /tmp/boazapp-acceptance-snapshot-sim/Build/Intermediates.noindex/boazapp.build/Debug-iphonesimulator/boazappTests.build/Objects-normal/arm64/boazappTests.swiftdoc (in target 'boazappTests' from project 'boazapp')
    cd /tmp/boazapp-acceptance-source
    builtin-copy -exclude .DS_Store -exclude CVS -exclude .svn -exclude .git -exclude .hg -strip-unsigned-binaries -strip-deterministic -strip-tool /Applications/Xcode.app/Contents/Developer/Toolchains/XcodeDefault.xctoolchain/usr/bin/strip -resolve-src-symlinks -rename /tmp/boazapp-acceptance-snapshot-sim/Build/Intermediates.noindex/boazapp.build/Debug-iphonesimulator/boazappTests.build/Objects-normal/arm64/boazappTests.swiftdoc /tmp/boazapp-acceptance-snapshot-sim/Build/Products/Debug-iphonesimulator/boazappTests.swiftmodule/arm64-apple-ios-simulator.swiftdoc

Copy /tmp/boazapp-acceptance-snapshot-sim/Build/Products/Debug-iphonesimulator/boazappTests.swiftmodule/arm64-apple-ios-simulator.abi.json /tmp/boazapp-acceptance-snapshot-sim/Build/Intermediates.noindex/boazapp.build/Debug-iphonesimulator/boazappTests.build/Objects-normal/arm64/boazappTests.abi.json (in target 'boazappTests' from project 'boazapp')
    cd /tmp/boazapp-acceptance-source
    builtin-copy -exclude .DS_Store -exclude CVS -exclude .svn -exclude .git -exclude .hg -strip-unsigned-binaries -strip-deterministic -strip-tool /Applications/Xcode.app/Contents/Developer/Toolchains/XcodeDefault.xctoolchain/usr/bin/strip -resolve-src-symlinks -rename /tmp/boazapp-acceptance-snapshot-sim/Build/Intermediates.noindex/boazapp.build/Debug-iphonesimulator/boazappTests.build/Objects-normal/arm64/boazappTests.abi.json /tmp/boazapp-acceptance-snapshot-sim/Build/Products/Debug-iphonesimulator/boazappTests.swiftmodule/arm64-apple-ios-simulator.abi.json

Copy /tmp/boazapp-acceptance-snapshot-sim/Build/Products/Debug-iphonesimulator/boazappTests.swiftmodule/Project/x86_64-apple-ios-simulator.swiftsourceinfo /tmp/boazapp-acceptance-snapshot-sim/Build/Intermediates.noindex/boazapp.build/Debug-iphonesimulator/boazappTests.build/Objects-normal/x86_64/boazappTests.swiftsourceinfo (in target 'boazappTests' from project 'boazapp')
    cd /tmp/boazapp-acceptance-source
    builtin-copy -exclude .DS_Store -exclude CVS -exclude .svn -exclude .git -exclude .hg -strip-unsigned-binaries -strip-deterministic -strip-tool /Applications/Xcode.app/Contents/Developer/Toolchains/XcodeDefault.xctoolchain/usr/bin/strip -resolve-src-symlinks -rename /tmp/boazapp-acceptance-snapshot-sim/Build/Intermediates.noindex/boazapp.build/Debug-iphonesimulator/boazappTests.build/Objects-normal/x86_64/boazappTests.swiftsourceinfo /tmp/boazapp-acceptance-snapshot-sim/Build/Products/Debug-iphonesimulator/boazappTests.swiftmodule/Project/x86_64-apple-ios-simulator.swiftsourceinfo

Copy /tmp/boazapp-acceptance-snapshot-sim/Build/Products/Debug-iphonesimulator/boazappTests.swiftmodule/Project/arm64-apple-ios-simulator.swiftsourceinfo /tmp/boazapp-acceptance-snapshot-sim/Build/Intermediates.noindex/boazapp.build/Debug-iphonesimulator/boazappTests.build/Objects-normal/arm64/boazappTests.swiftsourceinfo (in target 'boazappTests' from project 'boazapp')
    cd /tmp/boazapp-acceptance-source
    builtin-copy -exclude .DS_Store -exclude CVS -exclude .svn -exclude .git -exclude .hg -strip-unsigned-binaries -strip-deterministic -strip-tool /Applications/Xcode.app/Contents/Developer/Toolchains/XcodeDefault.xctoolchain/usr/bin/strip -resolve-src-symlinks -rename /tmp/boazapp-acceptance-snapshot-sim/Build/Intermediates.noindex/boazapp.build/Debug-iphonesimulator/boazappTests.build/Objects-normal/arm64/boazappTests.swiftsourceinfo /tmp/boazapp-acceptance-snapshot-sim/Build/Products/Debug-iphonesimulator/boazappTests.swiftmodule/Project/arm64-apple-ios-simulator.swiftsourceinfo

SwiftDriverJobDiscovery normal arm64 Compiling ActivityDayTests.swift (in target 'boazappTests' from project 'boazapp')

SwiftDriverJobDiscovery normal x86_64 Compiling ActivityDayTests.swift (in target 'boazappTests' from project 'boazapp')

SwiftDriverJobDiscovery normal x86_64 Compiling HealthUnitTests.swift (in target 'boazappTests' from project 'boazapp')

SwiftDriverJobDiscovery normal arm64 Compiling HealthUnitTests.swift (in target 'boazappTests' from project 'boazapp')

SwiftDriverJobDiscovery normal arm64 Compiling SleepVitalWindowTests.swift (in target 'boazappTests' from project 'boazapp')

SwiftDriverJobDiscovery normal x86_64 Compiling SleepVitalWindowTests.swift (in target 'boazappTests' from project 'boazapp')

SwiftDriverJobDiscovery normal x86_64 Compiling SleepAnalyzerTests.swift (in target 'boazappTests' from project 'boazapp')

SwiftDriverJobDiscovery normal arm64 Compiling SleepAnalyzerTests.swift (in target 'boazappTests' from project 'boazapp')

SwiftDriverJobDiscovery normal x86_64 Compiling WorkoutDetailDispatcherTests.swift (in target 'boazappTests' from project 'boazapp')

SwiftDriverJobDiscovery normal arm64 Compiling WorkoutDetailDispatcherTests.swift (in target 'boazappTests' from project 'boazapp')

SwiftDriverJobDiscovery normal x86_64 Compiling TokyoEndpointTests.swift (in target 'boazappTests' from project 'boazapp')

SwiftDriverJobDiscovery normal arm64 Compiling TokyoEndpointTests.swift (in target 'boazappTests' from project 'boazapp')

CreateUniversalBinary /tmp/boazapp-acceptance-snapshot-sim/Build/Products/Debug-iphonesimulator/boazapp.app/boazapp.debug.dylib normal arm64\ x86_64 (in target 'boazapp' from project 'boazapp')
    cd /tmp/boazapp-acceptance-source
    /Applications/Xcode.app/Contents/Developer/Toolchains/XcodeDefault.xctoolchain/usr/bin/lipo -create /tmp/boazapp-acceptance-snapshot-sim/Build/Intermediates.noindex/boazapp.build/Debug-iphonesimulator/boazapp.build/Objects-normal/arm64/Binary/boazapp.debug.dylib /tmp/boazapp-acceptance-snapshot-sim/Build/Intermediates.noindex/boazapp.build/Debug-iphonesimulator/boazapp.build/Objects-normal/x86_64/Binary/boazapp.debug.dylib -output /tmp/boazapp-acceptance-snapshot-sim/Build/Products/Debug-iphonesimulator/boazapp.app/boazapp.debug.dylib

ConstructStubExecutorLinkFileList /tmp/boazapp-acceptance-snapshot-sim/Build/Intermediates.noindex/boazapp.build/Debug-iphonesimulator/boazapp.build/boazapp-ExecutorLinkFileList-normal-arm64.txt (in target 'boazapp' from project 'boazapp')
    cd /tmp/boazapp-acceptance-source
    construct-stub-executor-link-file-list /tmp/boazapp-acceptance-snapshot-sim/Build/Intermediates.noindex/boazapp.build/Debug-iphonesimulator/boazapp.build/Objects-normal/arm64/Binary/boazapp.debug.dylib /Applications/Xcode.app/Contents/Developer/Platforms/iPhoneSimulator.platform/Developer/usr/lib/libPreviewsJITStubExecutor_no_swift_entry_point.a /Applications/Xcode.app/Contents/Developer/Platforms/iPhoneSimulator.platform/Developer/usr/lib/libPreviewsJITStubExecutor.a --output /tmp/boazapp-acceptance-snapshot-sim/Build/Intermediates.noindex/boazapp.build/Debug-iphonesimulator/boazapp.build/boazapp-ExecutorLinkFileList-normal-arm64.txt
note: Using stub executor library with Swift entry point. (in target 'boazapp' from project 'boazapp')

Ld /tmp/boazapp-acceptance-snapshot-sim/Build/Intermediates.noindex/boazapp.build/Debug-iphonesimulator/boazapp.build/Objects-normal/x86_64/Binary/boazapp normal x86_64 (in target 'boazapp' from project 'boazapp')
    cd /tmp/boazapp-acceptance-source
    /Applications/Xcode.app/Contents/Developer/Toolchains/XcodeDefault.xctoolchain/usr/bin/clang -Xlinker -reproducible -target x86_64-apple-ios17.0-simulator -isysroot /Applications/Xcode.app/Contents/Developer/Platforms/iPhoneSimulator.platform/Developer/SDKs/iPhoneSimulator27.0.sdk -Os -Xlinker -no_warn_duplicate_libraries -L/tmp/boazapp-acceptance-snapshot-sim/Build/Products/Debug-iphonesimulator -F/tmp/boazapp-acceptance-snapshot-sim/Build/Products/Debug-iphonesimulator -Xlinker -rpath -Xlinker @executable_path -rdynamic -Xlinker -objc_abi_version -Xlinker 2 -e ___debug_blank_executor_main -Xlinker -sectcreate -Xlinker __TEXT -Xlinker __debug_dylib -Xlinker /tmp/boazapp-acceptance-snapshot-sim/Build/Intermediates.noindex/boazapp.build/Debug-iphonesimulator/boazapp.build/boazapp-DebugDylibPath-normal-x86_64.txt -Xlinker -sectcreate -Xlinker __TEXT -Xlinker __debug_instlnm -Xlinker /tmp/boazapp-acceptance-snapshot-sim/Build/Intermediates.noindex/boazapp.build/Debug-iphonesimulator/boazapp.build/boazapp-DebugDylibInstallName-normal-x86_64.txt -Xlinker -filelist -Xlinker /tmp/boazapp-acceptance-snapshot-sim/Build/Intermediates.noindex/boazapp.build/Debug-iphonesimulator/boazapp.build/boazapp-ExecutorLinkFileList-normal-x86_64.txt /tmp/boazapp-acceptance-snapshot-sim/Build/Intermediates.noindex/boazapp.build/Debug-iphonesimulator/boazapp.build/Objects-normal/x86_64/Binary/boazapp.debug.dylib -o /tmp/boazapp-acceptance-snapshot-sim/Build/Intermediates.noindex/boazapp.build/Debug-iphonesimulator/boazapp.build/Objects-normal/x86_64/Binary/boazapp

Ld /tmp/boazapp-acceptance-snapshot-sim/Build/Intermediates.noindex/boazapp.build/Debug-iphonesimulator/boazapp.build/Objects-normal/arm64/Binary/boazapp normal arm64 (in target 'boazapp' from project 'boazapp')
    cd /tmp/boazapp-acceptance-source
    /Applications/Xcode.app/Contents/Developer/Toolchains/XcodeDefault.xctoolchain/usr/bin/clang -Xlinker -reproducible -target arm64-apple-ios17.0-simulator -isysroot /Applications/Xcode.app/Contents/Developer/Platforms/iPhoneSimulator.platform/Developer/SDKs/iPhoneSimulator27.0.sdk -Os -Xlinker -no_warn_duplicate_libraries -L/tmp/boazapp-acceptance-snapshot-sim/Build/Products/Debug-iphonesimulator -F/tmp/boazapp-acceptance-snapshot-sim/Build/Products/Debug-iphonesimulator -Xlinker -rpath -Xlinker @executable_path -rdynamic -Xlinker -objc_abi_version -Xlinker 2 -e ___debug_blank_executor_main -Xlinker -sectcreate -Xlinker __TEXT -Xlinker __debug_dylib -Xlinker /tmp/boazapp-acceptance-snapshot-sim/Build/Intermediates.noindex/boazapp.build/Debug-iphonesimulator/boazapp.build/boazapp-DebugDylibPath-normal-arm64.txt -Xlinker -sectcreate -Xlinker __TEXT -Xlinker __debug_instlnm -Xlinker /tmp/boazapp-acceptance-snapshot-sim/Build/Intermediates.noindex/boazapp.build/Debug-iphonesimulator/boazapp.build/boazapp-DebugDylibInstallName-normal-arm64.txt -Xlinker -filelist -Xlinker /tmp/boazapp-acceptance-snapshot-sim/Build/Intermediates.noindex/boazapp.build/Debug-iphonesimulator/boazapp.build/boazapp-ExecutorLinkFileList-normal-arm64.txt /tmp/boazapp-acceptance-snapshot-sim/Build/Intermediates.noindex/boazapp.build/Debug-iphonesimulator/boazapp.build/Objects-normal/arm64/Binary/boazapp.debug.dylib -o /tmp/boazapp-acceptance-snapshot-sim/Build/Intermediates.noindex/boazapp.build/Debug-iphonesimulator/boazapp.build/Objects-normal/arm64/Binary/boazapp

GenerateDSYMFile /tmp/boazapp-acceptance-snapshot-sim/Build/Products/Debug-iphonesimulator/boazapp.app.dSYM /tmp/boazapp-acceptance-snapshot-sim/Build/Products/Debug-iphonesimulator/boazapp.app/boazapp.debug.dylib (in target 'boazapp' from project 'boazapp')
    cd /tmp/boazapp-acceptance-source
    export PATH\=/Applications/Xcode.app/Contents/SharedFrameworks/SwiftBuild.framework/Versions/A/PlugIns/SWBBuildService.bundle/Contents/PlugIns/SWBUniversalPlatformPlugin.bundle/Contents/Frameworks/SWBUniversalPlatform.framework/Resources:/Applications/Xcode.app/Contents/Developer/Toolchains/XcodeDefault.xctoolchain/usr/bin:/Applications/Xcode.app/Contents/Developer/Toolchains/XcodeDefault.xctoolchain/usr/local/bin:/Applications/Xcode.app/Contents/Developer/Toolchains/XcodeDefault.xctoolchain/usr/libexec:/Applications/Xcode.app/Contents/Developer/Platforms/iPhoneSimulator.platform/usr/bin:/Applications/Xcode.app/Contents/Developer/Platforms/iPhoneSimulator.platform/usr/local/bin:/Applications/Xcode.app/Contents/Developer/Platforms/iPhoneSimulator.platform/Developer/usr/bin:/Applications/Xcode.app/Contents/Developer/Platforms/iPhoneSimulator.platform/Developer/usr/local/bin:/Applications/Xcode.app/Contents/Developer/usr/bin:/Applications/Xcode.app/Contents/Developer/usr/local/bin:/Users/beckliu/.local/bin:/opt/homebrew/bin:/opt/homebrew/sbin:/usr/local/bin:/System/Cryptexes/App/usr/bin:/usr/bin:/bin:/usr/sbin:/sbin:/var/run/com.apple.security.cryptexd/codex.system/bootstrap/usr/local/bin:/var/run/com.apple.security.cryptexd/codex.system/bootstrap/usr/bin:/var/run/com.apple.security.cryptexd/codex.system/bootstrap/usr/appleinternal/bin:/pkg/env/global/bin:/Library/Apple/usr/bin:/Applications/VMware\ Fusion.app/Contents/Public:/usr/local/go/bin:/Users/beckliu/.codex/tmp/arg0/codex-arg0W1Z0wx:/Users/beckliu/.cache/codex-runtimes/codex-primary-runtime/dependencies/bin/override:/Users/beckliu/.antigravity-ide/antigravity-ide/bin:/Users/beckliu/.grok/bin:/Applications/Docker.app/Contents/Resources/bin:/Users/beckliu/Library/Python/3.9/bin:/Users/beckliu/anaconda3/bin:/Users/beckliu/anaconda3/condabin:/Users/beckliu/.antigravity/antigravity/bin:/Users/beckliu/.codex/tmp/arg0/codex-arg0UsE13V:/Users/beckliu/.codex/tmp/arg0/codex-arg0GqiPcW:/Users/beckliu/.cargo/bin:/Applications/ChatGPT.app/Contents/Resources:/Users/beckliu/.cache/codex-runtimes/codex-primary-runtime/dependencies/bin/fallback
    /Applications/Xcode.app/Contents/Developer/Toolchains/XcodeDefault.xctoolchain/usr/bin/dsymutil /tmp/boazapp-acceptance-snapshot-sim/Build/Products/Debug-iphonesimulator/boazapp.app/boazapp.debug.dylib -o /tmp/boazapp-acceptance-snapshot-sim/Build/Products/Debug-iphonesimulator/boazapp.app.dSYM

CreateUniversalBinary /tmp/boazapp-acceptance-snapshot-sim/Build/Products/Debug-iphonesimulator/boazapp.app/boazapp normal arm64\ x86_64 (in target 'boazapp' from project 'boazapp')
    cd /tmp/boazapp-acceptance-source
    /Applications/Xcode.app/Contents/Developer/Toolchains/XcodeDefault.xctoolchain/usr/bin/lipo -create /tmp/boazapp-acceptance-snapshot-sim/Build/Intermediates.noindex/boazapp.build/Debug-iphonesimulator/boazapp.build/Objects-normal/arm64/Binary/boazapp /tmp/boazapp-acceptance-snapshot-sim/Build/Intermediates.noindex/boazapp.build/Debug-iphonesimulator/boazapp.build/Objects-normal/x86_64/Binary/boazapp -output /tmp/boazapp-acceptance-snapshot-sim/Build/Products/Debug-iphonesimulator/boazapp.app/boazapp

GenerateDSYMFile /tmp/boazapp-acceptance-snapshot-sim/Build/Products/Debug-iphonesimulator/boazapp.app.dSYM /tmp/boazapp-acceptance-snapshot-sim/Build/Products/Debug-iphonesimulator/boazapp.app/boazapp (in target 'boazapp' from project 'boazapp')
    cd /tmp/boazapp-acceptance-source
    export PATH\=/Applications/Xcode.app/Contents/SharedFrameworks/SwiftBuild.framework/Versions/A/PlugIns/SWBBuildService.bundle/Contents/PlugIns/SWBUniversalPlatformPlugin.bundle/Contents/Frameworks/SWBUniversalPlatform.framework/Resources:/Applications/Xcode.app/Contents/Developer/Toolchains/XcodeDefault.xctoolchain/usr/bin:/Applications/Xcode.app/Contents/Developer/Toolchains/XcodeDefault.xctoolchain/usr/local/bin:/Applications/Xcode.app/Contents/Developer/Toolchains/XcodeDefault.xctoolchain/usr/libexec:/Applications/Xcode.app/Contents/Developer/Platforms/iPhoneSimulator.platform/usr/bin:/Applications/Xcode.app/Contents/Developer/Platforms/iPhoneSimulator.platform/usr/local/bin:/Applications/Xcode.app/Contents/Developer/Platforms/iPhoneSimulator.platform/Developer/usr/bin:/Applications/Xcode.app/Contents/Developer/Platforms/iPhoneSimulator.platform/Developer/usr/local/bin:/Applications/Xcode.app/Contents/Developer/usr/bin:/Applications/Xcode.app/Contents/Developer/usr/local/bin:/Users/beckliu/.local/bin:/opt/homebrew/bin:/opt/homebrew/sbin:/usr/local/bin:/System/Cryptexes/App/usr/bin:/usr/bin:/bin:/usr/sbin:/sbin:/var/run/com.apple.security.cryptexd/codex.system/bootstrap/usr/local/bin:/var/run/com.apple.security.cryptexd/codex.system/bootstrap/usr/bin:/var/run/com.apple.security.cryptexd/codex.system/bootstrap/usr/appleinternal/bin:/pkg/env/global/bin:/Library/Apple/usr/bin:/Applications/VMware\ Fusion.app/Contents/Public:/usr/local/go/bin:/Users/beckliu/.codex/tmp/arg0/codex-arg0W1Z0wx:/Users/beckliu/.cache/codex-runtimes/codex-primary-runtime/dependencies/bin/override:/Users/beckliu/.antigravity-ide/antigravity-ide/bin:/Users/beckliu/.grok/bin:/Applications/Docker.app/Contents/Resources/bin:/Users/beckliu/Library/Python/3.9/bin:/Users/beckliu/anaconda3/bin:/Users/beckliu/anaconda3/condabin:/Users/beckliu/.antigravity/antigravity/bin:/Users/beckliu/.codex/tmp/arg0/codex-arg0UsE13V:/Users/beckliu/.codex/tmp/arg0/codex-arg0GqiPcW:/Users/beckliu/.cargo/bin:/Applications/ChatGPT.app/Contents/Resources:/Users/beckliu/.cache/codex-runtimes/codex-primary-runtime/dependencies/bin/fallback
    /Applications/Xcode.app/Contents/Developer/Toolchains/XcodeDefault.xctoolchain/usr/bin/dsymutil -q /tmp/boazapp-acceptance-snapshot-sim/Build/Products/Debug-iphonesimulator/boazapp.app/boazapp -o /tmp/boazapp-acceptance-snapshot-sim/Build/Products/Debug-iphonesimulator/boazapp.app.dSYM

CopySwiftLibs /tmp/boazapp-acceptance-snapshot-sim/Build/Products/Debug-iphonesimulator/boazapp.app (in target 'boazapp' from project 'boazapp')
    cd /tmp/boazapp-acceptance-source
    builtin-swiftStdLibTool --copy --verbose --scan-executable /tmp/boazapp-acceptance-snapshot-sim/Build/Products/Debug-iphonesimulator/boazapp.app/boazapp.debug.dylib --scan-folder /tmp/boazapp-acceptance-snapshot-sim/Build/Products/Debug-iphonesimulator/boazapp.app/Frameworks --scan-folder /tmp/boazapp-acceptance-snapshot-sim/Build/Products/Debug-iphonesimulator/boazapp.app/PlugIns --scan-folder /tmp/boazapp-acceptance-snapshot-sim/Build/Products/Debug-iphonesimulator/boazapp.app/SystemExtensions --scan-folder /tmp/boazapp-acceptance-snapshot-sim/Build/Products/Debug-iphonesimulator/boazapp.app/Extensions --platform iphonesimulator --toolchain /Applications/Xcode.app/Contents/Developer/Toolchains/XcodeDefault.xctoolchain --destination /tmp/boazapp-acceptance-snapshot-sim/Build/Products/Debug-iphonesimulator/boazapp.app/Frameworks --strip-bitcode --strip-bitcode-tool /Applications/Xcode.app/Contents/Developer/Toolchains/XcodeDefault.xctoolchain/usr/bin/bitcode_strip --emit-dependency-info /tmp/boazapp-acceptance-snapshot-sim/Build/Intermediates.noindex/boazapp.build/Debug-iphonesimulator/boazapp.build/SwiftStdLibToolInputDependencies.dep --filter-for-swift-os
Ignoring --strip-bitcode because --sign was not passed

ExtractAppIntentsMetadata (in target 'boazapp' from project 'boazapp')
    cd /tmp/boazapp-acceptance-source
    /Applications/Xcode.app/Contents/Developer/Toolchains/XcodeDefault.xctoolchain/usr/bin/appintentsmetadataprocessor --toolchain-dir /Applications/Xcode.app/Contents/Developer/Toolchains/XcodeDefault.xctoolchain --module-name boazapp --sdk-root /Applications/Xcode.app/Contents/Developer/Platforms/iPhoneSimulator.platform/Developer/SDKs/iPhoneSimulator27.0.sdk --xcode-version 27A266a --platform-family iOS --deployment-target 17.0 --bundle-identifier com.beckliu.boazhealth --output /tmp/boazapp-acceptance-snapshot-sim/Build/Products/Debug-iphonesimulator/boazapp.app --target-triple arm64-apple-ios17.0-simulator --target-triple x86_64-apple-ios17.0-simulator --binary-file /tmp/boazapp-acceptance-snapshot-sim/Build/Products/Debug-iphonesimulator/boazapp.app/boazapp --dependency-file /tmp/boazapp-acceptance-snapshot-sim/Build/Intermediates.noindex/boazapp.build/Debug-iphonesimulator/boazapp.build/Objects-normal/arm64/boazapp_dependency_info.dat --dependency-file /tmp/boazapp-acceptance-snapshot-sim/Build/Intermediates.noindex/boazapp.build/Debug-iphonesimulator/boazapp.build/Objects-normal/x86_64/boazapp_dependency_info.dat --stringsdata-file /tmp/boazapp-acceptance-snapshot-sim/Build/Intermediates.noindex/boazapp.build/Debug-iphonesimulator/boazapp.build/Objects-normal/arm64/ExtractedAppShortcutsMetadata.stringsdata --stringsdata-file /tmp/boazapp-acceptance-snapshot-sim/Build/Intermediates.noindex/boazapp.build/Debug-iphonesimulator/boazapp.build/Objects-normal/x86_64/ExtractedAppShortcutsMetadata.stringsdata --source-file-list /tmp/boazapp-acceptance-snapshot-sim/Build/Intermediates.noindex/boazapp.build/Debug-iphonesimulator/boazapp.build/Objects-normal/arm64/boazapp.SwiftFileList --source-file-list /tmp/boazapp-acceptance-snapshot-sim/Build/Intermediates.noindex/boazapp.build/Debug-iphonesimulator/boazapp.build/Objects-normal/x86_64/boazapp.SwiftFileList --metadata-file-list /tmp/boazapp-acceptance-snapshot-sim/Build/Intermediates.noindex/boazapp.build/Debug-iphonesimulator/boazapp.build/boazapp.DependencyMetadataFileList --static-metadata-file-list /tmp/boazapp-acceptance-snapshot-sim/Build/Intermediates.noindex/boazapp.build/Debug-iphonesimulator/boazapp.build/boazapp.DependencyStaticMetadataFileList --swift-const-vals-list /tmp/boazapp-acceptance-snapshot-sim/Build/Intermediates.noindex/boazapp.build/Debug-iphonesimulator/boazapp.build/Objects-normal/arm64/boazapp.SwiftConstValuesFileList --swift-const-vals-list /tmp/boazapp-acceptance-snapshot-sim/Build/Intermediates.noindex/boazapp.build/Debug-iphonesimulator/boazapp.build/Objects-normal/x86_64/boazapp.SwiftConstValuesFileList --compile-time-extraction --deployment-aware-processing --no-app-shortcuts-localization
2026-09-18 16:48:21.272 appintentsmetadataprocessor[78889:10423085] Starting appintentsmetadataprocessor export
2026-09-18 16:48:21.274 appintentsmetadataprocessor[78889:10423085] warning: Metadata extraction skipped, no AppIntents.framework dependency found

AppIntentsSSUTraining (in target 'boazapp' from project 'boazapp')
    cd /tmp/boazapp-acceptance-source
    /Applications/Xcode.app/Contents/Developer/Toolchains/XcodeDefault.xctoolchain/usr/bin/appintentsnltrainingprocessor --infoplist-path /tmp/boazapp-acceptance-snapshot-sim/Build/Products/Debug-iphonesimulator/boazapp.app/Info.plist --temp-dir-path /tmp/boazapp-acceptance-snapshot-sim/Build/Intermediates.noindex/boazapp.build/Debug-iphonesimulator/boazapp.build/ssu --bundle-id com.beckliu.boazhealth --product-path /tmp/boazapp-acceptance-snapshot-sim/Build/Products/Debug-iphonesimulator/boazapp.app --extracted-metadata-path /tmp/boazapp-acceptance-snapshot-sim/Build/Products/Debug-iphonesimulator/boazapp.app/Metadata.appintents --metadata-file-list /tmp/boazapp-acceptance-snapshot-sim/Build/Intermediates.noindex/boazapp.build/Debug-iphonesimulator/boazapp.build/boazapp.DependencyMetadataFileList --source-file /tmp/boazapp-acceptance-snapshot-sim/Build/Products/Debug-iphonesimulator/boazapp.app/Info.plist --archive-ssu-assets
2026-09-18 16:48:21.289 appintentsnltrainingprocessor[78891:10423095] Parsing options for appintentsnltrainingprocessor
2026-09-18 16:48:21.289 appintentsnltrainingprocessor[78891:10423095] Starting AppIntents SSU YAML Generation
2026-09-18 16:48:21.289 appintentsnltrainingprocessor[78891:10423095] No AppShortcuts found - Skipping.

SwiftDriverJobDiscovery normal arm64 Compiling LocalLedgerTests.swift (in target 'boazappTests' from project 'boazapp')

SwiftDriverJobDiscovery normal x86_64 Compiling LocalLedgerTests.swift (in target 'boazappTests' from project 'boazapp')

SwiftDriverJobDiscovery normal arm64 Compiling SleepHistoryTests.swift (in target 'boazappTests' from project 'boazapp')

SwiftDriver\ Compilation boazappTests normal arm64 com.apple.xcode.tools.swift.compiler (in target 'boazappTests' from project 'boazapp')
    cd /tmp/boazapp-acceptance-source
    builtin-Swift-Compilation -- /Applications/Xcode.app/Contents/Developer/Toolchains/XcodeDefault.xctoolchain/usr/bin/swiftc -module-name boazappTests -Onone @/tmp/boazapp-acceptance-snapshot-sim/Build/Intermediates.noindex/boazapp.build/Debug-iphonesimulator/boazappTests.build/Objects-normal/arm64/boazappTests.SwiftFileList -plugin-path /Applications/Xcode.app/Contents/Developer/Toolchains/XcodeDefault.xctoolchain/usr/lib/swift/host/plugins/testing -enable-experimental-feature DebugDescriptionMacro -sdk /Applications/Xcode.app/Contents/Developer/Platforms/iPhoneSimulator.platform/Developer/SDKs/iPhoneSimulator27.0.sdk -target arm64-apple-ios17.0-simulator -g -module-cache-path /tmp/boazapp-acceptance-snapshot-sim/ModuleCache.noindex -Xfrontend -serialize-debugging-options -index-store-path /tmp/boazapp-acceptance-snapshot-sim/Index.noindex/DataStore -swift-version 6 -I /tmp/boazapp-acceptance-snapshot-sim/Build/Products/Debug-iphonesimulator -Isystem /Applications/Xcode.app/Contents/Developer/Platforms/iPhoneSimulator.platform/Developer/usr/lib -F /tmp/boazapp-acceptance-snapshot-sim/Build/Products/Debug-iphonesimulator -F /Applications/Xcode.app/Contents/Developer/Platforms/iPhoneSimulator.platform/Developer/Library/Frameworks -F /Applications/Xcode.app/Contents/Developer/Platforms/iPhoneSimulator.platform/Developer/SDKs/iPhoneSimulator27.0.sdk/Developer/Library/Frameworks -emit-localized-strings -emit-localized-strings-path /tmp/boazapp-acceptance-snapshot-sim/Build/Intermediates.noindex/boazapp.build/Debug-iphonesimulator/boazappTests.build/Objects-normal/arm64 -c -j18 -enable-batch-mode -incremental -Xcc -ivfsstatcache -Xcc /tmp/boazapp-acceptance-snapshot-sim/SDKStatCaches.noindex/iphonesimulator27.0-24A430-8dc58220667be655e1bcc261a7455254.sdkstatcache -output-file-map /tmp/boazapp-acceptance-snapshot-sim/Build/Intermediates.noindex/boazapp.build/Debug-iphonesimulator/boazappTests.build/Objects-normal/arm64/boazappTests-OutputFileMap.json -save-temps -no-color-diagnostics -explicit-module-build -module-cache-path /tmp/boazapp-acceptance-snapshot-sim/Build/Intermediates.noindex/SwiftExplicitPrecompiledModules -clang-scanner-module-cache-path /tmp/boazapp-acceptance-snapshot-sim/ModuleCache.noindex -sdk-module-cache-path /tmp/boazapp-acceptance-snapshot-sim/SDKExplicitPrecompiledModules -emit-dependencies -emit-module -emit-module-path /tmp/boazapp-acceptance-snapshot-sim/Build/Intermediates.noindex/boazapp.build/Debug-iphonesimulator/boazappTests.build/Objects-normal/arm64/boazappTests.swiftmodule -serialize-diagnostics -dependency-scan-serialize-diagnostics-path /tmp/boazapp-acceptance-snapshot-sim/Build/Intermediates.noindex/boazapp.build/Debug-iphonesimulator/boazappTests.build/Objects-normal/arm64/boazappTests-dependency-scan.dia -validate-clang-modules-once -clang-build-session-file /tmp/boazapp-acceptance-snapshot-sim/ModuleCache.noindex/Session.modulevalidation -Xcc -fmodules-prune-interval\=86400 -Xcc -fmodules-prune-after\=345600 -emit-const-values -const-gather-protocols-list /tmp/boazapp-acceptance-snapshot-sim/Build/Intermediates.noindex/boazapp.build/Debug-iphonesimulator/boazappTests.build/Objects-normal/arm64/boazappTests_const_extract_protocols.json -Xcc -iquote -Xcc /tmp/boazapp-acceptance-snapshot-sim/Build/Intermediates.noindex/boazapp.build/Debug-iphonesimulator/boazappTests.build/boazappTests-generated-files.hmap -Xcc -I/tmp/boazapp-acceptance-snapshot-sim/Build/Intermediates.noindex/boazapp.build/Debug-iphonesimulator/boazappTests.build/boazappTests-own-target-headers.hmap -Xcc -I/tmp/boazapp-acceptance-snapshot-sim/Build/Intermediates.noindex/boazapp.build/Debug-iphonesimulator/boazappTests.build/boazappTests-all-target-headers.hmap -Xcc -iquote -Xcc /tmp/boazapp-acceptance-snapshot-sim/Build/Intermediates.noindex/boazapp.build/Debug-iphonesimulator/boazappTests.build/boazappTests-project-headers.hmap -Xcc -I/tmp/boazapp-acceptance-snapshot-sim/Build/Products/Debug-iphonesimulator/include -Xcc -I/tmp/boazapp-acceptance-snapshot-sim/Build/Intermediates.noindex/boazapp.build/Debug-iphonesimulator/boazappTests.build/DerivedSources-normal/arm64 -Xcc -I/tmp/boazapp-acceptance-snapshot-sim/Build/Intermediates.noindex/boazapp.build/Debug-iphonesimulator/boazappTests.build/DerivedSources/arm64 -Xcc -I/tmp/boazapp-acceptance-snapshot-sim/Build/Intermediates.noindex/boazapp.build/Debug-iphonesimulator/boazappTests.build/DerivedSources -emit-objc-header -emit-objc-header-path /tmp/boazapp-acceptance-snapshot-sim/Build/Intermediates.noindex/boazapp.build/Debug-iphonesimulator/boazappTests.build/Objects-normal/arm64/boazappTests-Swift.h -working-directory /tmp/boazapp-acceptance-source -experimental-emit-module-separately -disable-cmo

SwiftDriverJobDiscovery normal x86_64 Compiling SleepHistoryTests.swift (in target 'boazappTests' from project 'boazapp')

SwiftDriver\ Compilation boazappTests normal x86_64 com.apple.xcode.tools.swift.compiler (in target 'boazappTests' from project 'boazapp')
    cd /tmp/boazapp-acceptance-source
    builtin-Swift-Compilation -- /Applications/Xcode.app/Contents/Developer/Toolchains/XcodeDefault.xctoolchain/usr/bin/swiftc -module-name boazappTests -Onone @/tmp/boazapp-acceptance-snapshot-sim/Build/Intermediates.noindex/boazapp.build/Debug-iphonesimulator/boazappTests.build/Objects-normal/x86_64/boazappTests.SwiftFileList -plugin-path /Applications/Xcode.app/Contents/Developer/Toolchains/XcodeDefault.xctoolchain/usr/lib/swift/host/plugins/testing -enable-experimental-feature DebugDescriptionMacro -sdk /Applications/Xcode.app/Contents/Developer/Platforms/iPhoneSimulator.platform/Developer/SDKs/iPhoneSimulator27.0.sdk -target x86_64-apple-ios17.0-simulator -g -module-cache-path /tmp/boazapp-acceptance-snapshot-sim/ModuleCache.noindex -Xfrontend -serialize-debugging-options -index-store-path /tmp/boazapp-acceptance-snapshot-sim/Index.noindex/DataStore -swift-version 6 -I /tmp/boazapp-acceptance-snapshot-sim/Build/Products/Debug-iphonesimulator -Isystem /Applications/Xcode.app/Contents/Developer/Platforms/iPhoneSimulator.platform/Developer/usr/lib -F /tmp/boazapp-acceptance-snapshot-sim/Build/Products/Debug-iphonesimulator -F /Applications/Xcode.app/Contents/Developer/Platforms/iPhoneSimulator.platform/Developer/Library/Frameworks -F /Applications/Xcode.app/Contents/Developer/Platforms/iPhoneSimulator.platform/Developer/SDKs/iPhoneSimulator27.0.sdk/Developer/Library/Frameworks -emit-localized-strings -emit-localized-strings-path /tmp/boazapp-acceptance-snapshot-sim/Build/Intermediates.noindex/boazapp.build/Debug-iphonesimulator/boazappTests.build/Objects-normal/x86_64 -c -j18 -enable-batch-mode -incremental -Xcc -ivfsstatcache -Xcc /tmp/boazapp-acceptance-snapshot-sim/SDKStatCaches.noindex/iphonesimulator27.0-24A430-8dc58220667be655e1bcc261a7455254.sdkstatcache -output-file-map /tmp/boazapp-acceptance-snapshot-sim/Build/Intermediates.noindex/boazapp.build/Debug-iphonesimulator/boazappTests.build/Objects-normal/x86_64/boazappTests-OutputFileMap.json -save-temps -no-color-diagnostics -explicit-module-build -module-cache-path /tmp/boazapp-acceptance-snapshot-sim/Build/Intermediates.noindex/SwiftExplicitPrecompiledModules -clang-scanner-module-cache-path /tmp/boazapp-acceptance-snapshot-sim/ModuleCache.noindex -sdk-module-cache-path /tmp/boazapp-acceptance-snapshot-sim/SDKExplicitPrecompiledModules -emit-dependencies -emit-module -emit-module-path /tmp/boazapp-acceptance-snapshot-sim/Build/Intermediates.noindex/boazapp.build/Debug-iphonesimulator/boazappTests.build/Objects-normal/x86_64/boazappTests.swiftmodule -serialize-diagnostics -dependency-scan-serialize-diagnostics-path /tmp/boazapp-acceptance-snapshot-sim/Build/Intermediates.noindex/boazapp.build/Debug-iphonesimulator/boazappTests.build/Objects-normal/x86_64/boazappTests-dependency-scan.dia -validate-clang-modules-once -clang-build-session-file /tmp/boazapp-acceptance-snapshot-sim/ModuleCache.noindex/Session.modulevalidation -Xcc -fmodules-prune-interval\=86400 -Xcc -fmodules-prune-after\=345600 -emit-const-values -const-gather-protocols-list /tmp/boazapp-acceptance-snapshot-sim/Build/Intermediates.noindex/boazapp.build/Debug-iphonesimulator/boazappTests.build/Objects-normal/x86_64/boazappTests_const_extract_protocols.json -Xcc -iquote -Xcc /tmp/boazapp-acceptance-snapshot-sim/Build/Intermediates.noindex/boazapp.build/Debug-iphonesimulator/boazappTests.build/boazappTests-generated-files.hmap -Xcc -I/tmp/boazapp-acceptance-snapshot-sim/Build/Intermediates.noindex/boazapp.build/Debug-iphonesimulator/boazappTests.build/boazappTests-own-target-headers.hmap -Xcc -I/tmp/boazapp-acceptance-snapshot-sim/Build/Intermediates.noindex/boazapp.build/Debug-iphonesimulator/boazappTests.build/boazappTests-all-target-headers.hmap -Xcc -iquote -Xcc /tmp/boazapp-acceptance-snapshot-sim/Build/Intermediates.noindex/boazapp.build/Debug-iphonesimulator/boazappTests.build/boazappTests-project-headers.hmap -Xcc -I/tmp/boazapp-acceptance-snapshot-sim/Build/Products/Debug-iphonesimulator/include -Xcc -I/tmp/boazapp-acceptance-snapshot-sim/Build/Intermediates.noindex/boazapp.build/Debug-iphonesimulator/boazappTests.build/DerivedSources-normal/x86_64 -Xcc -I/tmp/boazapp-acceptance-snapshot-sim/Build/Intermediates.noindex/boazapp.build/Debug-iphonesimulator/boazappTests.build/DerivedSources/x86_64 -Xcc -I/tmp/boazapp-acceptance-snapshot-sim/Build/Intermediates.noindex/boazapp.build/Debug-iphonesimulator/boazappTests.build/DerivedSources -emit-objc-header -emit-objc-header-path /tmp/boazapp-acceptance-snapshot-sim/Build/Intermediates.noindex/boazapp.build/Debug-iphonesimulator/boazappTests.build/Objects-normal/x86_64/boazappTests-Swift.h -working-directory /tmp/boazapp-acceptance-source -experimental-emit-module-separately -disable-cmo

ProcessInfoPlistFile /tmp/boazapp-acceptance-snapshot-sim/Build/Products/Debug-iphonesimulator/boazapp.app/PlugIns/boazappTests.xctest/Info.plist /tmp/boazapp-acceptance-snapshot-sim/Build/Intermediates.noindex/boazapp.build/Debug-iphonesimulator/boazappTests.build/empty-boazappTests.plist (in target 'boazappTests' from project 'boazapp')
    cd /tmp/boazapp-acceptance-source
    builtin-infoPlistUtility /tmp/boazapp-acceptance-snapshot-sim/Build/Intermediates.noindex/boazapp.build/Debug-iphonesimulator/boazappTests.build/empty-boazappTests.plist -producttype com.apple.product-type.bundle.unit-test -expandbuildsettings -format binary -platform iphonesimulator -o /tmp/boazapp-acceptance-snapshot-sim/Build/Products/Debug-iphonesimulator/boazapp.app/PlugIns/boazappTests.xctest/Info.plist

Ld /tmp/boazapp-acceptance-snapshot-sim/Build/Intermediates.noindex/boazapp.build/Debug-iphonesimulator/boazappTests.build/Objects-normal/arm64/Binary/boazappTests normal arm64 (in target 'boazappTests' from project 'boazapp')
    cd /tmp/boazapp-acceptance-source
    /Applications/Xcode.app/Contents/Developer/Toolchains/XcodeDefault.xctoolchain/usr/bin/clang -Xlinker -reproducible -target arm64-apple-ios17.0-simulator -bundle -isysroot /Applications/Xcode.app/Contents/Developer/Platforms/iPhoneSimulator.platform/Developer/SDKs/iPhoneSimulator27.0.sdk -Os -Xlinker -no_warn_duplicate_libraries -L/tmp/boazapp-acceptance-snapshot-sim/Build/Intermediates.noindex/EagerLinkingTBDs/Debug-iphonesimulator -L/tmp/boazapp-acceptance-snapshot-sim/Build/Products/Debug-iphonesimulator -L/Applications/Xcode.app/Contents/Developer/Platforms/iPhoneSimulator.platform/Developer/usr/lib -F/tmp/boazapp-acceptance-snapshot-sim/Build/Intermediates.noindex/EagerLinkingTBDs/Debug-iphonesimulator -F/tmp/boazapp-acceptance-snapshot-sim/Build/Products/Debug-iphonesimulator -iframework /Applications/Xcode.app/Contents/Developer/Platforms/iPhoneSimulator.platform/Developer/Library/Frameworks -iframework /Applications/Xcode.app/Contents/Developer/Platforms/iPhoneSimulator.platform/Developer/SDKs/iPhoneSimulator27.0.sdk/Developer/Library/Frameworks -filelist /tmp/boazapp-acceptance-snapshot-sim/Build/Intermediates.noindex/boazapp.build/Debug-iphonesimulator/boazappTests.build/Objects-normal/arm64/boazappTests.LinkFileList -Xlinker -rpath -Xlinker /usr/lib/swift -Xlinker -rpath -Xlinker @loader_path/Frameworks -Xlinker -rpath -Xlinker @executable_path/Frameworks -Xlinker -dead_strip -bundle_loader /tmp/boazapp-acceptance-snapshot-sim/Build/Products/Debug-iphonesimulator/boazapp.app/boazapp -Xlinker -object_path_lto -Xlinker /tmp/boazapp-acceptance-snapshot-sim/Build/Intermediates.noindex/boazapp.build/Debug-iphonesimulator/boazappTests.build/Objects-normal/arm64/boazappTests_lto.o -Xlinker -objc_abi_version -Xlinker 2 -Xlinker -dependency_info -Xlinker /tmp/boazapp-acceptance-snapshot-sim/Build/Intermediates.noindex/boazapp.build/Debug-iphonesimulator/boazappTests.build/Objects-normal/arm64/boazappTests_dependency_info.dat -fobjc-link-runtime -L/Applications/Xcode.app/Contents/Developer/Toolchains/XcodeDefault.xctoolchain/usr/lib/swift/iphonesimulator -L/usr/lib/swift -Xlinker -add_ast_path -Xlinker /tmp/boazapp-acceptance-snapshot-sim/Build/Intermediates.noindex/boazapp.build/Debug-iphonesimulator/boazappTests.build/Objects-normal/arm64/boazappTests.swiftmodule -Xlinker -needed_framework -Xlinker XCTest -framework XCTest -Xlinker -needed-lXCTestSwiftSupport -lXCTestSwiftSupport /tmp/boazapp-acceptance-snapshot-sim/Build/Products/Debug-iphonesimulator/boazapp.app/boazapp.debug.dylib -o /tmp/boazapp-acceptance-snapshot-sim/Build/Intermediates.noindex/boazapp.build/Debug-iphonesimulator/boazappTests.build/Objects-normal/arm64/Binary/boazappTests

Ld /tmp/boazapp-acceptance-snapshot-sim/Build/Intermediates.noindex/boazapp.build/Debug-iphonesimulator/boazappTests.build/Objects-normal/x86_64/Binary/boazappTests normal x86_64 (in target 'boazappTests' from project 'boazapp')
    cd /tmp/boazapp-acceptance-source
    /Applications/Xcode.app/Contents/Developer/Toolchains/XcodeDefault.xctoolchain/usr/bin/clang -Xlinker -reproducible -target x86_64-apple-ios17.0-simulator -bundle -isysroot /Applications/Xcode.app/Contents/Developer/Platforms/iPhoneSimulator.platform/Developer/SDKs/iPhoneSimulator27.0.sdk -Os -Xlinker -no_warn_duplicate_libraries -L/tmp/boazapp-acceptance-snapshot-sim/Build/Intermediates.noindex/EagerLinkingTBDs/Debug-iphonesimulator -L/tmp/boazapp-acceptance-snapshot-sim/Build/Products/Debug-iphonesimulator -L/Applications/Xcode.app/Contents/Developer/Platforms/iPhoneSimulator.platform/Developer/usr/lib -F/tmp/boazapp-acceptance-snapshot-sim/Build/Intermediates.noindex/EagerLinkingTBDs/Debug-iphonesimulator -F/tmp/boazapp-acceptance-snapshot-sim/Build/Products/Debug-iphonesimulator -iframework /Applications/Xcode.app/Contents/Developer/Platforms/iPhoneSimulator.platform/Developer/Library/Frameworks -iframework /Applications/Xcode.app/Contents/Developer/Platforms/iPhoneSimulator.platform/Developer/SDKs/iPhoneSimulator27.0.sdk/Developer/Library/Frameworks -filelist /tmp/boazapp-acceptance-snapshot-sim/Build/Intermediates.noindex/boazapp.build/Debug-iphonesimulator/boazappTests.build/Objects-normal/x86_64/boazappTests.LinkFileList -Xlinker -rpath -Xlinker /usr/lib/swift -Xlinker -rpath -Xlinker @loader_path/Frameworks -Xlinker -rpath -Xlinker @executable_path/Frameworks -Xlinker -dead_strip -bundle_loader /tmp/boazapp-acceptance-snapshot-sim/Build/Products/Debug-iphonesimulator/boazapp.app/boazapp -Xlinker -object_path_lto -Xlinker /tmp/boazapp-acceptance-snapshot-sim/Build/Intermediates.noindex/boazapp.build/Debug-iphonesimulator/boazappTests.build/Objects-normal/x86_64/boazappTests_lto.o -Xlinker -objc_abi_version -Xlinker 2 -Xlinker -dependency_info -Xlinker /tmp/boazapp-acceptance-snapshot-sim/Build/Intermediates.noindex/boazapp.build/Debug-iphonesimulator/boazappTests.build/Objects-normal/x86_64/boazappTests_dependency_info.dat -fobjc-link-runtime -L/Applications/Xcode.app/Contents/Developer/Toolchains/XcodeDefault.xctoolchain/usr/lib/swift/iphonesimulator -L/usr/lib/swift -Xlinker -add_ast_path -Xlinker /tmp/boazapp-acceptance-snapshot-sim/Build/Intermediates.noindex/boazapp.build/Debug-iphonesimulator/boazappTests.build/Objects-normal/x86_64/boazappTests.swiftmodule -Xlinker -needed_framework -Xlinker XCTest -framework XCTest -Xlinker -needed-lXCTestSwiftSupport -lXCTestSwiftSupport /tmp/boazapp-acceptance-snapshot-sim/Build/Products/Debug-iphonesimulator/boazapp.app/boazapp.debug.dylib -o /tmp/boazapp-acceptance-snapshot-sim/Build/Intermediates.noindex/boazapp.build/Debug-iphonesimulator/boazappTests.build/Objects-normal/x86_64/Binary/boazappTests

CreateUniversalBinary /tmp/boazapp-acceptance-snapshot-sim/Build/Products/Debug-iphonesimulator/boazapp.app/PlugIns/boazappTests.xctest/boazappTests normal arm64\ x86_64 (in target 'boazappTests' from project 'boazapp')
    cd /tmp/boazapp-acceptance-source
    /Applications/Xcode.app/Contents/Developer/Toolchains/XcodeDefault.xctoolchain/usr/bin/lipo -create /tmp/boazapp-acceptance-snapshot-sim/Build/Intermediates.noindex/boazapp.build/Debug-iphonesimulator/boazappTests.build/Objects-normal/arm64/Binary/boazappTests /tmp/boazapp-acceptance-snapshot-sim/Build/Intermediates.noindex/boazapp.build/Debug-iphonesimulator/boazappTests.build/Objects-normal/x86_64/Binary/boazappTests -output /tmp/boazapp-acceptance-snapshot-sim/Build/Products/Debug-iphonesimulator/boazapp.app/PlugIns/boazappTests.xctest/boazappTests

CopySwiftLibs /tmp/boazapp-acceptance-snapshot-sim/Build/Products/Debug-iphonesimulator/boazapp.app/PlugIns/boazappTests.xctest (in target 'boazappTests' from project 'boazapp')
    cd /tmp/boazapp-acceptance-source
    builtin-swiftStdLibTool --copy --verbose --scan-executable /tmp/boazapp-acceptance-snapshot-sim/Build/Products/Debug-iphonesimulator/boazapp.app/PlugIns/boazappTests.xctest/boazappTests --scan-folder /tmp/boazapp-acceptance-snapshot-sim/Build/Products/Debug-iphonesimulator/boazapp.app/PlugIns/boazappTests.xctest/Frameworks --scan-folder /tmp/boazapp-acceptance-snapshot-sim/Build/Products/Debug-iphonesimulator/boazapp.app/PlugIns/boazappTests.xctest/PlugIns --scan-folder /tmp/boazapp-acceptance-snapshot-sim/Build/Products/Debug-iphonesimulator/boazapp.app/PlugIns/boazappTests.xctest/SystemExtensions --scan-folder /tmp/boazapp-acceptance-snapshot-sim/Build/Products/Debug-iphonesimulator/boazapp.app/PlugIns/boazappTests.xctest/Extensions --platform iphonesimulator --toolchain /Applications/Xcode.app/Contents/Developer/Toolchains/XcodeDefault.xctoolchain --destination /tmp/boazapp-acceptance-snapshot-sim/Build/Products/Debug-iphonesimulator/boazapp.app/PlugIns/boazappTests.xctest/Frameworks --strip-bitcode --scan-executable /Applications/Xcode.app/Contents/Developer/Platforms/iPhoneSimulator.platform/Developer/usr/lib/libXCTestSwiftSupport.dylib --strip-bitcode-tool /Applications/Xcode.app/Contents/Developer/Toolchains/XcodeDefault.xctoolchain/usr/bin/bitcode_strip --emit-dependency-info /tmp/boazapp-acceptance-snapshot-sim/Build/Intermediates.noindex/boazapp.build/Debug-iphonesimulator/boazappTests.build/SwiftStdLibToolInputDependencies.dep --filter-for-swift-os
Ignoring --strip-bitcode because --sign was not passed

ExtractAppIntentsMetadata (in target 'boazappTests' from project 'boazapp')
    cd /tmp/boazapp-acceptance-source
    /Applications/Xcode.app/Contents/Developer/Toolchains/XcodeDefault.xctoolchain/usr/bin/appintentsmetadataprocessor --toolchain-dir /Applications/Xcode.app/Contents/Developer/Toolchains/XcodeDefault.xctoolchain --module-name boazappTests --sdk-root /Applications/Xcode.app/Contents/Developer/Platforms/iPhoneSimulator.platform/Developer/SDKs/iPhoneSimulator27.0.sdk --xcode-version 27A266a --platform-family iOS --deployment-target 17.0 --bundle-identifier com.beckliu.boazhealth.tests --output /tmp/boazapp-acceptance-snapshot-sim/Build/Products/Debug-iphonesimulator/boazapp.app/PlugIns/boazappTests.xctest --target-triple arm64-apple-ios17.0-simulator --target-triple x86_64-apple-ios17.0-simulator --binary-file /tmp/boazapp-acceptance-snapshot-sim/Build/Products/Debug-iphonesimulator/boazapp.app/PlugIns/boazappTests.xctest/boazappTests --dependency-file /tmp/boazapp-acceptance-snapshot-sim/Build/Intermediates.noindex/boazapp.build/Debug-iphonesimulator/boazappTests.build/Objects-normal/arm64/boazappTests_dependency_info.dat --dependency-file /tmp/boazapp-acceptance-snapshot-sim/Build/Intermediates.noindex/boazapp.build/Debug-iphonesimulator/boazappTests.build/Objects-normal/x86_64/boazappTests_dependency_info.dat --stringsdata-file /tmp/boazapp-acceptance-snapshot-sim/Build/Intermediates.noindex/boazapp.build/Debug-iphonesimulator/boazappTests.build/Objects-normal/arm64/ExtractedAppShortcutsMetadata.stringsdata --stringsdata-file /tmp/boazapp-acceptance-snapshot-sim/Build/Intermediates.noindex/boazapp.build/Debug-iphonesimulator/boazappTests.build/Objects-normal/x86_64/ExtractedAppShortcutsMetadata.stringsdata --source-file-list /tmp/boazapp-acceptance-snapshot-sim/Build/Intermediates.noindex/boazapp.build/Debug-iphonesimulator/boazappTests.build/Objects-normal/arm64/boazappTests.SwiftFileList --source-file-list /tmp/boazapp-acceptance-snapshot-sim/Build/Intermediates.noindex/boazapp.build/Debug-iphonesimulator/boazappTests.build/Objects-normal/x86_64/boazappTests.SwiftFileList --metadata-file-list /tmp/boazapp-acceptance-snapshot-sim/Build/Intermediates.noindex/boazapp.build/Debug-iphonesimulator/boazappTests.build/boazappTests.DependencyMetadataFileList --static-metadata-file-list /tmp/boazapp-acceptance-snapshot-sim/Build/Intermediates.noindex/boazapp.build/Debug-iphonesimulator/boazappTests.build/boazappTests.DependencyStaticMetadataFileList --swift-const-vals-list /tmp/boazapp-acceptance-snapshot-sim/Build/Intermediates.noindex/boazapp.build/Debug-iphonesimulator/boazappTests.build/Objects-normal/arm64/boazappTests.SwiftConstValuesFileList --swift-const-vals-list /tmp/boazapp-acceptance-snapshot-sim/Build/Intermediates.noindex/boazapp.build/Debug-iphonesimulator/boazappTests.build/Objects-normal/x86_64/boazappTests.SwiftConstValuesFileList --compile-time-extraction --deployment-aware-processing --no-app-shortcuts-localization
2026-09-18 16:48:21.534 appintentsmetadataprocessor[78898:10423143] Starting appintentsmetadataprocessor export
2026-09-18 16:48:21.535 appintentsmetadataprocessor[78898:10423143] warning: Metadata extraction skipped, no AppIntents.framework dependency found

GenerateDSYMFile /tmp/boazapp-acceptance-snapshot-sim/Build/Products/Debug-iphonesimulator/boazapp.app/PlugIns/boazappTests.xctest.dSYM /tmp/boazapp-acceptance-snapshot-sim/Build/Products/Debug-iphonesimulator/boazapp.app/PlugIns/boazappTests.xctest/boazappTests (in target 'boazappTests' from project 'boazapp')
    cd /tmp/boazapp-acceptance-source
    export PATH\=/Applications/Xcode.app/Contents/SharedFrameworks/SwiftBuild.framework/Versions/A/PlugIns/SWBBuildService.bundle/Contents/PlugIns/SWBUniversalPlatformPlugin.bundle/Contents/Frameworks/SWBUniversalPlatform.framework/Resources:/Applications/Xcode.app/Contents/Developer/Toolchains/XcodeDefault.xctoolchain/usr/bin:/Applications/Xcode.app/Contents/Developer/Toolchains/XcodeDefault.xctoolchain/usr/local/bin:/Applications/Xcode.app/Contents/Developer/Toolchains/XcodeDefault.xctoolchain/usr/libexec:/Applications/Xcode.app/Contents/Developer/Platforms/iPhoneSimulator.platform/usr/bin:/Applications/Xcode.app/Contents/Developer/Platforms/iPhoneSimulator.platform/usr/local/bin:/Applications/Xcode.app/Contents/Developer/Platforms/iPhoneSimulator.platform/Developer/usr/bin:/Applications/Xcode.app/Contents/Developer/Platforms/iPhoneSimulator.platform/Developer/usr/local/bin:/Applications/Xcode.app/Contents/Developer/usr/bin:/Applications/Xcode.app/Contents/Developer/usr/local/bin:/Users/beckliu/.local/bin:/opt/homebrew/bin:/opt/homebrew/sbin:/usr/local/bin:/System/Cryptexes/App/usr/bin:/usr/bin:/bin:/usr/sbin:/sbin:/var/run/com.apple.security.cryptexd/codex.system/bootstrap/usr/local/bin:/var/run/com.apple.security.cryptexd/codex.system/bootstrap/usr/bin:/var/run/com.apple.security.cryptexd/codex.system/bootstrap/usr/appleinternal/bin:/pkg/env/global/bin:/Library/Apple/usr/bin:/Applications/VMware\ Fusion.app/Contents/Public:/usr/local/go/bin:/Users/beckliu/.codex/tmp/arg0/codex-arg0W1Z0wx:/Users/beckliu/.cache/codex-runtimes/codex-primary-runtime/dependencies/bin/override:/Users/beckliu/.antigravity-ide/antigravity-ide/bin:/Users/beckliu/.grok/bin:/Applications/Docker.app/Contents/Resources/bin:/Users/beckliu/Library/Python/3.9/bin:/Users/beckliu/anaconda3/bin:/Users/beckliu/anaconda3/condabin:/Users/beckliu/.antigravity/antigravity/bin:/Users/beckliu/.codex/tmp/arg0/codex-arg0UsE13V:/Users/beckliu/.codex/tmp/arg0/codex-arg0GqiPcW:/Users/beckliu/.cargo/bin:/Applications/ChatGPT.app/Contents/Resources:/Users/beckliu/.cache/codex-runtimes/codex-primary-runtime/dependencies/bin/fallback
    /Applications/Xcode.app/Contents/Developer/Toolchains/XcodeDefault.xctoolchain/usr/bin/dsymutil /tmp/boazapp-acceptance-snapshot-sim/Build/Products/Debug-iphonesimulator/boazapp.app/PlugIns/boazappTests.xctest/boazappTests -o /tmp/boazapp-acceptance-snapshot-sim/Build/Products/Debug-iphonesimulator/boazapp.app/PlugIns/boazappTests.xctest.dSYM

AppIntentsSSUTraining (in target 'boazappTests' from project 'boazapp')
    cd /tmp/boazapp-acceptance-source
    /Applications/Xcode.app/Contents/Developer/Toolchains/XcodeDefault.xctoolchain/usr/bin/appintentsnltrainingprocessor --infoplist-path /tmp/boazapp-acceptance-snapshot-sim/Build/Products/Debug-iphonesimulator/boazapp.app/PlugIns/boazappTests.xctest/Info.plist --temp-dir-path /tmp/boazapp-acceptance-snapshot-sim/Build/Intermediates.noindex/boazapp.build/Debug-iphonesimulator/boazappTests.build/ssu --bundle-id com.beckliu.boazhealth.tests --product-path /tmp/boazapp-acceptance-snapshot-sim/Build/Products/Debug-iphonesimulator/boazapp.app/PlugIns/boazappTests.xctest --extracted-metadata-path /tmp/boazapp-acceptance-snapshot-sim/Build/Products/Debug-iphonesimulator/boazapp.app/PlugIns/boazappTests.xctest/Metadata.appintents --metadata-file-list /tmp/boazapp-acceptance-snapshot-sim/Build/Intermediates.noindex/boazapp.build/Debug-iphonesimulator/boazappTests.build/boazappTests.DependencyMetadataFileList --source-file /tmp/boazapp-acceptance-snapshot-sim/Build/Products/Debug-iphonesimulator/boazapp.app/PlugIns/boazappTests.xctest/Info.plist --archive-ssu-assets
2026-09-18 16:48:21.547 appintentsnltrainingprocessor[78900:10423149] Parsing options for appintentsnltrainingprocessor
2026-09-18 16:48:21.547 appintentsnltrainingprocessor[78900:10423149] Starting AppIntents SSU YAML Generation
2026-09-18 16:48:21.548 appintentsnltrainingprocessor[78900:10423149] No AppShortcuts found - Skipping.

RegisterExecutionPolicyException /tmp/boazapp-acceptance-snapshot-sim/Build/Products/Debug-iphonesimulator/boazapp.app/PlugIns/boazappTests.xctest (in target 'boazappTests' from project 'boazapp')
    cd /tmp/boazapp-acceptance-source
    builtin-RegisterExecutionPolicyException /tmp/boazapp-acceptance-snapshot-sim/Build/Products/Debug-iphonesimulator/boazapp.app/PlugIns/boazappTests.xctest

Touch /tmp/boazapp-acceptance-snapshot-sim/Build/Products/Debug-iphonesimulator/boazapp.app/PlugIns/boazappTests.xctest (in target 'boazappTests' from project 'boazapp')
    cd /tmp/boazapp-acceptance-source
    /usr/bin/touch -c /tmp/boazapp-acceptance-snapshot-sim/Build/Products/Debug-iphonesimulator/boazapp.app/PlugIns/boazappTests.xctest

RegisterExecutionPolicyException /tmp/boazapp-acceptance-snapshot-sim/Build/Products/Debug-iphonesimulator/boazapp.app (in target 'boazapp' from project 'boazapp')
    cd /tmp/boazapp-acceptance-source
    builtin-RegisterExecutionPolicyException /tmp/boazapp-acceptance-snapshot-sim/Build/Products/Debug-iphonesimulator/boazapp.app

Validate /tmp/boazapp-acceptance-snapshot-sim/Build/Products/Debug-iphonesimulator/boazapp.app (in target 'boazapp' from project 'boazapp')
    cd /tmp/boazapp-acceptance-source
    builtin-validationUtility /tmp/boazapp-acceptance-snapshot-sim/Build/Products/Debug-iphonesimulator/boazapp.app -shallow-bundle -infoplist-subpath Info.plist

Touch /tmp/boazapp-acceptance-snapshot-sim/Build/Products/Debug-iphonesimulator/boazapp.app (in target 'boazapp' from project 'boazapp')
    cd /tmp/boazapp-acceptance-source
    /usr/bin/touch -c /tmp/boazapp-acceptance-snapshot-sim/Build/Products/Debug-iphonesimulator/boazapp.app

PruneExplicitPrecompiledModules /tmp/boazapp-acceptance-snapshot-sim/SDKExplicitPrecompiledModules

PruneExplicitPrecompiledModules /tmp/boazapp-acceptance-snapshot-sim/Build/Intermediates.noindex/SwiftExplicitPrecompiledModules

PruneExplicitPrecompiledModules /tmp/boazapp-acceptance-snapshot-sim/Build/Intermediates.noindex/ExplicitPrecompiledModules

2026-09-18 16:48:25.935163+0800 boazapp[78918:10423815] [General] Failed to send CA Event for app launch measurements for ca_event_type: 0 event_name: com.apple.app_launch_measurement.FirstFramePresentationMetric
2026-09-18 16:48:26.014989+0800 boazapp[78918:10423814] [General] Failed to send CA Event for app launch measurements for ca_event_type: 1 event_name: com.apple.app_launch_measurement.ExtendedLaunchMetrics
Test Suite 'All tests' started at 2026-09-18 16:48:26.103.
Test Suite 'boazappTests.xctest' started at 2026-09-18 16:48:26.104.
Test Suite 'ActivityDayTests' started at 2026-09-18 16:48:26.104.
Test Case '-[boazappTests.ActivityDayTests testBothBoundsAttachGregorianCalendarAndConstructRealHealthKitPredicate]' started.
Test Case '-[boazappTests.ActivityDayTests testBothBoundsAttachGregorianCalendarAndConstructRealHealthKitPredicate]' passed (0.002 seconds).
Test Case '-[boazappTests.ActivityDayTests testLocalDateLabelsAcrossDSTAndLeapDayUseTheExplicitZone]' started.
Test Case '-[boazappTests.ActivityDayTests testLocalDateLabelsAcrossDSTAndLeapDayUseTheExplicitZone]' passed (0.001 seconds).
Test Case '-[boazappTests.ActivityDayTests testThirtyDaySpanIsAllowedButReversedAndLongerRangesAreRejected]' started.
Test Case '-[boazappTests.ActivityDayTests testThirtyDaySpanIsAllowedButReversedAndLongerRangesAreRejected]' passed (0.001 seconds).
Test Suite 'ActivityDayTests' passed at 2026-09-18 16:48:26.109.
	 Executed 3 tests, with 0 failures (0 unexpected) in 0.004 (0.005) seconds
Test Suite 'HealthUnitTests' started at 2026-09-18 16:48:26.109.
Test Case '-[boazappTests.HealthUnitTests testActivitySummaryPredicateHasCalendarAcrossYearBoundary]' started.
Test Case '-[boazappTests.HealthUnitTests testActivitySummaryPredicateHasCalendarAcrossYearBoundary]' passed (0.000 seconds).
Test Case '-[boazappTests.HealthUnitTests testCountsPressureAndTimeHaveExplicitUnits]' started.
Test Case '-[boazappTests.HealthUnitTests testCountsPressureAndTimeHaveExplicitUnits]' passed (0.001 seconds).
Test Case '-[boazappTests.HealthUnitTests testMassDistanceAndEnergyConversions]' started.
Test Case '-[boazappTests.HealthUnitTests testMassDistanceAndEnergyConversions]' passed (0.001 seconds).
Test Case '-[boazappTests.HealthUnitTests testPercentagesAndHRVConvertOnce]' started.
Test Case '-[boazappTests.HealthUnitTests testPercentagesAndHRVConvertOnce]' passed (0.000 seconds).
Test Case '-[boazappTests.HealthUnitTests testWristTemperatureIsAbsoluteCelsius]' started.
Test Case '-[boazappTests.HealthUnitTests testWristTemperatureIsAbsoluteCelsius]' passed (0.000 seconds).
Test Suite 'HealthUnitTests' passed at 2026-09-18 16:48:26.112.
	 Executed 5 tests, with 0 failures (0 unexpected) in 0.003 (0.004) seconds
Test Suite 'LocalLedgerTests' started at 2026-09-18 16:48:26.113.
Test Case '-[boazappTests.LocalLedgerTests testActivityRevisionAndRetrySurviveDatabaseReopen]' started.
Test Case '-[boazappTests.LocalLedgerTests testActivityRevisionAndRetrySurviveDatabaseReopen]' passed (0.010 seconds).
Test Case '-[boazappTests.LocalLedgerTests testBoundedBatchAndStableRetryBody]' started.
Test Case '-[boazappTests.LocalLedgerTests testBoundedBatchAndStableRetryBody]' passed (0.327 seconds).
Test Case '-[boazappTests.LocalLedgerTests testByteBoundAndOversizedEventRetainTheQueue]' started.
Test Case '-[boazappTests.LocalLedgerTests testByteBoundAndOversizedEventRetainTheQueue]' passed (0.015 seconds).
Test Case '-[boazappTests.LocalLedgerTests testFailedPageDoesNotAdvanceAnchor]' started.
Test Case '-[boazappTests.LocalLedgerTests testFailedPageDoesNotAdvanceAnchor]' passed (0.005 seconds).
Test Case '-[boazappTests.LocalLedgerTests testHealthDirectoryIsExcludedFromSystemBackups]' started.
Test Case '-[boazappTests.LocalLedgerTests testHealthDirectoryIsExcludedFromSystemBackups]' passed (0.004 seconds).
Test Case '-[boazappTests.LocalLedgerTests testMetricsConfirmationIsBoundToStoredBatch]' started.
Test Case '-[boazappTests.LocalLedgerTests testMetricsConfirmationIsBoundToStoredBatch]' passed (0.006 seconds).
Test Case '-[boazappTests.LocalLedgerTests testNewDeletionSurvivesOldBatchReceipt]' started.
Test Case '-[boazappTests.LocalLedgerTests testNewDeletionSurvivesOldBatchReceipt]' passed (0.006 seconds).
Test Case '-[boazappTests.LocalLedgerTests testRetryBackoffSurvivesReopen]' started.
Test Case '-[boazappTests.LocalLedgerTests testRetryBackoffSurvivesReopen]' passed (0.005 seconds).
Test Case '-[boazappTests.LocalLedgerTests testUnboundReceiptsCannotAdvanceLocalState]' started.
Test Case '-[boazappTests.LocalLedgerTests testUnboundReceiptsCannotAdvanceLocalState]' passed (0.005 seconds).
Test Case '-[boazappTests.LocalLedgerTests testUploadDoesNotStartWithoutSeparateConsent]' started.
Test Case '-[boazappTests.LocalLedgerTests testUploadDoesNotStartWithoutSeparateConsent]' passed (0.006 seconds).
Test Suite 'LocalLedgerTests' passed at 2026-09-18 16:48:26.504.
	 Executed 10 tests, with 0 failures (0 unexpected) in 0.390 (0.392) seconds
Test Suite 'SleepAnalyzerTests' started at 2026-09-18 16:48:26.504.
Test Case '-[boazappTests.SleepAnalyzerTests testAwakePriorityAndPartialInBedIntersection]' started.
Test Case '-[boazappTests.SleepAnalyzerTests testAwakePriorityAndPartialInBedIntersection]' passed (0.001 seconds).
Test Case '-[boazappTests.SleepAnalyzerTests testDeleteAndBadStageAreIgnored]' started.
Test Case '-[boazappTests.SleepAnalyzerTests testDeleteAndBadStageAreIgnored]' passed (0.000 seconds).
Test Case '-[boazappTests.SleepAnalyzerTests testDetailedSourceWinsUnspecifiedOverlap]' started.
Test Case '-[boazappTests.SleepAnalyzerTests testDetailedSourceWinsUnspecifiedOverlap]' passed (0.000 seconds).
Test Case '-[boazappTests.SleepAnalyzerTests testEqualCoverageUsesStableSourceTieBreak]' started.
Test Case '-[boazappTests.SleepAnalyzerTests testEqualCoverageUsesStableSourceTieBreak]' passed (0.000 seconds).
Test Case '-[boazappTests.SleepAnalyzerTests testInvalidDurationsAndExactSessionGap]' started.
Test Case '-[boazappTests.SleepAnalyzerTests testInvalidDurationsAndExactSessionGap]' passed (0.003 seconds).
Test Case '-[boazappTests.SleepAnalyzerTests testLatestCompletedDoesNotUseOpenSession]' started.
Test Case '-[boazappTests.SleepAnalyzerTests testLatestCompletedDoesNotUseOpenSession]' passed (0.000 seconds).
Test Case '-[boazappTests.SleepAnalyzerTests testOverlapsCountEachMinuteOnlyOnce]' started.
Test Case '-[boazappTests.SleepAnalyzerTests testOverlapsCountEachMinuteOnlyOnce]' passed (0.000 seconds).
Test Case '-[boazappTests.SleepAnalyzerTests testTwoNightsAndNapAreSeparate]' started.
Test Case '-[boazappTests.SleepAnalyzerTests testTwoNightsAndNapAreSeparate]' passed (0.000 seconds).
Test Suite 'SleepAnalyzerTests' passed at 2026-09-18 16:48:26.511.
	 Executed 8 tests, with 0 failures (0 unexpected) in 0.005 (0.006) seconds
Test Suite 'SleepHistoryTests' started at 2026-09-18 16:48:26.511.
Test Case '-[boazappTests.SleepHistoryTests testCancellationKeepsPriorDerivedRows]' started.
2026-09-18 16:48:26.514737+0800 boazapp[78918:10423813] [logging] BUG IN CLIENT OF libsqlite3.dylib: database integrity compromised by API violation: vnode unlinked while in use: /Users/beckliu/Library/Developer/CoreSimulator/Devices/84EB8BA7-1EDD-43D4-9FEE-C0FB736E5D2A/data/Containers/Data/Application/171FE2CB-866B-4465-B04A-046D204C2E97/tmp/7233159A-96DE-4FE4-9BB0-284FA4975265/health.sqlite
2026-09-18 16:48:26.514761+0800 boazapp[78918:10423819] [logging] BUG IN CLIENT OF libsqlite3.dylib: database integrity compromised by API violation: vnode unlinked while in use: /Users/beckliu/Library/Developer/CoreSimulator/Devices/84EB8BA7-1EDD-43D4-9FEE-C0FB736E5D2A/data/Containers/Data/Application/171FE2CB-866B-4465-B04A-046D204C2E97/tmp/7233159A-96DE-4FE4-9BB0-284FA4975265/health.sqlite-wal
2026-09-18 16:48:26.514787+0800 boazapp[78918:10423816] [logging] BUG IN CLIENT OF libsqlite3.dylib: database integrity compromised by API violation: vnode unlinked while in use: /Users/beckliu/Library/Developer/CoreSimulator/Devices/84EB8BA7-1EDD-43D4-9FEE-C0FB736E5D2A/data/Containers/Data/Application/171FE2CB-866B-4465-B04A-046D204C2E97/tmp/7233159A-96DE-4FE4-9BB0-284FA4975265/health.sqlite-shm
2026-09-18 16:48:26.514790+0800 boazapp[78918:10423813] [logging] invalidated open fd: 11 (0x11)
2026-09-18 16:48:26.514806+0800 boazapp[78918:10423819] [logging] invalidated open fd: 12 (0x11)
2026-09-18 16:48:26.514818+0800 boazapp[78918:10423816] [logging] invalidated open fd: 13 (0x11)
Test Case '-[boazappTests.SleepHistoryTests testCancellationKeepsPriorDerivedRows]' passed (0.004 seconds).
Test Case '-[boazappTests.SleepHistoryTests testConcurrentHistoryChangeCannotPrunePriorDerivedRows]' started.
2026-09-18 16:48:26.519722+0800 boazapp[78918:10423816] [logging] BUG IN CLIENT OF libsqlite3.dylib: database integrity compromised by API violation: vnode unlinked while in use: /Users/beckliu/Library/Developer/CoreSimulator/Devices/84EB8BA7-1EDD-43D4-9FEE-C0FB736E5D2A/data/Containers/Data/Application/171FE2CB-866B-4465-B04A-046D204C2E97/tmp/512EB2DF-E59D-4F11-9831-EF5C3E3210A0/health.sqlite
2026-09-18 16:48:26.519745+0800 boazapp[78918:10423819] [logging] BUG IN CLIENT OF libsqlite3.dylib: database integrity compromised by API violation: vnode unlinked while in use: /Users/beckliu/Library/Developer/CoreSimulator/Devices/84EB8BA7-1EDD-43D4-9FEE-C0FB736E5D2A/data/Containers/Data/Application/171FE2CB-866B-4465-B04A-046D204C2E97/tmp/512EB2DF-E59D-4F11-9831-EF5C3E3210A0/health.sqlite-wal
2026-09-18 16:48:26.519768+0800 boazapp[78918:10423816] [logging] invalidated open fd: 11 (0x11)
2026-09-18 16:48:26.519772+0800 boazapp[78918:10423814] [logging] BUG IN CLIENT OF libsqlite3.dylib: database integrity compromised by API violation: vnode unlinked while in use: /Users/beckliu/Library/Developer/CoreSimulator/Devices/84EB8BA7-1EDD-43D4-9FEE-C0FB736E5D2A/data/Containers/Data/Application/171FE2CB-866B-4465-B04A-046D204C2E97/tmp/512EB2DF-E59D-4F11-9831-EF5C3E3210A0/health.sqlite-shm
2026-09-18 16:48:26.519774+0800 boazapp[78918:10423819] [logging] invalidated open fd: 12 (0x11)
2026-09-18 16:48:26.519803+0800 boazapp[78918:10423814] [logging] invalidated open fd: 13 (0x11)
Test Case '-[boazappTests.SleepHistoryTests testConcurrentHistoryChangeCannotPrunePriorDerivedRows]' passed (0.005 seconds).
Test Case '-[boazappTests.SleepHistoryTests testHistoryKeysetDoesNotSkipEqualTimestampsOrExactBoundary]' started.
2026-09-18 16:48:26.541637+0800 boazapp[78918:10423814] [logging] BUG IN CLIENT OF libsqlite3.dylib: database integrity compromised by API violation: vnode unlinked while in use: /Users/beckliu/Library/Developer/CoreSimulator/Devices/84EB8BA7-1EDD-43D4-9FEE-C0FB736E5D2A/data/Containers/Data/Application/171FE2CB-866B-4465-B04A-046D204C2E97/tmp/E8A795C5-33DD-4FDD-96BE-564A84B4372C/health.sqlite
2026-09-18 16:48:26.541660+0800 boazapp[78918:10423816] [logging] BUG IN CLIENT OF libsqlite3.dylib: database integrity compromised by API violation: vnode unlinked while in use: /Users/beckliu/Library/Developer/CoreSimulator/Devices/84EB8BA7-1EDD-43D4-9FEE-C0FB736E5D2A/data/Containers/Data/Application/171FE2CB-866B-4465-B04A-046D204C2E97/tmp/E8A795C5-33DD-4FDD-96BE-564A84B4372C/health.sqlite-wal
2026-09-18 16:48:26.541676+0800 boazapp[78918:10423814] [logging] invalidated open fd: 11 (0x11)
2026-09-18 16:48:26.541684+0800 boazapp[78918:10423813] [logging] BUG IN CLIENT OF libsqlite3.dylib: database integrity compromised by API violation: vnode unlinked while in use: /Users/beckliu/Library/Developer/CoreSimulator/Devices/84EB8BA7-1EDD-43D4-9FEE-C0FB736E5D2A/data/Containers/Data/Application/171FE2CB-866B-4465-B04A-046D204C2E97/tmp/E8A795C5-33DD-4FDD-96BE-564A84B4372C/health.sqlite-shm
2026-09-18 16:48:26.541692+0800 boazapp[78918:10423816] [logging] invalidated open fd: 12 (0x11)
2026-09-18 16:48:26.541716+0800 boazapp[78918:10423813] [logging] invalidated open fd: 13 (0x11)
Test Case '-[boazappTests.SleepHistoryTests testHistoryKeysetDoesNotSkipEqualTimestampsOrExactBoundary]' passed (0.022 seconds).
Test Case '-[boazappTests.SleepHistoryTests testLatePageDecodeFailureKeepsPriorDerivedRows]' started.
2026-09-18 16:48:26.556328+0800 boazapp[78918:10423814] [logging] BUG IN CLIENT OF libsqlite3.dylib: database integrity compromised by API violation: vnode unlinked while in use: /Users/beckliu/Library/Developer/CoreSimulator/Devices/84EB8BA7-1EDD-43D4-9FEE-C0FB736E5D2A/data/Containers/Data/Application/171FE2CB-866B-4465-B04A-046D204C2E97/tmp/B87A4B55-F954-4484-9FEE-6FB601D3AB30/health.sqlite
2026-09-18 16:48:26.556352+0800 boazapp[78918:10423819] [logging] BUG IN CLIENT OF libsqlite3.dylib: database integrity compromised by API violation: vnode unlinked while in use: /Users/beckliu/Library/Developer/CoreSimulator/Devices/84EB8BA7-1EDD-43D4-9FEE-C0FB736E5D2A/data/Containers/Data/Application/171FE2CB-866B-4465-B04A-046D204C2E97/tmp/B87A4B55-F954-4484-9FEE-6FB601D3AB30/health.sqlite-wal
2026-09-18 16:48:26.556368+0800 boazapp[78918:10423814] [logging] invalidated open fd: 11 (0x11)
2026-09-18 16:48:26.556379+0800 boazapp[78918:10423813] [logging] BUG IN CLIENT OF libsqlite3.dylib: database integrity compromised by API violation: vnode unlinked while in use: /Users/beckliu/Library/Developer/CoreSimulator/Devices/84EB8BA7-1EDD-43D4-9FEE-C0FB736E5D2A/data/Containers/Data/Application/171FE2CB-866B-4465-B04A-046D204C2E97/tmp/B87A4B55-F954-4484-9FEE-6FB601D3AB30/health.sqlite-shm
2026-09-18 16:48:26.556381+0800 boazapp[78918:10423819] [logging] invalidated open fd: 12 (0x11)
2026-09-18 16:48:26.556400+0800 boazapp[78918:10423813] [logging] invalidated open fd: 13 (0x11)
Test Case '-[boazappTests.SleepHistoryTests testLatePageDecodeFailureKeepsPriorDerivedRows]' passed (0.015 seconds).
Test Case '-[boazappTests.SleepHistoryTests testLatestCompletedDoesNotReturnPartialHistoryOnCancellationOrDecodeFailure]' started.
2026-09-18 16:48:26.570140+0800 boazapp[78918:10423813] [logging] BUG IN CLIENT OF libsqlite3.dylib: database integrity compromised by API violation: vnode unlinked while in use: /Users/beckliu/Library/Developer/CoreSimulator/Devices/84EB8BA7-1EDD-43D4-9FEE-C0FB736E5D2A/data/Containers/Data/Application/171FE2CB-866B-4465-B04A-046D204C2E97/tmp/28F00CF5-0516-41D3-8E87-6A273D2B6059/health.sqlite
2026-09-18 16:48:26.570166+0800 boazapp[78918:10423814] [logging] BUG IN CLIENT OF libsqlite3.dylib: database integrity compromised by API violation: vnode unlinked while in use: /Users/beckliu/Library/Developer/CoreSimulator/Devices/84EB8BA7-1EDD-43D4-9FEE-C0FB736E5D2A/data/Containers/Data/Application/171FE2CB-866B-4465-B04A-046D204C2E97/tmp/28F00CF5-0516-41D3-8E87-6A273D2B6059/health.sqlite-wal
2026-09-18 16:48:26.570173+0800 boazapp[78918:10423813] [logging] invalidated open fd: 11 (0x11)
2026-09-18 16:48:26.570195+0800 boazapp[78918:10423816] [logging] BUG IN CLIENT OF libsqlite3.dylib: database integrity compromised by API violation: vnode unlinked while in use: /Users/beckliu/Library/Developer/CoreSimulator/Devices/84EB8BA7-1EDD-43D4-9FEE-C0FB736E5D2A/data/Containers/Data/Application/171FE2CB-866B-4465-B04A-046D204C2E97/tmp/28F00CF5-0516-41D3-8E87-6A273D2B6059/health.sqlite-shm
2026-09-18 16:48:26.570199+0800 boazapp[78918:10423814] [logging] invalidated open fd: 12 (0x11)
2026-09-18 16:48:26.570226+0800 boazapp[78918:10423816] [logging] invalidated open fd: 13 (0x11)
Test Case '-[boazappTests.SleepHistoryTests testLatestCompletedDoesNotReturnPartialHistoryOnCancellationOrDecodeFailure]' passed (0.014 seconds).
Test Case '-[boazappTests.SleepHistoryTests testLatestCompletedPrefersLastMainSleepOverNapAndRecentUnsettledSession]' started.
2026-09-18 16:48:26.574832+0800 boazapp[78918:10423813] [logging] BUG IN CLIENT OF libsqlite3.dylib: database integrity compromised by API violation: vnode unlinked while in use: /Users/beckliu/Library/Developer/CoreSimulator/Devices/84EB8BA7-1EDD-43D4-9FEE-C0FB736E5D2A/data/Containers/Data/Application/171FE2CB-866B-4465-B04A-046D204C2E97/tmp/A9CC251E-28C5-4C4E-A6FD-F7FC3A8D687E/health.sqlite
2026-09-18 16:48:26.574860+0800 boazapp[78918:10423816] [logging] BUG IN CLIENT OF libsqlite3.dylib: database integrity compromised by API violation: vnode unlinked while in use: /Users/beckliu/Library/Developer/CoreSimulator/Devices/84EB8BA7-1EDD-43D4-9FEE-C0FB736E5D2A/data/Containers/Data/Application/171FE2CB-866B-4465-B04A-046D204C2E97/tmp/A9CC251E-28C5-4C4E-A6FD-F7FC3A8D687E/health.sqlite-wal
2026-09-18 16:48:26.574866+0800 boazapp[78918:10423813] [logging] invalidated open fd: 11 (0x11)
2026-09-18 16:48:26.574887+0800 boazapp[78918:10423819] [logging] BUG IN CLIENT OF libsqlite3.dylib: database integrity compromised by API violation: vnode unlinked while in use: /Users/beckliu/Library/Developer/CoreSimulator/Devices/84EB8BA7-1EDD-43D4-9FEE-C0FB736E5D2A/data/Containers/Data/Application/171FE2CB-866B-4465-B04A-046D204C2E97/tmp/A9CC251E-28C5-4C4E-A6FD-F7FC3A8D687E/health.sqlite-shm
2026-09-18 16:48:26.574891+0800 boazapp[78918:10423816] [logging] invalidated open fd: 12 (0x11)
2026-09-18 16:48:26.574908+0800 boazapp[78918:10423819] [logging] invalidated open fd: 13 (0x11)
Test Case '-[boazappTests.SleepHistoryTests testLatestCompletedPrefersLastMainSleepOverNapAndRecentUnsettledSession]' passed (0.005 seconds).
Test Case '-[boazappTests.SleepHistoryTests testLatestCompletedReadsOlderThanSevenDaysAndMoreThan10000SamplesInOneSession]' started.
2026-09-18 16:48:26.857009+0800 boazapp[78918:10423816] [logging] BUG IN CLIENT OF libsqlite3.dylib: database integrity compromised by API violation: vnode unlinked while in use: /Users/beckliu/Library/Developer/CoreSimulator/Devices/84EB8BA7-1EDD-43D4-9FEE-C0FB736E5D2A/data/Containers/Data/Application/171FE2CB-866B-4465-B04A-046D204C2E97/tmp/AF76336A-8579-400B-A5AA-0D50C20263FA/health.sqlite
2026-09-18 16:48:26.857037+0800 boazapp[78918:10423819] [logging] BUG IN CLIENT OF libsqlite3.dylib: database integrity compromised by API violation: vnode unlinked while in use: /Users/beckliu/Library/Developer/CoreSimulator/Devices/84EB8BA7-1EDD-43D4-9FEE-C0FB736E5D2A/data/Containers/Data/Application/171FE2CB-866B-4465-B04A-046D204C2E97/tmp/AF76336A-8579-400B-A5AA-0D50C20263FA/health.sqlite-wal
2026-09-18 16:48:26.857062+0800 boazapp[78918:10423814] [logging] BUG IN CLIENT OF libsqlite3.dylib: database integrity compromised by API violation: vnode unlinked while in use: /Users/beckliu/Library/Developer/CoreSimulator/De2026-09-18 16:48:26.857076+0800 boazapp[78918:10423819] [logging] invalidated open fd: 12 (0x11)
2026-09-18 16:48:26.857080+0800 boazapp[78918:10423816] [logging] invalidated open fd: 11 (0x11)
vices/84EB8BA7-1EDD-43D4-9FEE-C0FB736E5D2A/data/Containers/Data/Application/171FE2CB-866B-4465-B04A-046D204C2E97/tmp/AF76336A-8579-400B-A5AA-0D50C20263FA/health.sqlite-shm
2026-09-18 16:48:26.857111+0800 boazapp[78918:10423814] [logging] invalidated open fd: 13 (0x11)
Test Case '-[boazappTests.SleepHistoryTests testLatestCompletedReadsOlderThanSevenDaysAndMoreThan10000SamplesInOneSession]' passed (0.282 seconds).
Test Case '-[boazappTests.SleepHistoryTests testLatestCompletedUsesMostRecentNapWhenNoMainSleepExists]' started.
2026-09-18 16:48:26.862433+0800 boazapp[78918:10423814] [logging] BUG IN CLIENT OF libsqlite3.dylib: database integrity compromised by API violation: vnode unlinked while in use: /Users/beckliu/Library/Developer/CoreSimulator/Devices/84EB8BA7-1EDD-43D4-9FEE-C0FB736E5D2A/data/Containers/Data/Application/171FE2CB-866B-4465-B04A-046D204C2E97/tmp/FCFCB001-971E-4398-8241-A934492B6364/health.sqlite
2026-09-18 16:48:26.862453+0800 boazapp[78918:10423816] [logging] BUG IN CLIENT OF libsqlite3.dylib: database integrity compromised by API violation: vnode unlinked while in use: /Users/beckliu/Library/Developer/CoreSimulator/Devices/84EB8BA7-1EDD-43D4-9FEE-C0FB736E5D2A/data/Containers/Data/Application/171FE2CB-866B-4465-B04A-046D204C2E97/tmp/FCFCB001-971E-4398-8241-A934492B6364/health.sqlite-wal
2026-09-18 16:48:26.862468+0800 boazapp[78918:10423814] [logging] invalidated open fd: 11 (0x11)
2026-09-18 16:48:26.862477+0800 boazapp[78918:10423816] [logging] invalidated open fd: 12 (0x11)
2026-09-18 16:48:26.862481+0800 boazapp[78918:10423813] [logging] BUG IN CLIENT OF libsqlite3.dylib: database integrity compromised by API violation: vnode unlinked while in use: /Users/beckliu/Library/Developer/CoreSimulator/Devices/84EB8BA7-1EDD-43D4-9FEE-C0FB736E5D2A/data/Containers/Data/Application/171FE2CB-866B-4465-B04A-046D204C2E97/tmp/FCFCB001-971E-4398-8241-A934492B6364/health.sqlite-shm
2026-09-18 16:48:26.862504+0800 boazapp[78918:10423813] [logging] invalidated open fd: 13 (0x11)
Test Case '-[boazappTests.SleepHistoryTests testLatestCompletedUsesMostRecentNapWhenNoMainSleepExists]' passed (0.005 seconds).
Test Case '-[boazappTests.SleepHistoryTests testMoreThan100000PersistedSamplesDeriveEveryNightAndRemoveOnlyStaleDay]' started.
2026-09-18 16:48:30.878071+0800 boazapp[78918:10423816] [logging] BUG IN CLIENT OF libsqlite3.dylib: database integrity compromised by API violation: vnode unlinked while in use: /Users/beckliu/Library/Developer/CoreSimulator/Devices/84EB8BA7-1EDD-43D4-9FEE-C0FB736E5D2A/data/Containers/Data/Application/171FE2CB-866B-4465-B04A-046D204C2E97/tmp/938CC1BE-AE09-4CE7-BE3E-6BD33779EA1A/health.sqlite
2026-09-18 16:48:30.878104+0800 boazapp[78918:10423813] [logging] BUG IN CLIENT OF libsqlite3.dylib: database integrity compromised by API violation: vnode unlinked while in use: /Users/beckliu/Library/Developer/CoreSimulator/Devices/84EB8BA7-1EDD-43D4-9FEE-C0FB736E5D2A/data/Containers/Data/Application/171FE2CB-866B-4465-B04A-046D204C2E97/tmp/938CC1BE-AE09-4CE7-BE3E-6BD33779EA1A/health.sqlite-wal
2026-09-18 16:48:30.878139+0800 boazapp[78918:10423814] [logging] BUG IN CLIENT OF libsqlite3.dylib: database integrity compromised by API violation: vnode unlinked while in use: /Users/beckliu/Library/Developer/CoreSimulator/Devices/84EB8BA7-1EDD-43D4-9FEE-C0FB736E5D2A/data/Containers/Data/Application/171FE2CB-866B-4465-B04A-046D204C2E97/tmp/938CC1BE-AE09-4CE7-BE3E-6BD33779EA1A/health.sqlite-shm
2026-09-18 16:48:30.878142+0800 boazapp[78918:10423813] [logging] invalidated open fd: 12 (0x11)
2026-09-18 16:48:30.878145+0800 boazapp[78918:10423816] [logging] invalidated open fd: 11 (0x11)
2026-09-18 16:48:30.878175+0800 boazapp[78918:10423814] [logging] invalidated open fd: 13 (0x11)
Test Case '-[boazappTests.SleepHistoryTests testMoreThan100000PersistedSamplesDeriveEveryNightAndRemoveOnlyStaleDay]' passed (4.016 seconds).
Test Case '-[boazappTests.SleepHistoryTests testSessionSpanningPagesKeepsOverlapRulesAndExcludesNap]' started.
Test Case '-[boazappTests.SleepHistoryTests testSessionSpanningPagesKeepsOverlapRulesAndExcludesNap]' passed (0.000 seconds).
Test Suite 'SleepHistoryTests' passed at 2026-09-18 16:48:30.880.
	 Executed 10 tests, with 0 failures (0 unexpected) in 4.368 (4.370) seconds
Test Suite 'SleepVitalWindowTests' started at 2026-09-18 16:48:30.881.
Test Case '-[boazappTests.SleepVitalWindowTests testMeasuredZeroIsNotMissingAndWindowIsInclusive]' started.
Test Case '-[boazappTests.SleepVitalWindowTests testMeasuredZeroIsNotMissingAndWindowIsInclusive]' passed (0.006 seconds).
Test Case '-[boazappTests.SleepVitalWindowTests testOvernightAverageUsesCompleteIntervalDespiteLaterHistory]' started.
Test Case '-[boazappTests.SleepVitalWindowTests testOvernightAverageUsesCompleteIntervalDespiteLaterHistory]' passed (3.592 seconds).
Test Suite 'SleepVitalWindowTests' passed at 2026-09-18 16:48:34.479.
	 Executed 2 tests, with 0 failures (0 unexpected) in 3.598 (3.599) seconds
Test Suite 'TokyoEndpointTests' started at 2026-09-18 16:48:34.479.
Test Case '-[boazappTests.TokyoEndpointTests testCredentialsPathQueryFragmentAndOtherPortsAreRejected]' started.
Test Case '-[boazappTests.TokyoEndpointTests testCredentialsPathQueryFragmentAndOtherPortsAreRejected]' passed (0.001 seconds).
Test Case '-[boazappTests.TokyoEndpointTests testEveryRedirectIsRejectedWithoutStartingAnyNetworkTask]' started.
Test Case '-[boazappTests.TokyoEndpointTests testEveryRedirectIsRejectedWithoutStartingAnyNetworkTask]' passed (0.004 seconds).
Test Case '-[boazappTests.TokyoEndpointTests testPrivateHTTPSRootOriginsAreAccepted]' started.
Test Case '-[boazappTests.TokyoEndpointTests testPrivateHTTPSRootOriginsAreAccepted]' passed (0.000 seconds).
Test Case '-[boazappTests.TokyoEndpointTests testPublicLookalikeAndNonHTTPSOriginsAreRejected]' started.
Test Case '-[boazappTests.TokyoEndpointTests testPublicLookalikeAndNonHTTPSOriginsAreRejected]' passed (0.000 seconds).
Test Case '-[boazappTests.TokyoEndpointTests testSyntheticUploadUsesPrivateEndpointExactBytesAndStableRetryIdentity]' started.
Test Case '-[boazappTests.TokyoEndpointTests testSyntheticUploadUsesPrivateEndpointExactBytesAndStableRetryIdentity]' passed (0.009 seconds).
Test Suite 'TokyoEndpointTests' passed at 2026-09-18 16:48:34.494.
	 Executed 5 tests, with 0 failures (0 unexpected) in 0.014 (0.015) seconds
Test Suite 'WorkoutDetailDispatcherTests' started at 2026-09-18 16:48:34.494.
Test Case '-[boazappTests.WorkoutDetailDispatcherTests testPartialChildPageRemainsSavedAndReportedWhenLaterQueryFails]' started.
2026-09-18 16:48:34.501213+0800 boazapp[78918:10423814] [logging] BUG IN CLIENT OF libsqlite3.dylib: database integrity compromised by API violation: vnode unlinked while in use: /Users/beckliu/Library/Developer/CoreSimulator/Devices/84EB8BA7-1EDD-43D4-9FEE-C0FB736E5D2A/data/Containers/Data/Application/171FE2CB-866B-4465-B04A-046D204C2E97/tmp/44EC2537-6E17-4051-8D54-32CFBE562146/health.sqlite
2026-09-18 16:48:34.501239+0800 boazapp[78918:10423815] [logging] BUG IN CLIENT OF libsqlite3.dylib: database integrity compromised by API violation: vnode unlinked while in use: /Users/beckliu/Library/Developer/CoreSimulator/Devices/84EB8BA7-1EDD-43D4-9FEE-C0FB736E5D2A/data/Containers/Data/Application/171FE2CB-866B-4465-B04A-046D204C2E97/tmp/44EC2537-6E17-4051-8D54-32CFBE562146/health.sqlite-wal
2026-09-18 16:48:34.501269+0800 boazapp[78918:10423814] [logging] invalidated open fd: 11 (0x11)
2026-09-18 16:48:34.501269+0800 boazapp[78918:10423816] [logging] BUG IN CLIENT OF libsqlite3.dylib: database integrity compromised by API violation: vnode unlinked while in use: /Users/beckliu/Library/Developer/CoreSimulator/Devices/84EB8BA7-1EDD-43D4-9FEE-C0FB736E5D2A/data/Containers/Data/Application/171FE2CB-866B-4465-B04A-046D204C2E97/tmp/44EC2537-6E17-4051-8D54-32CFBE562146/health.sqlite-shm
2026-09-18 16:48:34.501279+0800 boazapp[78918:10423815] [logging] invalidated open fd: 12 (0x11)
2026-09-18 16:48:34.501309+0800 boazapp[78918:10423816] [logging] invalidated open fd: 13 (0x11)
Test Case '-[boazappTests.WorkoutDetailDispatcherTests testPartialChildPageRemainsSavedAndReportedWhenLaterQueryFails]' passed (0.007 seconds).
Test Case '-[boazappTests.WorkoutDetailDispatcherTests testTwoThousandLimitIsPerPassAndRemainingHistoryFinishesNextPass]' started.
2026-09-18 16:48:35.294981+0800 boazapp[78918:10423816] [logging] BUG IN CLIENT OF libsqlite3.dylib: database integrity compromised by API violation: vnode unlinked while in use: /Users/beckliu/Library/Developer/CoreSimulator/Devices/84EB8BA7-1EDD-43D4-9FEE-C0FB736E5D2A/data/Containers/Data/Application/171FE2CB-866B-4465-B04A-046D204C2E97/tmp/1EFB80F6-DEDF-4542-850F-1721CBC48F43/health.sqlite
2026-09-18 16:48:35.295013+0800 boazapp[78918:10423818] [logging] BUG IN CLIENT OF libsqlite3.dylib: database integrity compromised by API violation: vnode unlinked while in use: /Users/beckliu/Library/Developer/CoreSimulator/Devices/84EB8BA7-1EDD-43D4-9FEE-C0FB736E5D2A/data/Containers/Data/Application/171FE2CB-866B-4465-B04A-046D204C2E97/tmp/1EFB80F6-DEDF-4542-850F-1721CBC48F43/health.sqlite-wal
2026-09-18 16:48:35.295033+0800 boazapp[78918:10423816] [logging] invalidated open fd: 11 (0x11)
2026-09-18 16:48:35.295045+0800 boazapp[78918:10423815] [logging] BUG IN CLIENT OF libsqlite3.dylib: database integrity compromised by API violation: vnode unlinked while in use: /Users/beckliu/Library/Developer/CoreSimulator/Devices/84EB8BA7-1EDD-43D4-9FEE-C0FB736E5D2A/data/Containers/Data/Application/171FE2CB-866B-4465-B04A-046D204C2E97/tmp/1EFB80F6-DEDF-4542-850F-1721CBC48F43/health.sqlite-shm
2026-09-18 16:48:35.295051+0800 boazapp[78918:10423818] [logging] invalidated open fd: 12 (0x11)
2026-09-18 16:48:35.295071+0800 boazapp[78918:10423815] [logging] invalidated open fd: 13 (0x11)
Test Case '-[boazappTests.WorkoutDetailDispatcherTests testTwoThousandLimitIsPerPassAndRemainingHistoryFinishesNextPass]' passed (0.794 seconds).
Test Case '-[boazappTests.WorkoutDetailDispatcherTests testUnavailableOldestWorkoutDoesNotStarveOthersAndRetriesAfterRestart]' started.
2026-09-18 16:48:35.302760+0800 boazapp[78918:10423815] [logging] BUG IN CLIENT OF libsqlite3.dylib: database integrity compromised by API violation: vnode unlinked while in use: /Users/beckliu/Library/Developer/CoreSimulator/Devices/84EB8BA7-1EDD-43D4-9FEE-C0FB736E5D2A/data/Containers/Data/Application/171FE2CB-866B-4465-B04A-046D204C2E97/tmp/BCB3BBCE-3111-418D-B3C4-331E7621352D/health.sqlite
2026-09-18 16:48:35.302781+0800 boazapp[78918:10423816] [logging] BUG IN CLIENT OF libsqlite3.dylib: database integrity compromised by API violation: vnode unlinked while in use: /Users/beckliu/Library/Developer/CoreSimulator/Devices/84EB8BA7-1EDD-43D4-9FEE-C0FB736E5D2A/data/Containers/Data/Application/171FE2CB-866B-4465-B04A-046D204C2E97/tmp/BCB3BBCE-3111-418D-B3C4-331E7621352D/health.sqlite-wal
2026-09-18 16:48:35.302810+0800 boazapp[78918:10423815] [logging] invalidated open fd: 11 (0x11)
2026-09-18 16:48:35.302813+0800 boazapp[78918:10423818] [logging] BUG IN CLIENT OF libsqlite3.dylib: database integrity compromised by API violation: vnode unlinked while in use: /Users/beckliu/Library/Developer/CoreSimulator/Devices/84EB8BA7-1EDD-43D4-9FEE-C0FB736E5D2A/data/Containers/Data/Application/171FE2CB-866B-4465-B04A-046D204C2E97/tmp/BCB3BBCE-3111-418D-B3C4-331E7621352D/health.sqlite-shm
2026-09-18 16:48:35.302816+0800 boazapp[78918:10423816] [logging] invalidated open fd: 12 (0x11)
2026-09-18 16:48:35.302954+0800 boazapp[78918:10423818] [logging] invalidated open fd: 13 (0x11)
Test Case '-[boazappTests.WorkoutDetailDispatcherTests testUnavailableOldestWorkoutDoesNotStarveOthersAndRetriesAfterRestart]' passed (0.008 seconds).
Test Case '-[boazappTests.WorkoutDetailDispatcherTests testWorkoutRevisionResetsRetryAndStartsFreshDetailScan]' started.
2026-09-18 16:48:35.308636+0800 boazapp[78918:10423815] [logging] BUG IN CLIENT OF libsqlite3.dylib: database integrity compromised by API violation: vnode unlinked while in use: /Users/beckliu/Library/Developer/CoreSimulator/Devices/84EB8BA7-1EDD-43D4-9FEE-C0FB736E5D2A/data/Containers/Data/Application/171FE2CB-866B-4465-B04A-046D204C2E97/tmp/CB9640C1-D518-4DC8-AEA0-1CAB7A077EA0/health.sqlite
2026-09-18 16:48:35.308668+0800 boazapp[78918:10423816] [logging] BUG IN CLIENT OF libsqlite3.dylib: database integrity compromised by API violation: vnode unlinked while in use: /Users/beckliu/Library/Developer/CoreSimulator/Devices/84EB8BA7-1EDD-43D4-9FEE-C0FB736E5D2A/data/Containers/Data/Application/171FE2CB-866B-4465-B04A-046D204C2E97/tmp/CB9640C1-D518-4DC8-AEA0-1CAB7A077EA0/health.sqlite-wal
2026-09-18 16:48:35.308692+0800 boazapp[78918:10423815] [logging] invalidated open fd: 11 (0x11)
2026-09-18 16:48:35.308699+0800 boazapp[78918:10423816] [logging] invalidated open fd: 12 (0x11)
2026-09-18 16:48:35.308701+0800 boazapp[78918:10423818] [logging] BUG IN CLIENT OF libsqlite3.dylib: database integrity compromised by API violation: vnode unlinked while in use: /Users/beckliu/Library/Developer/CoreSimulator/Devices/84EB8BA7-1EDD-43D4-9FEE-C0FB736E5D2A/data/Containers/Data/Application/171FE2CB-866B-4465-B04A-046D204C2E97/tmp/CB9640C1-D518-4DC8-AEA0-1CAB7A077EA0/health.sqlite-shm
2026-09-18 16:48:35.308729+0800 boazapp[78918:10423818] [logging] invalidated open fd: 13 (0x11)
Test Case '-[boazappTests.WorkoutDetailDispatcherTests testWorkoutRevisionResetsRetryAndStartsFreshDetailScan]' passed (0.006 seconds).
Test Suite 'WorkoutDetailDispatcherTests' passed at 2026-09-18 16:48:35.309.
	 Executed 4 tests, with 0 failures (0 unexpected) in 0.814 (0.815) seconds
Test Suite 'boazappTests.xctest' passed at 2026-09-18 16:48:35.310.
	 Executed 47 tests, with 0 failures (0 unexpected) in 9.196 (9.206) seconds
Test Suite 'All tests' passed at 2026-09-18 16:48:35.310.
	 Executed 47 tests, with 0 failures (0 unexpected) in 9.196 (9.206) seconds
2026-09-18 16:48:35.596 xcodebuild[78492:10420832] [MT] IDETestOperationsObserverDebug: 13.970 elapsed -- Testing started completed.
2026-09-18 16:48:35.596 xcodebuild[78492:10420832] [MT] IDETestOperationsObserverDebug: 0.000 sec, +0.000 sec -- start
2026-09-18 16:48:35.596 xcodebuild[78492:10420832] [MT] IDETestOperationsObserverDebug: 13.970 sec, +13.970 sec -- end

Test session results, code coverage, and logs:
	/tmp/boazapp-acceptance-20260918/ios-frozen-source.xcresult

** TEST SUCCEEDED **

Testing started
